"ADMIN_CODE","TOWN","COUNTY","CITY"
"441900005000",万江街道,东莞市,东莞
"441900109000",东坑镇,东莞市,东莞
"441900003000",东城街道,东莞市,东莞
"441900402000",东莞港,东莞市,东莞
"441900403000",东莞生态园,东莞市,东莞
"441900128000",中堂镇,东莞市,东莞
"441900105000",企石镇,东莞市,东莞
"441900117000",凤岗镇,东莞市,东莞
"441900004000",南城街道,东莞市,东莞
"441900122000",厚街镇,东莞市,东莞
"441900116000",塘厦镇,东莞市,东莞
"441900118000",大岭山镇,东莞市,东莞
"441900113000",大朗镇,东莞市,东莞
"441900111000",寮步镇,东莞市,东莞
"441900110000",常平镇,东莞市,东莞
"441900127000",望牛墩镇,东莞市,东莞
"441900401000",松山湖,东莞市,东莞
"441900107000",桥头镇,东莞市,东莞
"441900112000",樟木头镇,东莞市,东莞
"441900106000",横沥镇,东莞市,东莞
"441900123000",沙田镇,东莞市,东莞
"441900125000",洪梅镇,东莞市,东莞
"441900115000",清溪镇,东莞市,东莞
"441900104000",石排镇,东莞市,东莞
"441900101000",石碣镇,东莞市,东莞
"441900102000",石龙镇,东莞市,东莞
"441900103000",茶山镇,东莞市,东莞
"441900006000",莞城街道,东莞市,东莞
"441900121000",虎门镇,东莞市,东莞
"441900108000",谢岗镇,东莞市,东莞
"441900124000",道滘镇,东莞市,东莞
"441900119000",长安镇,东莞市,东莞
"441900129000",高埗镇,东莞市,东莞
"441900126000",麻涌镇,东莞市,东莞
"441900114000",黄江镇,东莞市,东莞
"442000114000",三乡镇,中山市,中山
"442000109000",三角镇,中山市,中山
"442000103000",东凤镇,中山市,中山
"442000002000",东区街道,中山市,中山
"442000104000",东升镇,中山市,中山
"442000003000",中山港街道,中山市,中山
"442000006000",五桂山街道,中山市,中山
"442000005000",南区街道,中山市,中山
"442000111000",南头镇,中山市,中山
"442000008000",南朗镇,中山市,中山
"442000105000",古镇镇,中山市,中山
"442000107000",坦洲镇,中山市,中山
"442000116000",大涌镇,中山市,中山
"442000118000",小榄镇,中山市,中山
"442000115000",板芙镇,中山市,中山
"442000110000",横栏镇,中山市,中山
"442000007000",民众镇,中山市,中山
"442000106000",沙溪镇,中山市,中山
"442000108000",港口镇,中山市,中山
"442000001000",石岐街道,中山市,中山
"442000117000",神湾镇,中山市,中山
"442000004000",西区街道,中山市,中山
"442000112000",阜沙镇,中山市,中山
"442000101000",黄圃镇,中山市,中山
"445302001000",云城街道,云城区,云浮
"445302105000",前锋镇,云城区,云浮
"445302106000",南盛镇,云城区,云浮
"445302004000",安塘街道,云城区,云浮
"445302103000",思劳镇,云城区,云浮
"445302003000",河口街道,云城区,云浮
"445302102000",腰古镇,云城区,云浮
"445302002000",高峰街道,云城区,云浮
"445303100000",六都镇,云安区,云浮
"445303104000",富林镇,云安区,云浮
"445303102000",白石镇,云安区,云浮
"445303105000",石城镇,云安区,云浮
"445303106000",都杨镇,云安区,云浮
"445303103000",镇安镇,云安区,云浮
"445303101000",高村镇,云安区,云浮
"445321105000",东成镇,新兴县,云浮
"445321502000",云浮市国有水台林场,新兴县,云浮
"445321115000",六祖镇,新兴县,云浮
"445321503000",国营新兴县岩头林场,新兴县,云浮
"445321110000",大江镇,新兴县,云浮
"445321112000",天堂镇,新兴县,云浮
"445321107000",太平镇,新兴县,云浮
"445321501000",广东省西江林业局良洞迳林场,新兴县,云浮
"445321100000",新城镇,新兴县,云浮
"445321103000",水台镇,新兴县,云浮
"445321113000",河头镇,新兴县,云浮
"445321104000",稔村镇,新兴县,云浮
"445321114000",簕竹镇,新兴县,云浮
"445321101000",车岗镇,新兴县,云浮
"445321108000",里洞镇,新兴县,云浮
"445381102000",分界镇,罗定市,云浮
"445381118000",加益镇,罗定市,云浮
"445381110000",华石镇,罗定市,云浮
"445381004000",双东街道,罗定市,云浮
"445381109000",围底镇,罗定市,云浮
"445381101000",太平镇,罗定市,云浮
"445381111000",榃滨镇,罗定市,云浮
"445381116000",泗纶镇,罗定市,云浮
"445381106000",满（lang）塘镇,罗定市,云浮
"445381114000",生江镇,罗定市,云浮
"445381002000",素龙街道,罗定市,云浮
"445381001000",罗城街道,罗定市,云浮
"445381400000",罗平农场,罗定市,云浮
"445381104000",罗平镇,罗定市,云浮
"445381100000",罗镜镇,罗定市,云浮
"445381105000",船步镇,罗定市,云浮
"445381107000",苹塘镇,罗定市,云浮
"445381115000",连州镇,罗定市,云浮
"445381108000",金鸡镇,罗定市,云浮
"445381003000",附城街道,罗定市,云浮
"445381113000",黎少镇,罗定市,云浮
"445381119000",龙湾镇,罗定市,云浮
"445322114000",东坝镇,郁南县,云浮
"445322110000",千官镇,郁南县,云浮
"445322117000",南江口镇,郁南县,云浮
"445322116000",历洞镇,郁南县,云浮
"445322403000",同乐林场,郁南县,云浮
"445322402000",大历林场,郁南县,云浮
"445322108000",大方镇,郁南县,云浮
"445322111000",大湾镇,郁南县,云浮
"445322113000",宋桂镇,郁南县,云浮
"445322106000",宝珠镇,郁南县,云浮
"445322101000",平台镇,郁南县,云浮
"445322105000",建城镇,郁南县,云浮
"445322102000",桂圩镇,郁南县,云浮
"445322112000",河口镇,郁南县,云浮
"445322400000",西江林场,郁南县,云浮
"445322115000",连滩镇,郁南县,云浮
"445322401000",通门林场,郁南县,云浮
"445322104000",通门镇,郁南县,云浮
"445322100000",都城镇,郁南县,云浮
"440607103000",乐平镇,三水区,佛山
"440607004000",云东海街道,三水区,佛山
"440607106000",南山镇,三水区,佛山
"440607101000",大塘镇,三水区,佛山
"440607404000",广州军区三水农场,三水区,佛山
"440607104000",白坭镇,三水区,佛山
"440607400000",省三水劳教所,三水区,佛山
"440607401000",省南丰劳教所,三水区,佛山
"440607402000",省女子劳教所,三水区,佛山
"440607403000",省第二戒毒劳教所,三水区,佛山
"440607105000",芦苞镇,三水区,佛山
"440607001000",西南街道,三水区,佛山
"440605123000",丹灶镇,南海区,佛山
"440605121000",九江镇,南海区,佛山
"440605125000",大沥镇,南海区,佛山
"440605011000",桂城街道,南海区,佛山
"440605124000",狮山镇,南海区,佛山
"440605122000",西樵镇,南海区,佛山
"440605126000",里水镇,南海区,佛山
"440604100000",南庄镇,禅城区,佛山
"440604011000",张槎街道,禅城区,佛山
"440604010000",石湾镇街道,禅城区,佛山
"440604012000",祖庙街道,禅城区,佛山
"440606103000",乐从镇,顺德区,佛山
"440606003000",伦教街道,顺德区,佛山
"440606004000",勒流街道,顺德区,佛山
"440606102000",北滘镇,顺德区,佛山
"440606106000",均安镇,顺德区,佛山
"440606005000",大良街道,顺德区,佛山
"440606006000",容桂街道,顺德区,佛山
"440606105000",杏坛镇,顺德区,佛山
"440606101000",陈村镇,顺德区,佛山
"440606104000",龙江镇,顺德区,佛山
"440608401000",云勇林场,高明区,佛山
"440608403000",佛山监狱,高明区,佛山
"440608402000",对川茶场,高明区,佛山
"440608107000",明城镇,高明区,佛山
"440608108000",更合镇,高明区,佛山
"440608106000",杨和镇,高明区,佛山
"440608004000",荷城街道,高明区,佛山
"440608400000",高明监狱,高明区,佛山
"440117107000",吕田镇,从化区,广州
"440117003000",城郊街道,从化区,广州
"440117405000",大岭山林场,从化区,广州
"440117111000",太平镇,从化区,广州
"440117002000",江埔街道,从化区,广州
"440117103000",温泉镇,从化区,广州
"440117104000",良口镇,从化区,广州
"440117001000",街口街道,从化区,广州
"440117113000",鳌头镇,从化区,广州
"440117404000",黄龙带水库,从化区,广州
"440115100000",万顷沙镇,南沙区,广州
"440115103000",东涌镇,南沙区,广州
"440115001000",南沙街道,南沙区,广州
"440115104000",大岗镇,南沙区,广州
"440115105000",榄核镇,南沙区,广州
"440115101000",横沥镇,南沙区,广州
"440115002000",珠江街道,南沙区,广州
"440115102000",黄阁镇,南沙区,广州
"440115003000",龙穴街道,南沙区,广州
"440118103000",中新镇,增城区,广州
"440118107000",仙村镇,增城区,广州
"440118002000",增江街道,增城区,广州
"440118006000",宁西街道,增城区,广州
"440118106000",小楼镇,增城区,广州
"440118101000",新塘镇,增城区,广州
"440118003000",朱村街道,增城区,广州
"440118104000",正果镇,增城区,广州
"440118004000",永宁街道,增城区,广州
"440118105000",派潭镇,增城区,广州
"440118102000",石滩镇,增城区,广州
"440118001000",荔城街道,增城区,广州
"440118005000",荔湖街道,增城区,广州
"440106001000",五山街道,天河区,广州
"440106015000",元岗街道,天河区,广州
"440106010000",兴华街道,天河区,广州
"440106014000",冼村街道,天河区,广州
"440106019000",凤凰街道,天河区,广州
"440106020000",前进街道,天河区,广州
"440106002000",员村街道,天河区,广州
"440106012000",天园街道,天河区,广州
"440106008000",天河南街道,天河区,广州
"440106022000",新塘街道,天河区,广州
"440106009000",林和街道,天河区,广州
"440106011000",棠下街道,天河区,广州
"440106007000",沙东街道,天河区,广州
"440106004000",沙河街道,天河区,广州
"440106013000",猎德街道,天河区,广州
"440106021000",珠吉街道,天河区,广州
"440106006000",石牌街道,天河区,广州
"440106003000",车陂街道,天河区,广州
"440106017000",长兴街道,天河区,广州
"440106016000",黄村街道,天河区,广州
"440106018000",龙洞街道,天河区,广州
"440105012000",凤阳街道,海珠区,广州
"440105017000",华洲街道,海珠区,广州
"440105008000",南华西街道,海珠区,广州
"440105016000",南洲街道,海珠区,广州
"440105011000",南石头街道,海珠区,广州
"440105018000",官洲街道,海珠区,广州
"440105002000",新港街道,海珠区,广州
"440105003000",昌岗街道,海珠区,广州
"440105004000",江南中街道,海珠区,广州
"440105014000",江海街道,海珠区,广州
"440105010000",沙园街道,海珠区,广州
"440105007000",海幢街道,海珠区,广州
"440105005000",滨江街道,海珠区,广州
"440105015000",琶洲街道,海珠区,广州
"440105013000",瑞宝街道,海珠区,广州
"440105006000",素社街道,海珠区,广州
"440105001000",赤岗街道,海珠区,广州
"440105009000",龙凤街道,海珠区,广州
"440113009000",东环街道,番禺区,广州
"440113104000",化龙镇,番禺区,广州
"440113102000",南村镇,番禺区,广州
"440113012000",大石街道,番禺区,广州
"440113016000",大龙街道,番禺区,广州
"440113011000",小谷围街道,番禺区,广州
"440113007000",市桥街道,番禺区,广州
"440113103000",新造镇,番禺区,广州
"440113010000",桥南街道,番禺区,广州
"440113008000",沙头街道,番禺区,广州
"440113118000",沙湾镇,番禺区,广州
"440113013000",洛浦街道,番禺区,广州
"440113120000",石基镇,番禺区,广州
"440113014000",石壁街道,番禺区,广州
"440113105000",石楼镇,番禺区,广州
"440113015000",钟村街道,番禺区,广州
"440111002000",三元里街道,白云区,广州
"440111016000",云城街道,白云区,广州
"440111010000",京溪街道,白云区,广州
"440111103000",人和镇,白云区,广州
"440111009000",同和街道,白云区,广州
"440111005000",同德街道,白云区,广州
"440111012000",嘉禾街道,白云区,广州
"440111013000",均禾街道,白云区,广州
"440111021000",大源街道,白云区,广州
"440111107000",太和镇,白云区,广州
"440111008000",新市街道,白云区,广州
"440111004000",景泰街道,白云区,广州
"440111003000",松洲街道,白云区,广州
"440111007000",棠景街道,白云区,广州
"440111011000",永平街道,白云区,广州
"440111113000",江高镇,白云区,广州
"440111018000",白云湖街道,白云区,广州
"440111014000",石井街道,白云区,广州
"440111019000",石门街道,白云区,广州
"440111015000",金沙街道,白云区,广州
"440111108000",钟落潭镇,白云区,广州
"440111017000",鹤龙街道,白云区,广州
"440111006000",黄石街道,白云区,广州
"440111020000",龙归街道,白云区,广州
"440114001000",新华街道,花都区,广州
"440114004000",新雅街道,花都区,广州
"440114103000",梯面镇,花都区,广州
"440114107000",炭步镇,花都区,广州
"440114109000",狮岭镇,花都区,广州
"440114003000",秀全街道,花都区,广州
"440114105000",花东镇,花都区,广州
"440114002000",花城街道,花都区,广州
"440114104000",花山镇,花都区,广州
"440114108000",赤坭镇,花都区,广州
"440103021000",东沙街道,荔湾区,广州
"440103019000",东漖街道,荔湾区,广州
"440103022000",中南街道,荔湾区,广州
"440103015000",冲口街道,荔湾区,广州
"440103003000",华林街道,荔湾区,广州
"440103010000",南源街道,荔湾区,广州
"440103004000",多宝街道,荔湾区,广州
"440103002000",岭南街道,荔湾区,广州
"440103009000",彩虹街道,荔湾区,广州
"440103005000",昌华街道,荔湾区,广州
"440103013000",桥中街道,荔湾区,广州
"440103001000",沙面街道,荔湾区,广州
"440103020000",海龙街道,荔湾区,广州
"440103014000",白鹤洞街道,荔湾区,广州
"440103017000",石围塘街道,荔湾区,广州
"440103012000",站前街道,荔湾区,广州
"440103016000",花地街道,荔湾区,广州
"440103018000",茶滘街道,荔湾区,广州
"440103011000",西村街道,荔湾区,广州
"440103006000",逢源街道,荔湾区,广州
"440103008000",金花街道,荔湾区,广州
"440103007000",龙津街道,荔湾区,广州
"440104011000",东山街道,越秀区,广州
"440104010000",人民街道,越秀区,广州
"440104007000",光塔街道,越秀区,广州
"440104004000",六榕街道,越秀区,广州
"440104012000",农林街道,越秀区,广州
"440104003000",北京街道,越秀区,广州
"440104015000",华乐街道,越秀区,广州
"440104019000",大东街道,越秀区,广州
"440104017000",大塘街道,越秀区,广州
"440104016000",建设街道,越秀区,广州
"440104013000",梅花村街道,越秀区,广州
"440104001000",洪桥街道,越秀区,广州
"440104005000",流花街道,越秀区,广州
"440104018000",珠光街道,越秀区,广州
"440104021000",登峰街道,越秀区,广州
"440104020000",白云街道,越秀区,广州
"440104022000",矿泉街道,越秀区,广州
"440104014000",黄花岗街道,越秀区,广州
"440112017000",九佛街道,黄埔区,广州
"440112013000",云埔街道,黄埔区,广州
"440112008000",南岗街道,黄埔区,广州
"440112011000",夏港街道,黄埔区,广州
"440112005000",大沙街道,黄埔区,广州
"440112006000",文冲街道,黄埔区,广州
"440112101000",新龙镇,黄埔区,广州
"440112015000",永和街道,黄埔区,广州
"440112007000",穗东街道,黄埔区,广州
"440112002000",红山街道,黄埔区,广州
"440112014000",联和街道,黄埔区,广州
"440112012000",萝岗街道,黄埔区,广州
"440112016000",长岭街道,黄埔区,广州
"440112010000",长洲街道,黄埔区,广州
"440112003000",鱼珠街道,黄埔区,广州
"440112001000",黄埔街道,黄埔区,广州
"440112018000",龙湖街道,黄埔区,广州
"441322104000",公庄镇,博罗县,惠州
"441322119000",园洲镇,博罗县,惠州
"441322122000",杨侨镇,博罗县,惠州
"441322105000",杨村镇,博罗县,惠州
"441322106000",柏塘镇,博罗县,惠州
"441322123000",横河镇,博罗县,惠州
"441322108000",泰美镇,博罗县,惠州
"441322113000",湖镇镇,博罗县,惠州
"441322100000",石坝镇,博罗县,惠州
"441322121000",石湾镇,博罗县,惠州
"441322116000",福田镇,博罗县,惠州
"441322570000",罗浮山管委会,博罗县,惠州
"441322001000",罗阳街道,博罗县,惠州
"441322103000",观音阁镇,博罗县,惠州
"441322115000",长宁镇,博罗县,惠州
"441322102000",麻陂镇,博罗县,惠州
"441322117000",龙华镇,博罗县,惠州
"441322002000",龙溪街道,博罗县,惠州
"441323109000",吉隆镇,惠东县,惠州
"441323113000",多祝镇,惠东县,惠州
"441323002000",大岭街道,惠东县,惠州
"441323115000",安墩镇,惠东县,惠州
"441323120000",宝口镇,惠东县,惠州
"441323570000",巺寮滨海旅游渡假区管理委员会,惠东县,惠州
"441323001000",平山街道,惠东县,惠州
"441323106000",平海镇,惠东县,惠州
"441323454000",广东惠东古田省级自然保护区,惠东县,惠州
"441323451000",广东省惠州市国营惠东九龙峰林场,惠东县,惠州
"441323450000",广东省惠州市国营惠东梁化林场,惠东县,惠州
"441323452000",惠东县港口海龟湾自然保护区,惠东县,惠州
"441323455000",惠东县珠三角产业转移园,惠东县,惠州
"441323103000",梁化镇,惠东县,惠州
"441323121000",白盆珠镇,惠东县,惠州
"441323102000",白花镇,惠东县,惠州
"441323104000",稔山镇,惠东县,惠州
"441323453000",莲花山白盆珠省级自然保护区,惠东县,惠州
"441323105000",铁涌镇,惠东县,惠州
"441323118000",高潭镇,惠东县,惠州
"441323110000",黄埠镇,惠东县,惠州
"441302103000",三栋镇,惠城区,惠州
"441302401000",东江高新科技产业园,惠城区,惠州
"441302010000",小金口街道,惠城区,惠州
"441302402000",惠南高新科技产业园,惠城区,惠州
"441302450000",惠州市林场,惠城区,惠州
"441302007000",惠环街道,惠城区,惠州
"441302001000",桥东街道,惠城区,惠州
"441302002000",桥西街道,惠城区,惠州
"441302110000",横沥镇,惠城区,惠州
"441302009000",水口街道,惠城区,惠州
"441302100000",汝湖镇,惠城区,惠州
"441302004000",江北街道,惠城区,惠州
"441302003000",江南街道,惠城区,惠州
"441302107000",沥林镇,惠城区,惠州
"441302006000",河南岸街道,惠城区,惠州
"441302114000",潼侨镇,惠城区,惠州
"441302106000",潼湖镇,惠城区,惠州
"441302112000",芦洲镇,惠城区,惠州
"441302008000",陈江街道,惠城区,惠州
"441302109000",马安镇,惠城区,惠州
"441302005000",龙丰街道,惠城区,惠州
"441303003000",三和街道,惠阳区,惠州
"441303006000",大亚湾澳头街道,惠阳区,惠州
"441303008000",大亚湾西区街道,惠阳区,惠州
"441303007000",大亚湾霞涌街道,惠阳区,惠州
"441303110000",平潭镇,惠阳区,惠州
"441303103000",新圩镇,惠阳区,惠州
"441303108000",永湖镇,惠阳区,惠州
"441303101000",沙田镇,惠阳区,惠州
"441303001000",淡水街道,惠阳区,惠州
"441303002000",秋长街道,惠阳区,惠州
"441303109000",良井镇,惠阳区,惠州
"441303104000",镇隆镇,惠阳区,惠州
"441324570000",南昆山生态旅游区管理委员会,龙门县,惠州
"441324117000",地派镇,龙门县,惠州
"441324002000",平陵街道,龙门县,惠州
"441324101000",永汉镇,龙门县,惠州
"441324200000",蓝田瑶族乡,龙门县,惠州
"441324100000",麻榨镇,龙门县,惠州
"441324118000",龙华镇,龙门县,惠州
"441324001000",龙城街道,龙门县,惠州
"441324119000",龙江镇,龙门县,惠州
"441324116000",龙潭镇,龙门县,惠州
"441324115000",龙田镇,龙门县,惠州
"441324453000",龙门县密溪林场,龙门县,惠州
"445224401000",东埔农场,惠来县,揭阳
"445224113000",东港镇,惠来县,揭阳
"445224108000",东陇镇,惠来县,揭阳
"445224103000",仙庵镇,惠来县,揭阳
"445224106000",前詹镇,惠来县,揭阳
"445224102000",华湖镇,惠来县,揭阳
"445224105000",周田镇,惠来县,揭阳
"445224109000",岐石镇,惠来县,揭阳
"445224100000",惠城镇,惠来县,揭阳
"445224451000",揭阳大南海石化工业区南海街道,惠来县,揭阳
"445224402000",揭阳市大南山华侨管理区,惠来县,揭阳
"445224450000",揭阳（惠来）沿海经济开发试验区,惠来县,揭阳
"445224111000",溪西镇,惠来县,揭阳
"445224107000",神泉镇,惠来县,揭阳
"445224403000",葵潭农场,惠来县,揭阳
"445224114000",葵潭镇,惠来县,揭阳
"445224110000",隆江镇,惠来县,揭阳
"445224404000",青坑林场,惠来县,揭阳
"445224104000",靖海镇,惠来县,揭阳
"445224112000",鳌江镇,惠来县,揭阳
"445203401000",东径茶场,揭东区,揭阳
"445203102000",云路镇,揭东区,揭阳
"445203404000",卅岭农场,揭东区,揭阳
"445203402000",坪上农场,揭东区,揭阳
"445203107000",埔田镇,揭东区,揭阳
"445203403000",揭阳高新技术产业开发区,揭东区,揭阳
"445203105000",新亨镇,揭东区,揭阳
"445203001000",曲溪街道,揭东区,揭阳
"445203109000",月城镇,揭东区,揭阳
"445203112000",桂岭镇,揭东区,揭阳
"445203106000",玉湖镇,揭东区,揭阳
"445203103000",玉窖镇,揭东区,揭阳
"445203406000",珠海（揭阳）产业转移工业园,揭东区,揭阳
"445203110000",白塔镇,揭东区,揭阳
"445203002000",磐东街道,揭东区,揭阳
"445203405000",蓝城区工业园区管理处,揭东区,揭阳
"445203104000",锡场镇,揭东区,揭阳
"445203108000",霖磐镇,揭东区,揭阳
"445203111000",龙尾镇,揭东区,揭阳
"445222116000",上砂镇,揭西县,揭阳
"445222108000",东园镇,揭西县,揭阳
"445222115000",五云镇,揭西县,揭阳
"445222104000",五经富镇,揭西县,揭阳
"445222105000",京溪园镇,揭西县,揭阳
"445222109000",凤江镇,揭西县,揭阳
"445222401000",北山农林场,揭西县,揭阳
"445222103000",南山镇,揭西县,揭阳
"445222406000",县苗圃场,揭西县,揭阳
"445222114000",坪上镇,揭西县,揭阳
"445222107000",塔头镇,揭西县,揭阳
"445222112000",大溪镇,揭西县,揭阳
"445222402000",果林场,揭西县,揭阳
"445222110000",棉湖镇,揭西县,揭阳
"445222001000",河婆街道,揭西县,揭阳
"445222405000",河輋农场,揭西县,揭阳
"445222403000",油桐林场,揭西县,揭阳
"445222106000",灰寨镇,揭西县,揭阳
"445222201000",良田乡,揭西县,揭阳
"445222111000",金和镇,揭西县,揭阳
"445222113000",钱坑镇,揭西县,揭阳
"445222404000",高田农场,揭西县,揭阳
"445222102000",龙潭镇,揭西县,揭阳
"445281405000",三坑农场,普宁市,揭阳
"445281111000",下架山镇,普宁市,揭阳
"445281406000",乌石农场,普宁市,揭阳
"445281114000",云落镇,普宁市,揭阳
"445281110000",军埠镇,普宁市,揭阳
"445281108000",南径镇,普宁市,揭阳
"445281105000",南溪镇,普宁市,揭阳
"445281109000",占陇镇,普宁市,揭阳
"445281201000",后溪乡,普宁市,揭阳
"445281007000",大南山街道,普宁市,揭阳
"445281103000",大坝镇,普宁市,揭阳
"445281403000",大坪农场,普宁市,揭阳
"445281115000",大坪镇,普宁市,揭阳
"445281401000",大池农场,普宁市,揭阳
"445281106000",广太镇,普宁市,揭阳
"445281404000",普侨区,普宁市,揭阳
"445281121000",梅塘镇,普宁市,揭阳
"445281117000",梅林镇,普宁市,揭阳
"445281005000",池尾街道,普宁市,揭阳
"445281104000",洪阳镇,普宁市,揭阳
"445281001000",流沙东街道,普宁市,揭阳
"445281004000",流沙北街道,普宁市,揭阳
"445281002000",流沙南街道,普宁市,揭阳
"445281003000",流沙西街道,普宁市,揭阳
"445281006000",燎原街道,普宁市,揭阳
"445281407000",科技工业园,普宁市,揭阳
"445281116000",船埔镇,普宁市,揭阳
"445281408000",英歌山工业园,普宁市,揭阳
"445281102000",赤岗镇,普宁市,揭阳
"445281119000",里湖镇,普宁市,揭阳
"445281402000",马鞍山农场,普宁市,揭阳
"445281113000",高埔镇,普宁市,揭阳
"445281107000",麒麟镇,普宁市,揭阳
"445202005000",东兴街道,榕城区,揭阳
"445202009000",东升街道,榕城区,揭阳
"445202010000",东阳街道,榕城区,揭阳
"445202003000",中山街道,榕城区,揭阳
"445202007000",仙桥街道,榕城区,揭阳
"445202103000",地都镇,榕城区,揭阳
"445202002000",新兴街道,榕城区,揭阳
"445202008000",梅云街道,榕城区,揭阳
"445202006000",榕东街道,榕城区,揭阳
"445202001000",榕华街道,榕城区,揭阳
"445202101000",渔湖镇,榕城区,揭阳
"445202102000",炮台镇,榕城区,揭阳
"445202105000",登岗镇,榕城区,揭阳
"445202004000",西马街道,榕城区,揭阳
"441423125000",丰良镇,丰顺县,梅州
"441423124000",八乡山镇,丰顺县,梅州
"441423103000",北斗镇,丰顺县,梅州
"441423450000",埔寨农场,丰顺县,梅州
"441423106000",埔寨镇,丰顺县,梅州
"441423129000",大龙华镇,丰顺县,梅州
"441423122000",小胜镇,丰顺县,梅州
"441423110000",建桥镇,丰顺县,梅州
"441423105000",汤南镇,丰顺县,梅州
"441423127000",汤坑镇,丰顺县,梅州
"441423104000",汤西镇,丰顺县,梅州
"441423112000",潘田镇,丰顺县,梅州
"441423126000",潭江镇,丰顺县,梅州
"441423128000",留隍镇,丰顺县,梅州
"441423123000",砂田镇,丰顺县,梅州
"441423114000",黄金镇,丰顺县,梅州
"441423111000",龙岗镇,丰顺县,梅州
"441424130000",华城镇,五华县,梅州
"441424126000",华阳镇,五华县,梅州
"441424118000",双华镇,五华县,梅州
"441424131000",周江镇,五华县,梅州
"441424139000",安流镇,五华县,梅州
"441424136000",岐岭镇,五华县,梅州
"441424125000",梅林镇,五华县,梅州
"441424140000",棉洋镇,五华县,梅州
"441424138000",横陂镇,五华县,梅州
"441424134000",水寨镇,五华县,梅州
"441424135000",河东镇,五华县,梅州
"441424108000",潭下镇,五华县,梅州
"441424103000",转水镇,五华县,梅州
"441424117000",郭田镇,五华县,梅州
"441424137000",长布镇,五华县,梅州
"441424141000",龙村镇,五华县,梅州
"441481001000",兴田街道,兴宁市,梅州
"441481137000",刁坊镇,兴宁市,梅州
"441481135000",叶塘镇,兴宁市,梅州
"441481133000",合水镇,兴宁市,梅州
"441481130000",坭陂镇,兴宁市,梅州
"441481134000",大坪镇,兴宁市,梅州
"441481128000",宁中镇,兴宁市,梅州
"441481003000",宁新街道,兴宁市,梅州
"441481129000",径南镇,兴宁市,梅州
"441481111000",新圩镇,兴宁市,梅州
"441481136000",新陂镇,兴宁市,梅州
"441481131000",水口镇,兴宁市,梅州
"441481107000",永和镇,兴宁市,梅州
"441481124000",石马镇,兴宁市,梅州
"441481002000",福兴街道,兴宁市,梅州
"441481116000",罗岗镇,兴宁市,梅州
"441481115000",罗浮镇,兴宁市,梅州
"441481117000",黄槐镇,兴宁市,梅州
"441481132000",黄陂镇,兴宁市,梅州
"441481123000",龙田镇,兴宁市,梅州
"441422105000",三河镇,大埔县,梅州
"441422400000",丰溪林场,大埔县,梅州
"441422112000",光德镇,大埔县,梅州
"441422117000",大东镇,大埔县,梅州
"441422402000",大埔林场,大埔县,梅州
"441422121000",大麻镇,大埔县,梅州
"441422122000",枫朗镇,大埔县,梅州
"441422113000",桃源镇,大埔县,梅州
"441422401000",洲瑞林场,大埔县,梅州
"441422109000",洲瑞镇,大埔县,梅州
"441422100000",湖寮镇,大埔县,梅州
"441422116000",百侯镇,大埔县,梅州
"441422123000",茶阳镇,大埔县,梅州
"441422125000",西河镇,大埔县,梅州
"441422108000",银江镇,大埔县,梅州
"441422103000",青溪镇,大埔县,梅州
"441422124000",高陂镇,大埔县,梅州
"441426109000",上举镇,平远县,梅州
"441426117000",东石镇,平远县,梅州
"441426108000",中行镇,平远县,梅州
"441426118000",仁居镇,平远县,梅州
"441426104000",八尺镇,平远县,梅州
"441426119000",大柘镇,平远县,梅州
"441426105000",差干镇,平远县,梅州
"441426107000",河头镇,平远县,梅州
"441426110000",泗水镇,平远县,梅州
"441426115000",热柘镇,平远县,梅州
"441426101000",石正镇,平远县,梅州
"441426114000",长田镇,平远县,梅州
"441403113000",丙村镇,梅县区,梅州
"441403131000",南口镇,梅县区,梅州
"441403101000",城东镇,梅县区,梅州
"441403104000",大坪镇,梅县区,梅州
"441403133000",扶大镇,梅县区,梅州
"441403001000",新城办事处街道,梅县区,梅州
"441403130000",松口镇,梅县区,梅州
"441403116000",松源镇,梅县区,梅州
"441403118000",桃尧镇,梅县区,梅州
"441403110000",梅南镇,梅县区,梅州
"441403500000",梅西水库,梅县区,梅州
"441403103000",梅西镇,梅县区,梅州
"441403109000",水车镇,梅县区,梅州
"441403126000",畲江镇,梅县区,梅州
"441403115000",白渡镇,梅县区,梅州
"441403105000",石坑镇,梅县区,梅州
"441403102000",石扇镇,梅县区,梅州
"441403132000",程江镇,梅县区,梅州
"441403117000",隆文镇,梅县区,梅州
"441403129000",雁洋镇,梅县区,梅州
"441402102000",三角镇,梅江区,梅州
"441402105000",城北镇,梅江区,梅州
"441402004000",江南街道,梅江区,梅州
"441402007000",西郊街道,梅江区,梅州
"441402106000",西阳镇,梅江区,梅州
"441402006000",金山街道,梅江区,梅州
"441402103000",长沙镇,梅江区,梅州
"441427103000",三圳镇,蕉岭县,梅州
"441427450000",华侨农场,蕉岭县,梅州
"441427114000",南礤镇,蕉岭县,梅州
"441427107000",广福镇,蕉岭县,梅州
"441427106000",文福镇,蕉岭县,梅州
"441427112000",新铺镇,蕉岭县,梅州
"441427113000",蓝坊镇,蕉岭县,梅州
"441427115000",蕉城镇,蕉岭县,梅州
"441427116000",长潭镇,蕉岭县,梅州
"440523101000",云澳镇,南澳县,汕头
"440523100000",后宅镇,南澳县,汕头
"440523102000",深澳镇,南澳县,汕头
"440514106000",两英镇,潮南区,汕头
"440514101000",井都镇,潮南区,汕头
"440514107000",仙城镇,潮南区,汕头
"440514104000",司马浦镇,潮南区,汕头
"440514001000",峡山街道,潮南区,汕头
"440514103000",成田镇,潮南区,汕头
"440514109000",红场镇,潮南区,汕头
"440514108000",胪岗镇,潮南区,汕头
"440514112000",陇田镇,潮南区,汕头
"440514105000",陈店镇,潮南区,汕头
"440514110000",雷岭镇,潮南区,汕头
"440513104000",关埠镇,潮阳区,汕头
"440513102000",和平镇,潮阳区,汕头
"440513003000",城南街道,潮阳区,汕头
"440513001000",文光街道,潮阳区,汕头
"440513002000",棉北街道,潮阳区,汕头
"440513101000",河溪镇,潮阳区,汕头
"440513100000",海门镇,潮阳区,汕头
"440513103000",西胪镇,潮阳区,汕头
"440513106000",谷饶镇,潮阳区,汕头
"440513107000",贵屿镇,潮阳区,汕头
"440513004000",金浦街道,潮阳区,汕头
"440513110000",金灶镇,潮阳区,汕头
"440513108000",铜盂镇,潮阳区,汕头
"440515100000",上华镇,澄海区,汕头
"440515105000",东里镇,澄海区,汕头
"440515001000",凤翔街道,澄海区,汕头
"440515002000",广益街道,澄海区,汕头
"440515104000",溪南镇,澄海区,汕头
"440515003000",澄华街道,澄海区,汕头
"440515106000",盐鸿镇,澄海区,汕头
"440515103000",莲上镇,澄海区,汕头
"440515102000",莲下镇,澄海区,汕头
"440515107000",莲华镇,澄海区,汕头
"440515101000",隆都镇,澄海区,汕头
"440512004000",广澳街道,濠江区,汕头
"440512006000",河浦街道,濠江区,汕头
"440512005000",滨海街道,濠江区,汕头
"440512007000",玉新街道,濠江区,汕头
"440512003000",礐石街道,濠江区,汕头
"440512001000",达濠街道,濠江区,汕头
"440512002000",马窖街道,濠江区,汕头
"440511004000",东方街道,金平区,汕头
"440511007000",光华街道,金平区,汕头
"440511005000",大华街道,金平区,汕头
"440511018000",小公园街道,金平区,汕头
"440511013000",岐山街道,金平区,汕头
"440511009000",广厦街道,金平区,汕头
"440511017000",月浦街道,金平区,汕头
"440511001000",石炮台街道,金平区,汕头
"440511019000",金东街道,金平区,汕头
"440511002000",金砂街道,金平区,汕头
"440511016000",鮀江街道,金平区,汕头
"440511015000",鮀莲街道,金平区,汕头
"440507009000",外砂街道,龙湖区,汕头
"440507004000",新津街道,龙湖区,汕头
"440507012000",新海街道,龙湖区,汕头
"440507011000",新溪街道,龙湖区,汕头
"440507003000",珠池街道,龙湖区,汕头
"440507001000",金霞街道,龙湖区,汕头
"440507005000",鸥汀街道,龙湖区,汕头
"440507010000",龙华街道,龙湖区,汕头
"440507008000",龙祥街道,龙湖区,汕头
"440507013000",龙腾街道,龙湖区,汕头
"441502005000",东洲街道,城区,汕尾
"441502102000",东涌镇,城区,汕尾
"441502003000",凤山街道,城区,汕尾
"441502103000",捷胜镇,城区,汕尾
"441502001000",新港街道,城区,汕尾
"441502004000",田墘街道,城区,汕尾
"441502100000",红草镇,城区,汕尾
"441502006000",遮浪街道,城区,汕尾
"441502002000",香洲街道,城区,汕尾
"441502007000",马宫街道,城区,汕尾
"441521118000",公平镇,海丰县,汕尾
"441521110000",可塘镇,海丰县,汕尾
"441521120000",城东镇,海丰县,汕尾
"441521109000",大湖镇,海丰县,汕尾
"441521102000",小漠镇,海丰县,汕尾
"441521113000",平东镇,海丰县,汕尾
"441521450000",梅陇农场,海丰县,汕尾
"441521101000",梅陇镇,海丰县,汕尾
"441521115000",海城镇,海丰县,汕尾
"441521106000",联安镇,海丰县,汕尾
"441521108000",赤坑镇,海丰县,汕尾
"441521104000",赤石镇,海丰县,汕尾
"441521119000",附城镇,海丰县,汕尾
"441521107000",陶河镇,海丰县,汕尾
"441521105000",鮜门镇,海丰县,汕尾
"441521103000",鹅埠镇,海丰县,汕尾
"441521112000",黄羌镇,海丰县,汕尾
"441581116000",上英镇,陆丰市,汕尾
"441581455000",东海岸林场,陆丰市,汕尾
"441581001000",东海街道,陆丰市,汕尾
"441581109000",八万镇,陆丰市,汕尾
"441581106000",内湖镇,陆丰市,汕尾
"441581400000",华侨管理区,陆丰市,汕尾
"441581107000",南塘镇,陆丰市,汕尾
"441581105000",博美镇,陆丰市,汕尾
"441581003000",城东街道,陆丰市,汕尾
"441581452000",大安农场,陆丰市,汕尾
"441581104000",大安镇,陆丰市,汕尾
"441581451000",星都经济开发试验区,陆丰市,汕尾
"441581117000",桥冲镇,陆丰市,汕尾
"441581115000",河东镇,陆丰市,汕尾
"441581002000",河西街道,陆丰市,汕尾
"441581454000",湖东林场,陆丰市,汕尾
"441581103000",湖东镇,陆丰市,汕尾
"441581111000",潭西镇,陆丰市,汕尾
"441581112000",甲东镇,陆丰市,汕尾
"441581101000",甲子镇,陆丰市,汕尾
"441581118000",甲西镇,陆丰市,汕尾
"441581457000",畜牧果林场,陆丰市,汕尾
"441581102000",碣石镇,陆丰市,汕尾
"441581456000",红岭林场,陆丰市,汕尾
"441581453000",罗经嶂林场,陆丰市,汕尾
"441581119000",西南镇,陆丰市,汕尾
"441581110000",金厢镇,陆丰市,汕尾
"441581450000",铜锣湖农场,陆丰市,汕尾
"441581108000",陂洋镇,陆丰市,汕尾
"441523104000",上护镇,陆河县,汕尾
"441523106000",东坑镇,陆河县,汕尾
"441523107000",南万镇,陆河县,汕尾
"441523103000",新田镇,陆河县,汕尾
"441523101000",水唇镇,陆河县,汕尾
"441523102000",河口镇,陆河县,汕尾
"441523100000",河田镇,陆河县,汕尾
"441523105000",螺溪镇,陆河县,汕尾
"440781104000",三合镇,台山市,江门
"440781105000",冲蒌镇,台山市,江门
"440781114000",北陡镇,台山市,江门
"440781001000",台城街道,台山市,江门
"440781102000",四九镇,台山市,江门
"440781100000",大江镇,台山市,江门
"440781115000",川岛镇,台山市,江门
"440781110000",广海镇,台山市,江门
"440781106000",斗山镇,台山市,江门
"440781101000",水步镇,台山市,江门
"440781112000",汶村镇,台山市,江门
"440781111000",海宴镇,台山市,江门
"440781113000",深井镇,台山市,江门
"440781103000",白沙镇,台山市,江门
"440781109000",端芬镇,台山市,江门
"440781108000",赤溪镇,台山市,江门
"440781107000",都斛镇,台山市,江门
"440783001000",三埠街道,开平市,江门
"440783108000",塘口镇,开平市,江门
"440783106000",大沙镇,开平市,江门
"440783115000",月山镇,开平市,江门
"440783117000",水口镇,开平市,江门
"440783103000",沙塘镇,开平市,江门
"440783110000",百合镇,开平市,江门
"440783400000",翠山湖新区,开平市,江门
"440783104000",苍城镇,开平市,江门
"440783111000",蚬冈镇,开平市,江门
"440783109000",赤坎镇,开平市,江门
"440783116000",赤水镇,开平市,江门
"440783112000",金鸡镇,开平市,江门
"440783002000",长沙街道,开平市,江门
"440783107000",马冈镇,开平市,江门
"440783105000",龙胜镇,开平市,江门
"440785109000",东成镇,恩平市,江门
"440785105000",君堂镇,恩平市,江门
"440785101000",圣堂镇,恩平市,江门
"440785108000",大槐镇,恩平市,江门
"440785106000",大田镇,恩平市,江门
"440785001000",恩城街道,恩平市,江门
"440785400000",恩平园区管委会,恩平市,江门
"440785100000",横陂镇,恩平市,江门
"440785103000",沙湖镇,恩平市,江门
"440785104000",牛江镇,恩平市,江门
"440785102000",良西镇,恩平市,江门
"440785107000",那吉镇,恩平市,江门
"440705108000",三江镇,新会区,江门
"440705001000",会城街道,新会区,江门
"440705104000",双水镇,新会区,江门
"440705107000",古井镇,新会区,江门
"440705102000",司前镇,新会区,江门
"440705450000",圭峰管理委员会,新会区,江门
"440705101000",大泽镇,新会区,江门
"440705110000",大鳌镇,新会区,江门
"440705105000",崖门镇,新会区,江门
"440705453000",工业园区管委会,新会区,江门
"440705470000",新会经济开发区管理委员会,新会区,江门
"440705106000",沙堆镇,新会区,江门
"440705109000",睦洲镇,新会区,江门
"440705103000",罗坑镇,新会区,江门
"440705452000",银湖湾滨海新区管理委员会,新会区,江门
"440705451000",银湖湾管理委员会,新会区,江门
"440704004000",外海街道,江海区,江门
"440704001000",江南街道,江海区,江门
"440704005000",礼乐街道,江海区,江门
"440703103000",杜阮镇,蓬江区,江门
"440703101000",棠下镇,蓬江区,江门
"440703005000",潮连街道,蓬江区,江门
"440703006000",环市街道,蓬江区,江门
"440703002000",白沙街道,蓬江区,江门
"440703102000",荷塘镇,蓬江区,江门
"440784106000",共和镇,鹤山市,江门
"440784112000",双合镇,鹤山市,江门
"440784103000",古劳镇,鹤山市,江门
"440784107000",址山镇,鹤山市,江门
"440784108000",宅梧镇,鹤山市,江门
"440784401000",广东省江门监狱,鹤山市,江门
"440784104000",桃源镇,鹤山市,江门
"440784402000",江门市四堡林场,鹤山市,江门
"440784001000",沙坪街道,鹤山市,江门
"440784102000",雅瑶镇,鹤山市,江门
"440784105000",鹤城镇,鹤山市,江门
"440784101000",龙口镇,鹤山市,江门
"441625105000",上莞镇,东源县,河源
"441625108000",义合镇,东源县,河源
"441625100000",仙塘镇,东源县,河源
"441625122000",半江镇,东源县,河源
"441625116000",双江镇,东源县,河源
"441625111000",叶潭镇,东源县,河源
"441625113000",康禾镇,东源县,河源
"441625121000",新回龙镇,东源县,河源
"441625115000",新港镇,东源县,河源
"441625106000",曾田镇,东源县,河源
"441625107000",柳城镇,东源县,河源
"441625117000",涧头镇,东源县,河源
"441625200000",漳溪乡,东源县,河源
"441625101000",灯塔镇,东源县,河源
"441625103000",船塘镇,东源县,河源
"441625109000",蓝口镇,东源县,河源
"441625114000",锡场镇,东源县,河源
"441625104000",顺天镇,东源县,河源
"441625102000",骆湖镇,东源县,河源
"441625112000",黄村镇,东源县,河源
"441625110000",黄田镇,东源县,河源
"441624104000",上陵镇,和平县,河源
"441624103000",下车镇,和平县,河源
"441624114000",东水镇,和平县,河源
"441624105000",优胜镇,和平县,河源
"441624110000",公白镇,和平县,河源
"441624107000",古寨镇,和平县,河源
"441624109000",合水镇,和平县,河源
"441624101000",大坝镇,和平县,河源
"441624108000",彭寨镇,和平县,河源
"441624116000",林寨镇,和平县,河源
"441624112000",浰源镇,和平县,河源
"441624113000",热水镇,和平县,河源
"441624115000",礼士镇,和平县,河源
"441624106000",贝墩镇,和平县,河源
"441624102000",长塘镇,和平县,河源
"441624100000",阳明镇,和平县,河源
"441624111000",青州镇,和平县,河源
"441602001000",上城街道,源城区,河源
"441602003000",东埔街道,源城区,河源
"441602006000",城东街道,源城区,河源
"441602101000",埔前镇,源城区,河源
"441602002000",新江街道,源城区,河源
"441602100000",源南镇,源城区,河源
"441602004000",源西街道,源城区,河源
"441602005000",高埔岗街道,源城区,河源
"441621104000",上义镇,紫金县,河源
"441621119000",中坝镇,紫金县,河源
"441621109000",临江镇,紫金县,河源
"441621107000",义容镇,紫金县,河源
"441621103000",九和镇,紫金县,河源
"441621106000",凤安镇,紫金县,河源
"441621115000",南岭镇,紫金县,河源
"441621108000",古竹镇,紫金县,河源
"441621118000",好义镇,紫金县,河源
"441621112000",敬梓镇,紫金县,河源
"441621110000",柏埔镇,紫金县,河源
"441621114000",水墩镇,紫金县,河源
"441621117000",瓦溪镇,紫金县,河源
"441621100000",紫城镇,紫金县,河源
"441621116000",苏区镇,紫金县,河源
"441621105000",蓝塘镇,紫金县,河源
"441621111000",黄塘镇,紫金县,河源
"441621102000",龙窝镇,紫金县,河源
"441623114000",三角镇,连平县,河源
"441623101000",上坪镇,连平县,河源
"441623100000",元善镇,连平县,河源
"441623102000",内莞镇,连平县,河源
"441623113000",大湖镇,连平县,河源
"441623110000",忠信镇,连平县,河源
"441623109000",油溪镇,连平县,河源
"441623105000",溪山镇,连平县,河源
"441623108000",田源镇,连平县,河源
"441623115000",绣缎镇,连平县,河源
"441623104000",陂头镇,连平县,河源
"441623107000",隆街镇,连平县,河源
"441623111000",高莞镇,连平县,河源
"441622127000",上坪镇,龙川县,河源
"441622110000",丰稔镇,龙川县,河源
"441622102000",义都镇,龙川县,河源
"441622103000",佗城镇,龙川县,河源
"441622111000",四都镇,龙川县,河源
"441622123000",岩镇镇,龙川县,河源
"441622119000",廻龙镇,龙川县,河源
"441622120000",新田镇,龙川县,河源
"441622115000",田心镇,龙川县,河源
"441622109000",登云镇,龙川县,河源
"441622106000",紫市镇,龙川县,河源
"441622126000",细坳镇,龙川县,河源
"441622100000",老隆镇,龙川县,河源
"441622125000",贝岭镇,龙川县,河源
"441622118000",赤光镇,龙川县,河源
"441622121000",车田镇,龙川县,河源
"441622107000",通衢镇,龙川县,河源
"441622112000",铁场镇,龙川县,河源
"441622104000",鹤市镇,龙川县,河源
"441622124000",麻布岗镇,龙川县,河源
"441622105000",黄布镇,龙川县,河源
"441622117000",黄石镇,龙川县,河源
"441622116000",黎咀镇,龙川县,河源
"441622114000",龙母镇,龙川县,河源
"440311001000",光明街道,光明区,深圳
"440311002000",公明街道,光明区,深圳
"440311004000",凤凰街道,光明区,深圳
"440311003000",新湖街道,光明区,深圳
"440311005000",玉塘街道,光明区,深圳
"440311006000",马田街道,光明区,深圳
"440305400000",前海合作区,南山区,深圳
"440305001000",南头街道,南山区,深圳
"440305002000",南山街道,南山区,深圳
"440305006000",招商街道,南山区,深圳
"440305008000",桃源街道,南山区,深圳
"440305003000",沙河街道,南山区,深圳
"440305007000",粤海街道,南山区,深圳
"440305005000",蛇口街道,南山区,深圳
"440305009000",西丽街道,南山区,深圳
"440310005000",坑梓街道,坪山区,深圳
"440310001000",坪山街道,坪山区,深圳
"440310401000",深圳市大工业区,坪山区,深圳
"440310004000",石井街道,坪山区,深圳
"440310003000",碧岭街道,坪山区,深圳
"440310002000",马峦街道,坪山区,深圳
"440310006000",龙田街道,坪山区,深圳
"440306017000",新安街道,宝安区,深圳
"440306023000",新桥街道,宝安区,深圳
"440306024000",松岗街道,宝安区,深圳
"440306022000",沙井街道,宝安区,深圳
"440306400000",深圳市宝安国际机场,宝安区,深圳
"440306025000",燕罗街道,宝安区,深圳
"440306026000",石岩街道,宝安区,深圳
"440306020000",福永街道,宝安区,深圳
"440306021000",福海街道,宝安区,深圳
"440306019000",航城街道,宝安区,深圳
"440306018000",西乡街道,宝安区,深圳
"440308001000",梅沙街道,盐田区,深圳
"440308003000",沙头角街道,盐田区,深圳
"440308004000",海山街道,盐田区,深圳
"440308403000",深圳盐田综合保税区,盐田区,深圳
"440308002000",盐田街道,盐田区,深圳
"440304009000",华富街道,福田区,深圳
"440304011000",华强北街道,福田区,深圳
"440304001000",南园街道,福田区,深圳
"440304002000",园岭街道,福田区,深圳
"440304007000",梅林街道,福田区,深圳
"440304005000",沙头街道,福田区,深圳
"440304010000",福保街道,福田区,深圳
"440304400000",福田保税区,福田区,深圳
"440304004000",福田街道,福田区,深圳
"440304008000",莲花街道,福田区,深圳
"440304006000",香蜜湖街道,福田区,深圳
"440303009000",东晓街道,罗湖区,深圳
"440303007000",东湖街道,罗湖区,深圳
"440303003000",东门街道,罗湖区,深圳
"440303005000",南湖街道,罗湖区,深圳
"440303001000",桂园街道,罗湖区,深圳
"440303010000",清水河街道,罗湖区,深圳
"440303006000",笋岗街道,罗湖区,深圳
"440303004000",翠竹街道,罗湖区,深圳
"440303008000",莲塘街道,罗湖区,深圳
"440303002000",黄贝街道,罗湖区,深圳
"440309004000",大浪街道,龙华区,深圳
"440309002000",民治街道,龙华区,深圳
"440309005000",福城街道,龙华区,深圳
"440309001000",观湖街道,龙华区,深圳
"440309006000",观澜街道,龙华区,深圳
"440309003000",龙华街道,龙华区,深圳
"440307012000",南湾街道,龙岗区,深圳
"440307011000",南澳街道,龙岗区,深圳
"440307018000",吉华街道,龙岗区,深圳
"440307020000",园山街道,龙岗区,深圳
"440307013000",坂田街道,龙岗区,深圳
"440307006000",坪地街道,龙岗区,深圳
"440307010000",大鹏街道,龙岗区,深圳
"440307019000",宝龙街道,龙岗区,深圳
"440307014000",布吉街道,龙岗区,深圳
"440307003000",平湖街道,龙岗区,深圳
"440307017000",横岗街道,龙岗区,深圳
"440307009000",葵涌街道,龙岗区,深圳
"440307015000",龙城街道,龙岗区,深圳
"440307016000",龙岗街道,龙岗区,深圳
"441821101000",水头镇,佛冈县,清远
"441821102000",汤塘镇,佛冈县,清远
"441821100000",石角镇,佛冈县,清远
"441821107000",迳头镇,佛冈县,清远
"441821104000",高岗镇,佛冈县,清远
"441821103000",龙山镇,佛冈县,清远
"441802007000",东城街道,清城区,清远
"441802006000",凤城街道,清城区,清远
"441802009000",横荷街道,清城区,清远
"441802008000",洲心街道,清城区,清远
"441802450000",清远市国营银盏林场,清城区,清远
"441802400000",清远市高新技术产业开发区,清城区,清远
"441802103000",源潭镇,清城区,清远
"441802106000",石角镇,清城区,清远
"441802107000",飞来峡镇,清城区,清远
"441802105000",龙塘镇,清城区,清远
"441803106000",三坑镇,清新区,清远
"441803102000",太和镇,清新区,清远
"441803104000",太平镇,清新区,清远
"441803105000",山塘镇,清新区,清远
"441803117000",浸潭镇,清新区,清远
"441803118000",石潭镇,清新区,清远
"441803113000",禾云镇,清新区,清远
"441803450000",笔架林场,清新区,清远
"441803112000",龙颈镇,清新区,清远
"441881120000",下石太镇,英德市,清远
"441881137000",东华镇,英德市,清远
"441881111000",九龙镇,英德市,清远
"441881126000",大洞镇,英德市,清远
"441881114000",大湾镇,英德市,清远
"441881109000",大站镇,英德市,清远
"441881102000",望埠镇,英德市,清远
"441881105000",桥头镇,英德市,清远
"441881125000",横石塘镇,英德市,清远
"441881103000",横石水镇,英德市,清远
"441881131000",水边镇,英德市,清远
"441881101000",沙口镇,英德市,清远
"441881124000",波罗镇,英德市,清远
"441881112000",浛洸镇,英德市,清远
"441881108000",白沙镇,英德市,清远
"441881115000",石灰铺镇,英德市,清远
"441881116000",石牯塘镇,英德市,清远
"441881001000",英城街道,英德市,清远
"441881136000",英红镇,英德市,清远
"441881110000",西牛镇,英德市,清远
"441881129000",连江口镇,英德市,清远
"441881106000",青塘镇,英德市,清远
"441881138000",黄花镇,英德市,清远
"441881130000",黎溪镇,英德市,清远
"441826105000",三排镇,连南瑶族自治县,清远
"441826100000",三江镇,连南瑶族自治县,清远
"441826108000",大坪镇,连南瑶族自治县,清远
"441826101000",大麦山镇,连南瑶族自治县,清远
"441826102000",寨岗镇,连南瑶族自治县,清远
"441826106000",涡水镇,连南瑶族自治县,清远
"441826109000",香坪镇,连南瑶族自治县,清远
"441825111000",上帅镇,连山壮族瑶族自治县,清远
"441825104000",吉田镇,连山壮族瑶族自治县,清远
"441825105000",太保镇,连山壮族瑶族自治县,清远
"441825109000",小三江镇,连山壮族瑶族自治县,清远
"441825100000",永和镇,连山壮族瑶族自治县,清远
"441825108000",福堂镇,连山壮族瑶族自治县,清远
"441825451000",禾洞农林场,连山壮族瑶族自治县,清远
"441825106000",禾洞镇,连山壮族瑶族自治县,清远
"441825450000",连山林场,连山壮族瑶族自治县,清远
"441882201000",三水瑶族乡,连州市,清远
"441882107000",东陂镇,连州市,清远
"441882106000",丰阳镇,连州市,清远
"441882109000",九陂镇,连州市,清远
"441882105000",保安镇,连州市,清远
"441882102000",大路边镇,连州市,清远
"441882101000",星子镇,连州市,清远
"441882200000",瑶安瑶族乡,连州市,清远
"441882104000",西岸镇,连州市,清远
"441882118000",西江镇,连州市,清远
"441882100000",连州镇,连州市,清远
"441882103000",龙坪镇,连州市,清远
"441823105000",七拱镇,阳山县,清远
"441823110000",大崀镇,阳山县,清远
"441823107000",太平镇,阳山县,清远
"441823111000",小江镇,阳山县,清远
"441823113000",岭背镇,阳山县,清远
"441823104000",杜步镇,阳山县,清远
"441823108000",杨梅镇,阳山县,清远
"441823101000",江英镇,阳山县,清远
"441823201000",秤架瑶族乡,阳山县,清远
"441823119000",阳城镇,阳山县,清远
"441823100000",青莲镇,阳山县,清远
"441823115000",黄坌镇,阳山县,清远
"441823116000",黎埠镇,阳山县,清远
"440883111000",兰石镇,吴川市,湛江
"440883004000",博铺街道,吴川市,湛江
"440883106000",吴阳镇,吴川市,湛江
"440883107000",塘?镇,吴川市,湛江
"440883002000",塘尾街道,吴川市,湛江
"440883003000",大山江街道,吴川市,湛江
"440883104000",振文镇,吴川市,湛江
"440883001000",梅菉街道,吴川市,湛江
"440883105000",樟铺镇,吴川市,湛江
"440883100000",浅水镇,吴川市,湛江
"440883005000",海滨街道,吴川市,湛江
"440883103000",王村港镇,吴川市,湛江
"440883102000",覃巴镇,吴川市,湛江
"440883101000",长岐镇,吴川市,湛江
"440883109000",黄坡镇,吴川市,湛江
"440804102000",乾塘镇,坡头区,湛江
"440804100000",南三镇,坡头区,湛江
"440804001000",南调街道,坡头区,湛江
"440804101000",坡头镇,坡头区,湛江
"440804104000",官渡镇,坡头区,湛江
"440804401000",湛江市坡头区官渡工业园,坡头区,湛江
"440804002000",麻斜街道,坡头区,湛江
"440804103000",龙头镇,坡头区,湛江
"440881401000",九洲江开发区,廉江市,湛江
"440881103000",吉水镇,廉江市,湛江
"440881118000",和寮镇,廉江市,湛江
"440881003000",城北街道,廉江市,湛江
"440881002000",城南街道,廉江市,湛江
"440881117000",塘蓬镇,廉江市,湛江
"440881108000",安铺镇,廉江市,湛江
"440881102000",新民镇,廉江市,湛江
"440881107000",横山镇,廉江市,湛江
"440881104000",河唇镇,廉江市,湛江
"440881101000",石城镇,廉江市,湛江
"440881113000",石岭镇,廉江市,湛江
"440881105000",石角镇,廉江市,湛江
"440881115000",石颈镇,廉江市,湛江
"440881001000",罗州街道,廉江市,湛江
"440881106000",良垌镇,廉江市,湛江
"440881109000",营仔镇,廉江市,湛江
"440881111000",车板镇,廉江市,湛江
"440881116000",长山镇,廉江市,湛江
"440881114000",雅塘镇,廉江市,湛江
"440881110000",青平镇,廉江市,湛江
"440881112000",高桥镇,廉江市,湛江
"440825107000",下桥镇,徐闻县,湛江
"440825109000",下洋镇,徐闻县,湛江
"440825105000",前山镇,徐闻县,湛江
"440825113000",南山镇,徐闻县,湛江
"440825111000",和安镇,徐闻县,湛江
"440825201000",城北乡,徐闻县,湛江
"440825001000",徐城街道,徐闻县,湛江
"440825112000",新寮镇,徐闻县,湛江
"440825104000",曲界镇,徐闻县,湛江
"440825103000",海安镇,徐闻县,湛江
"440825106000",西连镇,徐闻县,湛江
"440825204000",角尾乡,徐闻县,湛江
"440825102000",迈陈镇,徐闻县,湛江
"440825110000",锦和镇,徐闻县,湛江
"440825108000",龙塘镇,徐闻县,湛江
"440802001000",中华街道,赤坎区,湛江
"440802004000",中山街道,赤坎区,湛江
"440802008000",北桥街道,赤坎区,湛江
"440802007000",南桥街道,赤坎区,湛江
"440802002000",寸金街道,赤坎区,湛江
"440802003000",民主街道,赤坎区,湛江
"440802005000",沙湾街道,赤坎区,湛江
"440802006000",调顺街道,赤坎区,湛江
"440823108000",乌塘镇,遂溪县,湛江
"440823104000",乐民镇,遂溪县,湛江
"440823111000",北坡镇,遂溪县,湛江
"440823107000",城月镇,遂溪县,湛江
"440823110000",岭北镇,遂溪县,湛江
"440823450000",广前公司,遂溪县,湛江
"440823109000",建新镇,遂溪县,湛江
"440823106000",杨柑镇,遂溪县,湛江
"440823105000",江洪镇,遂溪县,湛江
"440823114000",河头镇,遂溪县,湛江
"440823102000",洋青镇,遂溪县,湛江
"440823112000",港门镇,遂溪县,湛江
"440823103000",界炮镇,遂溪县,湛江
"440823113000",草潭镇,遂溪县,湛江
"440823100000",遂城镇,遂溪县,湛江
"440823101000",黄略镇,遂溪县,湛江
"440882110000",东里镇,雷州市,湛江
"440882115000",乌石镇,雷州市,湛江
"440882105000",企水镇,雷州市,湛江
"440882114000",北和镇,雷州市,湛江
"440882108000",南兴镇,雷州市,湛江
"440882104000",唐家镇,雷州市,湛江
"440882102000",客路镇,雷州市,湛江
"440882003000",新城街道,雷州市,湛江
"440882103000",杨家镇,雷州市,湛江
"440882107000",松竹镇,雷州市,湛江
"440882101000",沈塘镇,雷州市,湛江
"440882450000",湛江奋勇高新技术产业开发区管理委员会,雷州市,湛江
"440882100000",白沙镇,雷州市,湛江
"440882106000",纪家镇,雷州市,湛江
"440882113000",英利镇,雷州市,湛江
"440882002000",西湖街道,雷州市,湛江
"440882116000",覃斗镇,雷州市,湛江
"440882111000",调风镇,雷州市,湛江
"440882117000",附城镇,雷州市,湛江
"440882001000",雷城街道,雷州市,湛江
"440882109000",雷高镇,雷州市,湛江
"440882112000",龙门镇,雷州市,湛江
"440803010000",东新街道,霞山区,湛江
"440803071000",乐华街道,霞山区,湛江
"440803004000",友谊街道,霞山区,湛江
"440803003000",工农街道,霞山区,湛江
"440803009000",建设街道,霞山区,湛江
"440803005000",新兴街道,霞山区,湛江
"440803011000",新园街道,霞山区,湛江
"440803070000",泉庄街道,霞山区,湛江
"440803012000",海头街道,霞山区,湛江
"440803006000",海滨街道,霞山区,湛江
"440803002000",爱国街道,霞山区,湛江
"440803001000",解放街道,霞山区,湛江
"440811070000",东山街道,麻章区,湛江
"440811071000",东简街道,麻章区,湛江
"440811101000",太平镇,麻章区,湛江
"440811072000",民安街道,麻章区,湛江
"440811450000",湖光农场,麻章区,湛江
"440811102000",湖光镇,麻章区,湛江
"440811173000",硇洲镇,麻章区,湛江
"440811100000",麻章镇,麻章区,湛江
"445102009000",凤新街道,湘桥区,潮州
"445102005000",南春街道,湘桥区,潮州
"445102008000",城西街道,湘桥区,潮州
"445102004000",太平街道,湘桥区,潮州
"445102113000",官塘镇,湘桥区,潮州
"445102401000",开发区,湘桥区,潮州
"445102100000",意溪镇,湘桥区,潮州
"445102007000",桥东街道,湘桥区,潮州
"445102001000",湘桥街道,湘桥区,潮州
"445102402000",潮州市凤泉湖高新技术产业开发区,湘桥区,潮州
"445102111000",磷溪镇,湘桥区,潮州
"445102400000",红山林场,湘桥区,潮州
"445102006000",西新街道,湘桥区,潮州
"445102002000",西湖街道,湘桥区,潮州
"445102003000",金山街道,湘桥区,潮州
"445102112000",铁铺镇,湘桥区,潮州
"445103400000",万峰林场,潮安区,潮州
"445103109000",东凤镇,潮安区,潮州
"445103405000",东山湖农场,潮安区,潮州
"445103117000",凤凰镇,潮安区,潮州
"445103103000",凤塘镇,潮安区,潮州
"445103100000",古巷镇,潮安区,潮州
"445103404000",大坑苗圃场,潮安区,潮州
"445103450000",庵埠经济开发试验区,潮安区,潮州
"445103110000",庵埠镇,潮安区,潮州
"445103115000",归湖镇,潮安区,潮州
"445103108000",彩塘镇,潮安区,潮州
"445103116000",文祠镇,潮安区,潮州
"445103121000",枫溪镇,潮安区,潮州
"445103114000",江东镇,潮安区,潮州
"445103107000",沙溪镇,潮安区,潮州
"445103104000",浮洋镇,潮安区,潮州
"445103101000",登塘镇,潮安区,潮州
"445103120000",赤凤镇,潮安区,潮州
"445103106000",金石镇,潮安区,潮州
"445103105000",龙湖镇,潮安区,潮州
"445122107000",三饶镇,饶平县,潮州
"445122102000",上饶镇,饶平县,潮州
"445122113000",东山镇,饶平县,潮州
"445122121000",大埕镇,饶平县,潮州
"445122106000",建饶镇,饶平县,潮州
"445122120000",所城镇,饶平县,潮州
"445122104000",新丰镇,饶平县,潮州
"445122114000",新圩镇,饶平县,潮州
"445122108000",新塘镇,饶平县,潮州
"445122122000",柘林镇,饶平县,潮州
"445122116000",樟溪镇,饶平县,潮州
"445122109000",汤溪镇,饶平县,潮州
"445122123000",汫洲镇,饶平县,潮州
"445122112000",浮山镇,饶平县,潮州
"445122110000",浮滨镇,饶平县,潮州
"445122124000",海山镇,饶平县,潮州
"445122119000",联饶镇,饶平县,潮州
"445122117000",钱东镇,饶平县,潮州
"445122400000",韩江林场,饶平县,潮州
"445122103000",饶洋镇,饶平县,潮州
"445122118000",高堂镇,饶平县,潮州
"445122100000",黄冈镇,饶平县,潮州
"440403105000",乾务镇,斗门区,珠海
"440403107000",井岸镇,斗门区,珠海
"440403103000",斗门镇,斗门区,珠海
"440403106000",白蕉镇,斗门区,珠海
"440403001000",白藤街道,斗门区,珠海
"440403100000",莲洲镇,斗门区,珠海
"440404100000",三灶镇,金湾区,珠海
"440404101000",南水镇,金湾区,珠海
"440404104000",平沙镇,金湾区,珠海
"440404103000",红旗镇,金湾区,珠海
"440404400000",联港工业区,金湾区,珠海
"440404401000",航空产业园,金湾区,珠海
"440402106000",万山镇,香洲区,珠海
"440402403000",三溪科创小镇发展中心,香洲区,珠海
"440402402000",保税区,香洲区,珠海
"440402009000",凤山街道,香洲区,珠海
"440402003000",前山街道,香洲区,珠海
"440402401000",南屏科技园,香洲区,珠海
"440402102000",南屏镇,香洲区,珠海
"440402004000",吉大街道,香洲区,珠海
"440402100000",唐家湾镇,香洲区,珠海
"440402107000",担杆镇,香洲区,珠海
"440402005000",拱北街道,香洲区,珠海
"440402105000",桂山镇,香洲区,珠海
"440402002000",梅华街道,香洲区,珠海
"440402104000",横琴镇,香洲区,珠海
"440402404000",洪湾商贸物流中心,香洲区,珠海
"440402008000",湾仔街道,香洲区,珠海
"440402007000",狮山街道,香洲区,珠海
"440402001000",翠香街道,香洲区,珠海
"440402006000",香湾街道,香洲区,珠海
"441284113000",下茆镇,四会市,肇庆
"441284002000",东城街道,四会市,肇庆
"441284101000",地豆镇,四会市,肇庆
"441284001000",城中街道,四会市,肇庆
"441284105000",大沙镇,四会市,肇庆
"441284102000",威整镇,四会市,肇庆
"441284400000",广东省济广监狱,四会市,肇庆
"441284110000",江谷镇,四会市,肇庆
"441284107000",石狗镇,四会市,肇庆
"441284103000",罗源镇,四会市,肇庆
"441284450000",肇庆高新技术产业开发区,四会市,肇庆
"441284003000",贞山街道,四会市,肇庆
"441284104000",迳口镇,四会市,肇庆
"441284108000",黄田镇,四会市,肇庆
"441284100000",龙甫镇,四会市,肇庆
"441225111000",南丰镇,封开县,肇庆
"441225103000",大洲镇,封开县,肇庆
"441225112000",大玉口镇,封开县,肇庆
"441225110000",平凤镇,封开县,肇庆
"441225107000",杏花镇,封开县,肇庆
"441225001000",江口街道,封开县,肇庆
"441225101000",江川镇,封开县,肇庆
"441225105000",河儿口镇,封开县,肇庆
"441225104000",渔涝镇,封开县,肇庆
"441225102000",白垢镇,封开县,肇庆
"441225108000",罗董镇,封开县,肇庆
"441225106000",连都镇,封开县,肇庆
"441225113000",都平镇,封开县,肇庆
"441225114000",金装镇,封开县,肇庆
"441225115000",长安镇,封开县,肇庆
"441225109000",长岗镇,封开县,肇庆
"441223111000",五和镇,广宁县,肇庆
"441223106000",北市镇,广宁县,肇庆
"441223001000",南街街道,广宁县,肇庆
"441223115000",古水镇,广宁县,肇庆
"441223107000",坑口镇,广宁县,肇庆
"441223110000",宾亨镇,广宁县,肇庆
"441223100000",排沙镇,广宁县,肇庆
"441223113000",木格镇,广宁县,肇庆
"441223112000",横山镇,广宁县,肇庆
"441223103000",江屯镇,广宁县,肇庆
"441223116000",洲仔镇,广宁县,肇庆
"441223102000",潭布镇,广宁县,肇庆
"441223114000",石咀镇,广宁县,肇庆
"441223105000",螺岗镇,广宁县,肇庆
"441223108000",赤坑镇,广宁县,肇庆
"441226114000",九市镇,德庆县,肇庆
"441226112000",凤村镇,德庆县,肇庆
"441226102000",回龙镇,德庆县,肇庆
"441226103000",官圩镇,德庆县,肇庆
"441226001000",德城街道,德庆县,肇庆
"441226113000",悦城镇,德庆县,肇庆
"441226111000",播植镇,德庆县,肇庆
"441226101000",新圩镇,德庆县,肇庆
"441226110000",武垄镇,德庆县,肇庆
"441226109000",永丰镇,德庆县,肇庆
"441226107000",莫村镇,德庆县,肇庆
"441226105000",马圩镇,德庆县,肇庆
"441226106000",高良镇,德庆县,肇庆
"441224200000",下帅壮族瑶族乡,怀集县,肇庆
"441224116000",中洲镇,怀集县,肇庆
"441224110000",冷坑镇,怀集县,肇庆
"441224105000",凤岗镇,怀集县,肇庆
"441224102000",坳仔镇,怀集县,肇庆
"441224108000",大岗镇,怀集县,肇庆
"441224109000",岗坪镇,怀集县,肇庆
"441224002000",幸福街道,怀集县,肇庆
"441224001000",怀城街道,怀集县,肇庆
"441224115000",桥头镇,怀集县,肇庆
"441224107000",梁村镇,怀集县,肇庆
"441224113000",永固镇,怀集县,肇庆
"441224103000",汶朗镇,怀集县,肇庆
"441224106000",洽水镇,怀集县,肇庆
"441224104000",甘洒镇,怀集县,肇庆
"441224112000",蓝钟镇,怀集县,肇庆
"441224114000",诗洞镇,怀集县,肇庆
"441224118000",连麦镇,怀集县,肇庆
"441224111000",马宁镇,怀集县,肇庆
"441202001000",端州区城东街道,端州区,肇庆
"441202003000",端州区城西街道,端州区,肇庆
"441202006000",端州区睦岗街道,端州区,肇庆
"441202005000",端州区黄岗街道,端州区,肇庆
"441204101000",乐城镇,高要区,肇庆
"441204001000",南岸街道,高要区,肇庆
"441204112000",回龙镇,高要区,肇庆
"441204106000",大湾镇,高要区,肇庆
"441204105000",小湘镇,高要区,肇庆
"441204107000",新桥镇,高要区,肇庆
"441204102000",水南镇,高要区,肇庆
"441204100000",河台镇,高要区,肇庆
"441204110000",活道镇,高要区,肇庆
"441204113000",白土镇,高要区,肇庆
"441204108000",白诸镇,高要区,肇庆
"441204103000",禄步镇,高要区,肇庆
"441204109000",莲塘镇,高要区,肇庆
"441204116000",蚬岗镇,高要区,肇庆
"441204111000",蛟塘镇,高要区,肇庆
"441204115000",金利镇,高要区,肇庆
"441204114000",金渡镇,高要区,肇庆
"441203103000",凤凰镇,鼎湖区,肇庆
"441203001000",坑口街道,鼎湖区,肇庆
"441203003000",广利街道,鼎湖区,肇庆
"441203002000",桂城街道,鼎湖区,肇庆
"441203101000",永安镇,鼎湖区,肇庆
"441203102000",沙浦镇,鼎湖区,肇庆
"441203104000",莲花镇,鼎湖区,肇庆
"440983105000",丁堡镇,信宜市,茂名
"440983001000",东镇街道,信宜市,茂名
"440983400000",信宜市国营红旗农场,信宜市,茂名
"440983125000",北界镇,信宜市,茂名
"440983119000",合水镇,信宜市,茂名
"440983117000",大成镇,信宜市,茂名
"440983121000",平塘镇,信宜市,茂名
"440983113000",怀乡镇,信宜市,茂名
"440983122000",思贺镇,信宜市,茂名
"440983120000",新宝镇,信宜市,茂名
"440983124000",朱砂镇,信宜市,茂名
"440983102000",水口镇,信宜市,茂名
"440983106000",池洞镇,信宜市,茂名
"440983115000",洪冠镇,信宜市,茂名
"440983116000",白石镇,信宜市,茂名
"440983114000",茶山镇,信宜市,茂名
"440983112000",贵子镇,信宜市,茂名
"440983123000",金垌镇,信宜市,茂名
"440983118000",钱排镇,信宜市,茂名
"440983101000",镇隆镇,信宜市,茂名
"440982003000",下郭街道,化州市,茂名
"440982002000",东山街道,化州市,茂名
"440982120000",中垌镇,化州市,茂名
"440982106000",丽岗镇,化州市,茂名
"440982004000",南盛街道,化州市,茂名
"440982112000",合江镇,化州市,茂名
"440982101000",同庆镇,化州市,茂名
"440982403000",和平农场,化州市,茂名
"440982108000",官桥镇,化州市,茂名
"440982115000",宝圩镇,化州市,茂名
"440982116000",平定镇,化州市,茂名
"440982406000",建设农场,化州市,茂名
"440982114000",播扬镇,化州市,茂名
"440982117000",文楼镇,化州市,茂名
"440982402000",新华农场,化州市,茂名
"440982107000",新安镇,化州市,茂名
"440982401000",新时代农场,化州市,茂名
"440982102000",杨梅镇,化州市,茂名
"440982110000",林尘镇,化州市,茂名
"440982118000",江湖镇,化州市,茂名
"440982001000",河西街道,化州市,茂名
"440982005000",石湾街道,化州市,茂名
"440982407000",石滩农场,化州市,茂名
"440982104000",笪桥镇,化州市,茂名
"440982405000",红峰农场,化州市,茂名
"440982404000",红阳农场,化州市,茂名
"440982103000",良光镇,化州市,茂名
"440982113000",那务镇,化州市,茂名
"440982400000",鉴江开发区,化州市,茂名
"440982100000",长岐镇,化州市,茂名
"440904103000",七迳镇,电白区,茂名
"440904001000",南海街道,电白区,茂名
"440904125000",博贺镇,电白区,茂名
"440904102000",坡心镇,电白区,茂名
"440904109000",小良镇,电白区,茂名
"440904101000",岭门镇,电白区,茂名
"440904453000",新华农场,电白区,茂名
"440904107000",旦场镇,电白区,茂名
"440904451000",曙光农场,电白区,茂名
"440904119000",望夫镇,电白区,茂名
"440904126000",林头镇,电白区,茂名
"440904104000",树仔镇,电白区,茂名
"440904003000",水东街道,电白区,茂名
"440904452000",水丰农场,电白区,茂名
"440904117000",沙琅镇,电白区,茂名
"440904105000",沙院镇,电白区,茂名
"440904127000",电城镇,电白区,茂名
"440904004000",电海街道,电白区,茂名
"440904454000",电白盐场,电白区,茂名
"440904120000",罗坑镇,电白区,茂名
"440904116000",观珠镇,电白区,茂名
"440904121000",那霍镇,电白区,茂名
"440904005000",陈村街道,电白区,茂名
"440904115000",霞洞镇,电白区,茂名
"440904100000",马踏镇,电白区,茂名
"440904002000",高地街道,电白区,茂名
"440904106000",麻岗镇,电白区,茂名
"440904118000",黄岭镇,电白区,茂名
"440902101000",公馆镇,茂南区,茂名
"440902006000",官渡街道,茂南区,茂名
"440902107000",山阁镇,茂南区,茂名
"440902005000",新华街道,茂南区,茂名
"440902102000",新坡镇,茂南区,茂名
"440902003000",河东街道,茂南区,茂名
"440902002000",河西街道,茂南区,茂名
"440902007000",站前街道,茂南区,茂名
"440902001000",红旗街道,茂南区,茂名
"440902108000",羊角镇,茂南区,茂名
"440902400000",茂南开发区,茂南区,茂名
"440902105000",袂花镇,茂南区,茂名
"440902100000",金塘镇,茂南区,茂名
"440902103000",镇盛镇,茂南区,茂名
"440902004000",露天矿街道,茂南区,茂名
"440902106000",高山镇,茂南区,茂名
"440902104000",鳌头镇,茂南区,茂名
"440981128000",东岸镇,高州市,茂名
"440981102000",云潭镇,高州市,茂名
"440981103000",分界镇,高州市,茂名
"440981110000",南塘镇,高州市,茂名
"440981123000",古丁镇,高州市,茂名
"440981450000",团结农场,高州市,茂名
"440981115000",大井镇,高州市,茂名
"440981119000",大坡镇,高州市,茂名
"440981008000",宝光街道,高州市,茂名
"440981003000",山美街道,高州市,茂名
"440981120000",平山镇,高州市,茂名
"440981101000",新垌镇,高州市,茂名
"440981124000",曹江镇,高州市,茂名
"440981104000",根子镇,高州市,茂名
"440981109000",沙田镇,高州市,茂名
"440981105000",泗水镇,高州市,茂名
"440981121000",深镇镇,高州市,茂名
"440981007000",潘州街道,高州市,茂名
"440981116000",潭头镇,高州市,茂名
"440981452000",火星农场,高州市,茂名
"440981002000",石仔岭街道,高州市,茂名
"440981112000",石板镇,高州市,茂名
"440981127000",石鼓镇,高州市,茂名
"440981451000",胜利农场,高州市,茂名
"440981126000",荷塘镇,高州市,茂名
"440981111000",荷花镇,高州市,茂名
"440981100000",谢鸡镇,高州市,茂名
"440981006000",金山街道,高州市,茂名
"440981107000",镇江镇,高州市,茂名
"440981129000",长坡镇,高州市,茂名
"440981122000",马贵镇,高州市,茂名
"441702004000",中洲街道,江城区,阳江
"441702001000",南恩街道,江城区,阳江
"441702106000",双捷镇,江城区,阳江
"441702006000",城东街道,江城区,阳江
"441702003000",城北街道,江城区,阳江
"441702002000",城南街道,江城区,阳江
"441702009000",城西街道,江城区,阳江
"441702102000",埠场镇,江城区,阳江
"441702008000",岗列街道,江城区,阳江
"441702103000",平冈镇,江城区,阳江
"441702011000",白沙街道,江城区,阳江
"441702105000",闸坡镇,江城区,阳江
"441702401000",阳江林场罗琴分场,江城区,阳江
"441704100000",东城镇,阳东区,阳江
"441704103000",东平镇,阳东区,阳江
"441704101000",北惯镇,阳东区,阳江
"441704107000",合山镇,阳东区,阳江
"441704108000",塘坪镇,阳东区,阳江
"441704109000",大八镇,阳东区,阳江
"441704105000",大沟镇,阳东区,阳江
"441704106000",新洲镇,阳东区,阳江
"441704110000",红丰镇,阳东区,阳江
"441704102000",那龙镇,阳东区,阳江
"441704503000",阳东原种场,阳东区,阳江
"441704504000",阳东林场,阳东区,阳江
"441704505000",阳江林场东岸分场,阳东区,阳江
"441704501000",阳江林场宝山分场,阳东区,阳江
"441704502000",阳江林场田畔分场,阳东区,阳江
"441704400000",阳江监狱,阳东区,阳江
"441704104000",雅韶镇,阳东区,阳江
"441781114000",三甲镇,阳春市,阳江
"441781405000",东湖林场,阳春市,阳江
"441781117000",八甲镇,阳春市,阳江
"441781407000",南山矿,阳春市,阳江
"441781116000",双窖镇,阳春市,阳江
"441781106000",合水镇,阳春市,阳江
"441781108000",圭岗镇,阳春市,阳江
"441781111000",岗美镇,阳春市,阳江
"441781001000",春城街道,阳春市,阳江
"441781105000",春湾镇,阳春市,阳江
"441781102000",松柏镇,阳春市,阳江
"441781109000",永宁镇,阳春市,阳江
"441781112000",河口镇,阳春市,阳江
"441781406000",河尾山林场,阳春市,阳江
"441781101000",河朗镇,阳春市,阳江
"441781002000",河西街道,阳春市,阳江
"441781113000",潭水镇,阳春市,阳江
"441781403000",石录矿区,阳春市,阳江
"441781103000",石望镇,阳春市,阳江
"441781410000",硫铁矿,阳春市,阳江
"441781404000",花滩林场,阳春市,阳江
"441781408000",阳春监狱,阳春市,阳江
"441781107000",陂面镇,阳春市,阳江
"441781110000",马水镇,阳春市,阳江
"441721103000",上洋镇,阳西县,阳江
"441721106000",儒洞镇,阳西县,阳江
"441721102000",塘口镇,阳西县,阳江
"441721107000",新圩镇,阳西县,阳江
"441721105000",沙扒镇,阳西县,阳江
"441721104000",溪头镇,阳西县,阳江
"441721101000",程村镇,阳西县,阳江
"441721100000",织篢镇,阳西县,阳江
"441721502000",阳江林场儒洞分场,阳西县,阳江
"440281107000",三溪镇,乐昌市,韶关
"440281112000",两江镇,乐昌市,韶关
"440281001000",乐城街道,乐昌市,韶关
"440281103000",九峰镇,乐昌市,韶关
"440281114000",云岩镇,乐昌市,韶关
"440281111000",五山镇,乐昌市,韶关
"440281102000",北乡镇,乐昌市,韶关
"440281451000",坪石办事处,乐昌市,韶关
"440281108000",坪石镇,乐昌市,韶关
"440281117000",大源镇,乐昌市,韶关
"440281118000",庆云镇,乐昌市,韶关
"440281104000",廊田镇,乐昌市,韶关
"440281452000",梅田办事处,乐昌市,韶关
"440281106000",梅花镇,乐昌市,韶关
"440281113000",沙坪镇,乐昌市,韶关
"440281119000",白石镇,乐昌市,韶关
"440281115000",秀水镇,乐昌市,韶关
"440281105000",长来镇,乐昌市,韶关
"440281110000",黄圃镇,乐昌市,韶关
"440232103000",一六镇,乳源瑶族自治县,韶关
"440232111000",东坪镇,乳源瑶族自治县,韶关
"440232100000",乳城镇,乳源瑶族自治县,韶关
"440232451000",乳阳林业局,乳源瑶族自治县,韶关
"440232108000",大布镇,乳源瑶族自治县,韶关
"440232109000",大桥镇,乳源瑶族自治县,韶关
"440232450000",天井山林场,乳源瑶族自治县,韶关
"440232113000",必背镇,乳源瑶族自治县,韶关
"440232104000",桂头镇,乳源瑶族自治县,韶关
"440232106000",洛阳镇,乳源瑶族自治县,韶关
"440232112000",游溪镇,乳源瑶族自治县,韶关
"440224001000",丹霞街道,仁化县,韶关
"440224110000",周田镇,仁化县,韶关
"440224105000",城口镇,仁化县,韶关
"440224109000",大桥镇,仁化县,韶关
"440224103000",扶溪镇,仁化县,韶关
"440224107000",石塘镇,仁化县,韶关
"440224106000",红山镇,仁化县,韶关
"440224108000",董塘镇,仁化县,韶关
"440224104000",长江镇,仁化县,韶关
"440224102000",闻韶镇,仁化县,韶关
"440224111000",黄坑镇,仁化县,韶关
"440282400000",东莞大岭山（南雄）产业转移工业园,南雄市,韶关
"440282115000",主田镇,南雄市,韶关
"440282100000",乌迳镇,南雄市,韶关
"440282118000",全安镇,南雄市,韶关
"440282109000",南亩镇,南雄市,韶关
"440282116000",古市镇,南雄市,韶关
"440282104000",坪田镇,南雄市,韶关
"440282122000",帽子峰镇,南雄市,韶关
"440282110000",水口镇,南雄市,韶关
"440282111000",江头镇,南雄市,韶关
"440282107000",油山镇,南雄市,韶关
"440282112000",湖口镇,南雄市,韶关
"440282121000",澜河镇,南雄市,韶关
"440282113000",珠玑镇,南雄市,韶关
"440282103000",界址镇,南雄市,韶关
"440282120000",百顺镇,南雄市,韶关
"440282106000",邓坊镇,南雄市,韶关
"440282001000",雄州街道,南雄市,韶关
"440282105000",黄坑镇,南雄市,韶关
"440222105000",司前镇,始兴县,韶关
"440222107000",城南镇,始兴县,韶关
"440222100000",太平镇,始兴县,韶关
"440222108000",沈所镇,始兴县,韶关
"440222204000",深渡水乡,始兴县,韶关
"440222102000",澄江镇,始兴县,韶关
"440222104000",罗坝镇,始兴县,韶关
"440222106000",隘子镇,始兴县,韶关
"440222103000",顿岗镇,始兴县,韶关
"440222101000",马市镇,始兴县,韶关
"440233001000",丰城街道,新丰县,韶关
"440233105000",回龙镇,新丰县,韶关
"440233102000",梅坑镇,新丰县,韶关
"440233103000",沙田镇,新丰县,韶关
"440233104000",遥田镇,新丰县,韶关
"440233101000",马头镇,新丰县,韶关
"440233100000",黄磜镇,新丰县,韶关
"440205106000",乌石镇,曲江区,韶关
"440205101000",大塘镇,曲江区,韶关
"440205103000",小坑镇,曲江区,韶关
"440205001000",松山街道,曲江区,韶关
"440205102000",枫湾镇,曲江区,韶关
"440205107000",樟市镇,曲江区,韶关
"440205104000",沙溪镇,曲江区,韶关
"440205108000",白土镇,曲江区,韶关
"440205109000",罗坑镇,曲江区,韶关
"440205100000",马坝镇,曲江区,韶关
"440203002000",惠民街道,武江区,韶关
"440203001000",新华街道,武江区,韶关
"440203103000",江湾镇,武江区,韶关
"440203101000",西河镇,武江区,韶关
"440203100000",西联镇,武江区,韶关
"440203104000",重阳镇,武江区,韶关
"440203102000",龙归镇,武江区,韶关
"440204001000",东河街道,浈江区,韶关
"440204101000",乐园镇,浈江区,韶关
"440204102000",十里亭镇,浈江区,韶关
"440204100000",新韶镇,浈江区,韶关
"440204402000",曲仁办事处,浈江区,韶关
"440204103000",犁市镇,浈江区,韶关
"440204401000",田螺冲办事处,浈江区,韶关
"440204104000",花坪镇,浈江区,韶关
"440204002000",车站街道,浈江区,韶关
"440204008000",风采街道,浈江区,韶关
"440229111000",周陂镇,翁源县,韶关
"440229104000",坝仔镇,翁源县,韶关
"440229109000",官渡镇,翁源县,韶关
"440229114000",新江镇,翁源县,韶关
"440229106000",江尾镇,翁源县,韶关
"440229113000",翁城镇,翁源县,韶关
"440229115000",铁龙镇,翁源县,韶关
"440229100000",龙仙镇,翁源县,韶关
