"ADMIN_CODE","COUNTY","CITY"
"441900000000",东莞市,东莞
"442000000000",中山市,中山
"445302000000",云城区,云浮
"445303000000",云安区,云浮
"445321000000",新兴县,云浮
"445381000000",罗定市,云浮
"445322000000",郁南县,云浮
"440607000000",三水区,佛山
"440605000000",南海区,佛山
"440604000000",禅城区,佛山
"440606000000",顺德区,佛山
"440608000000",高明区,佛山
"440117000000",从化区,广州
"440115000000",南沙区,广州
"440118000000",增城区,广州
"440106000000",天河区,广州
"440105000000",海珠区,广州
"440113000000",番禺区,广州
"440111000000",白云区,广州
"440114000000",花都区,广州
"440103000000",荔湾区,广州
"440104000000",越秀区,广州
"440112000000",黄埔区,广州
"441322000000",博罗县,惠州
"441323000000",惠东县,惠州
"441302000000",惠城区,惠州
"441303000000",惠阳区,惠州
"441324000000",龙门县,惠州
"445224000000",惠来县,揭阳
"445203000000",揭东区,揭阳
"445222000000",揭西县,揭阳
"445281000000",普宁市,揭阳
"445202000000",榕城区,揭阳
"441423000000",丰顺县,梅州
"441424000000",五华县,梅州
"441481000000",兴宁市,梅州
"441422000000",大埔县,梅州
"441426000000",平远县,梅州
"441403000000",梅县区,梅州
"441402000000",梅江区,梅州
"441427000000",蕉岭县,梅州
"440523000000",南澳县,汕头
"440514000000",潮南区,汕头
"440513000000",潮阳区,汕头
"440515000000",澄海区,汕头
"440512000000",濠江区,汕头
"440511000000",金平区,汕头
"440507000000",龙湖区,汕头
"441502000000",城区,汕尾
"441521000000",海丰县,汕尾
"441581000000",陆丰市,汕尾
"441523000000",陆河县,汕尾
"440781000000",台山市,江门
"440783000000",开平市,江门
"440785000000",恩平市,江门
"440705000000",新会区,江门
"440704000000",江海区,江门
"440703000000",蓬江区,江门
"440784000000",鹤山市,江门
"441625000000",东源县,河源
"441624000000",和平县,河源
"441626000000",江东新区,河源
"441602000000",源城区,河源
"441621000000",紫金县,河源
"441623000000",连平县,河源
"441622000000",龙川县,河源
"440311000000",光明区,深圳
"440305000000",南山区,深圳
"440310000000",坪山区,深圳
"440313000000",大鹏新区,深圳
"440306000000",宝安区,深圳
"440312000000",深汕特别合作区,深圳
"440308000000",盐田区,深圳
"440304000000",福田区,深圳
"440303000000",罗湖区,深圳
"440309000000",龙华区,深圳
"440307000000",龙岗区,深圳
"441821000000",佛冈县,清远
"441802000000",清城区,清远
"441803000000",清新区,清远
"441881000000",英德市,清远
"441826000000",连南瑶族自治县,清远
"441825000000",连山壮族瑶族自治县,清远
"441882000000",连州市,清远
"441823000000",阳山县,清远
"440883000000",吴川市,湛江
"440804000000",坡头区,湛江
"440881000000",廉江市,湛江
"440825000000",徐闻县,湛江
"440802000000",赤坎区,湛江
"440823000000",遂溪县,湛江
"440882000000",雷州市,湛江
"440803000000",霞山区,湛江
"440811000000",麻章区,湛江
"445102000000",湘桥区,潮州
"445103000000",潮安区,潮州
"445122000000",饶平县,潮州
"440403000000",斗门区,珠海
"440404000000",金湾区,珠海
"440402000000",香洲区,珠海
"441284000000",四会市,肇庆
"441225000000",封开县,肇庆
"441223000000",广宁县,肇庆
"441226000000",德庆县,肇庆
"441224000000",怀集县,肇庆
"441202000000",端州区,肇庆
"441204000000",高要区,肇庆
"441203000000",鼎湖区,肇庆
"440983000000",信宜市,茂名
"440982000000",化州市,茂名
"440904000000",电白区,茂名
"440902000000",茂南区,茂名
"440981000000",高州市,茂名
"441702000000",江城区,阳江
"441704000000",阳东区,阳江
"441781000000",阳春市,阳江
"441721000000",阳西县,阳江
"440281000000",乐昌市,韶关
"440232000000",乳源瑶族自治县,韶关
"440224000000",仁化县,韶关
"440282000000",南雄市,韶关
"440222000000",始兴县,韶关
"440233000000",新丰县,韶关
"440205000000",曲江区,韶关
"440203000000",武江区,韶关
"440204000000",浈江区,韶关
"440229000000",翁源县,韶关
