No.,Station Code,Station Name,2026-9-1,2026-9-2,2026-9-3,2026-9-4,2026-9-5,2026-9-6,2026-9-7,2026-9-8,2026-9-9,2026-9-10,2026-9-11,2026-9-12,2026-9-13,2026-9-14,Average,Max,Min,Township,County,City
1,57988,乐昌,24.1,23.5,23.6,24.2,24.1,26.8,28.4,28.4,28.0,24.7,24.1,25.3,26.9,27.8,25.7,28.4,23.5,乐城街道,乐昌市,韶关
2,57989,仁化,25.4,23.6,22.9,23.9,24.6,26.8,26.9,27.5,25.9,24.0,24.4,24.1,26.3,26.7,25.2,27.5,22.9,丹霞街道,仁化县,韶关
3,57996,南雄,24.8,23.1,22.8,23.6,24.6,26.6,26.2,26.9,26.5,25.2,25.5,25.5,27.2,28.6,25.5,28.6,22.8,古市镇,南雄市,韶关
4,59071,连南,23.8,22.2,23.5,23.0,23.3,25.0,26.9,27.2,27.2,25.1,23.7,24.4,25.1,26.9,24.8,27.2,22.2,三江镇,连南瑶族自治县,清远
5,59072,连州,23.3,22.1,23.2,23.1,23.6,25.5,26.9,26.9,26.8,25.0,23.4,24.8,25.2,27.1,24.8,27.1,22.1,连州镇,连州市,清远
6,59074,连山,23.6,22.9,23.5,22.7,23.5,24.7,26.5,26.9,25.8,23.7,22.8,23.5,25.0,26.0,24.4,26.9,22.7,吉田镇,连山壮族瑶族自治县,清远
7,59075,阳山,24.1,23.5,24.1,23.8,24.9,25.1,27.2,27.2,27.5,24.8,23.7,25.4,26.1,27.4,25.3,27.5,23.5,七拱镇,阳山县,清远
8,59081,乳源,24.6,24.1,24.8,23.4,24.8,26.7,28.2,28.2,27.3,25.6,24.6,25.4,26.8,28.3,25.9,28.3,23.4,乳城镇,乳源瑶族自治县,韶关
9,59082,韶关,23.6,22.6,23.1,22.9,25.2,26.6,27.7,27.7,26.9,26.0,25.2,25.6,26.7,28.5,25.6,28.5,22.6,马坝镇,曲江区,韶关
10,59087,佛冈,25.3,24.4,25.4,25.0,27.4,27.2,28.1,28.3,28.1,26.2,26.4,27.2,28.0,28.7,26.8,28.7,24.4,石角镇,佛冈县,清远
11,59088,英德,24.4,23.8,25.3,24.5,26.9,26.7,28.9,28.7,29.3,27.2,26.3,27.1,28.3,29.7,26.9,29.7,23.8,英城街道,英德市,清远
12,59090,始兴,24.7,23.1,23.2,24.0,24.6,26.7,27.0,27.4,27.0,25.7,25.5,25.6,27.1,28.0,25.7,28.0,23.1,太平镇,始兴县,韶关
13,59094,翁源,25.0,24.4,23.8,24.0,25.8,26.6,27.2,27.1,27.6,26.4,25.4,26.5,27.9,28.4,26.2,28.4,23.8,龙仙镇,翁源县,韶关
14,59096,连平,25.2,24.9,23.9,25.0,25.3,26.1,26.2,25.8,25.6,26.0,25.0,25.9,26.9,28.0,25.7,28.0,23.9,元善镇,连平县,河源
15,59097,新丰,25.8,25.0,24.8,24.2,26.1,26.2,26.5,26.3,25.8,24.8,25.8,25.8,26.8,27.6,25.8,27.6,24.2,丰城街道,新丰县,韶关
16,59099,和平,25.4,25.5,24.1,24.7,25.9,26.6,27.2,25.9,25.4,25.0,25.4,26.4,27.3,28.5,26.0,28.5,24.1,阳明镇,和平县,河源
17,59106,平远,25.6,25.8,23.8,25.3,25.5,26.8,26.8,26.4,26.6,24.5,26.1,27.3,26.8,28.1,26.1,28.1,23.8,大柘镇,平远县,梅州
18,59107,龙川,25.6,25.5,23.3,25.1,25.5,26.4,27.3,26.9,25.7,23.4,25.8,26.5,27.2,25.8,25.7,27.3,23.3,老隆镇,龙川县,河源
19,59109,兴宁,25.7,25.8,23.4,25.5,25.6,26.4,27.3,27.1,25.5,25.1,26.4,27.2,27.6,26.8,26.1,27.6,23.4,叶塘镇,兴宁市,梅州
20,59114,蕉岭,27.4,25.8,24.2,26.1,26.4,26.9,27.1,26.6,27.0,24.4,26.8,27.1,27.5,28.5,26.6,28.5,24.2,蕉城镇,蕉岭县,梅州
21,59116,大埔,25.9,25.0,23.9,26.2,25.7,26.2,26.8,26.6,24.5,24.0,26.1,26.4,26.5,26.4,25.7,26.8,23.9,湖寮镇,大埔县,梅州
22,59117,梅县,27.3,25.9,24.4,26.1,26.4,27.4,28.3,27.0,26.6,25.7,27.2,28.1,28.3,28.4,26.9,28.4,24.4,程江镇,梅县区,梅州
23,59264,封开,26.2,25.5,25.0,24.1,25.6,24.4,26.9,28.4,28.1,26.7,25.1,26.0,27.4,26.7,26.2,28.4,24.1,江口镇,封开县,肇庆
24,59268,郁南,25.9,25.7,25.4,23.5,26.5,24.9,27.3,29.0,28.6,26.6,26.0,26.7,27.6,25.1,26.3,29.0,23.5,都城镇,郁南县,云浮
25,59269,德庆,25.2,24.8,25.2,23.8,27.0,24.7,27.2,27.9,28.3,25.6,26.2,26.4,27.1,25.3,26.1,28.3,23.8,新圩镇,德庆县,肇庆
26,59270,怀集,26.2,25.4,25.3,24.5,26.5,26.0,27.9,29.1,28.1,27.0,25.5,25.8,27.7,27.8,26.6,29.1,24.5,怀城街道,怀集县,肇庆
27,59271,广宁,25.8,25.8,25.9,24.6,26.9,26.3,27.9,29.4,28.3,26.3,25.8,26.0,27.2,27.7,26.7,29.4,24.6,南街镇,广宁县,肇庆
28,59276,四会,25.9,26.2,26.9,25.6,27.5,26.1,27.8,28.8,27.9,26.6,26.0,26.2,27.2,27.5,26.9,28.8,25.6,贞山街道,四会市,肇庆
29,59278,高要,27.0,26.1,26.6,25.1,27.6,26.0,28.1,29.5,29.2,26.3,27.3,28.1,27.3,26.8,27.2,29.5,25.1,莲塘镇,高要区,肇庆
30,59279,三水,26.9,26.5,27.5,26.2,28.3,27.0,28.7,29.9,29.5,27.2,27.5,28.0,28.6,28.7,27.9,29.9,26.2,云东海街道,三水区,佛山
31,59280,清远,26.0,25.7,26.3,25.5,27.6,27.7,29.2,29.4,29.5,26.7,26.7,27.2,28.6,29.6,27.6,29.6,25.5,东城街道,清城区,清远
32,59284,花都,26.7,26.5,27.0,26.1,28.6,26.9,30.0,30.7,30.5,27.6,27.7,27.9,29.5,29.8,28.3,30.7,26.1,花城街道,花都区,广州
33,59285,从化,26.4,24.4,25.1,25.0,27.1,26.3,28.3,28.6,27.9,25.9,26.2,26.9,27.8,28.1,26.7,28.6,24.4,江埔街道,从化区,广州
34,59287,广州,26.5,25.5,26.4,25.7,27.8,26.0,28.1,28.1,28.6,26.1,26.7,27.0,27.7,27.9,27.0,28.6,25.5,长岭街道,黄埔区,广州
35,59288,南海,27.1,26.7,27.4,26.5,29.1,27.2,29.5,30.2,30.8,27.2,27.6,28.5,28.9,28.3,28.2,30.8,26.5,狮山镇,南海区,佛山
36,59289,东莞,27.0,25.9,27.0,27.0,28.5,26.2,28.4,29.8,28.9,27.1,28.3,28.9,27.8,27.9,27.8,29.8,25.9,南城街道,东莞市,东莞
37,59290,龙门,27.7,26.1,26.4,26.0,27.6,27.4,28.0,27.3,27.1,25.7,26.1,27.3,27.9,27.7,27.0,28.0,25.7,龙田镇,龙门县,惠州
38,59293,河源,26.0,26.7,24.7,25.5,26.0,27.2,27.7,26.9,26.6,24.9,26.4,27.1,27.7,28.3,26.6,28.3,24.7,仙塘镇,东源县,河源
39,59294,增城,26.6,25.5,26.7,26.2,27.8,27.6,28.9,28.9,28.5,26.4,26.7,27.3,28.3,28.3,27.4,28.9,25.5,荔城街道,增城区,广州
40,59297,博罗,27.9,27.1,26.7,26.8,28.3,28.1,28.5,28.9,28.3,27.1,27.8,28.4,28.1,26.5,27.8,28.9,26.5,罗阳街道,博罗县,惠州
41,59298,惠阳,27.3,27.0,25.8,26.6,28.0,27.7,28.9,29.5,28.5,26.7,27.5,27.9,27.4,26.9,27.6,29.5,25.8,龙丰街道,惠城区,惠州
42,59303,五华,27.6,26.5,24.2,26.1,26.2,27.7,28.4,27.3,26.3,25.8,27.0,28.0,28.5,27.2,26.9,28.5,24.2,水寨镇,五华县,梅州
43,59304,紫金,25.5,25.5,22.8,25.0,24.6,25.3,26.6,26.0,26.4,24.3,25.8,26.5,26.7,26.6,25.5,26.7,22.8,紫城镇,紫金县,河源
44,59306,揭西,26.1,27.1,25.6,26.4,25.6,27.8,28.5,28.3,26.2,26.3,27.2,27.5,28.0,27.1,27.0,28.5,25.6,河婆街道,揭西县,揭阳
45,59310,丰顺,27.0,27.4,25.4,26.8,25.8,27.9,28.9,28.9,26.7,27.4,28.2,28.5,28.5,27.8,27.5,28.9,25.4,汤坑镇,丰顺县,梅州
46,59312,潮州,26.5,25.5,24.4,27.4,26.2,27.3,27.5,26.9,25.8,26.2,27.0,27.6,27.6,27.8,26.7,27.8,24.4,红山农场,湘桥区,潮州
47,59313,饶平,26.2,25.1,24.2,27.0,25.9,26.5,27.1,26.7,25.9,26.0,26.8,27.5,28.0,28.1,26.5,28.1,24.2,黄冈镇,饶平县,潮州
48,59314,普宁,25.7,26.2,25.4,26.6,25.9,27.7,27.8,27.5,26.7,26.9,27.6,28.0,28.5,28.2,27.1,28.5,25.4,大坝镇,普宁市,揭阳
49,59315,揭阳,26.7,27.0,25.1,27.2,25.9,28.2,28.4,27.9,27.5,27.5,28.3,28.7,28.3,28.9,27.5,28.9,25.1,曲溪街道,揭东区,揭阳
50,59316,汕头,26.6,26.1,25.5,27.8,26.9,28.8,28.4,28.3,28.7,28.7,28.6,29.4,29.8,29.6,28.1,29.8,25.5,岐山街道,金平区,汕头
51,59317,惠来,26.0,25.7,25.8,27.4,26.4,27.6,27.2,27.2,27.1,27.5,27.7,27.8,28.2,28.1,27.1,28.2,25.7,神泉镇,惠来县,揭阳
52,59318,潮阳,25.2,24.9,24.4,25.9,25.6,27.3,27.1,26.4,26.5,26.9,27.1,27.5,27.9,27.8,26.5,27.9,24.4,河溪镇,潮阳区,汕头
53,59319,澄海,26.1,25.4,24.5,27.4,25.9,28.1,27.8,27.3,27.1,26.8,27.2,28.2,28.3,28.3,27.0,28.3,24.5,上华镇,澄海区,汕头
54,59324,南澳,26.2,25.9,25.1,27.2,26.2,27.2,27.3,26.2,27.0,27.7,28.1,28.4,29.2,29.1,27.2,29.2,25.1,后宅镇,南澳县,汕头
55,59456,信宜,26.5,26.3,25.8,25.0,26.2,27.4,27.5,28.5,27.6,27.0,26.8,27.7,26.3,25.0,26.7,28.5,25.0,东镇街道,信宜市,茂名
56,59462,罗定,26.0,26.0,25.9,24.2,27.3,26.8,27.6,29.2,28.6,25.5,26.0,27.0,26.0,26.1,26.6,29.2,24.2,素龙街道,罗定市,云浮
57,59469,阳春,26.2,25.9,26.5,25.3,26.5,27.5,27.8,29.1,27.4,25.3,26.2,27.3,25.4,25.7,26.6,29.1,25.3,春城街道,阳春市,阳江
58,59470,新兴,26.8,26.4,26.6,25.1,26.9,26.6,27.6,28.6,27.5,25.0,26.3,26.2,26.0,26.2,26.6,28.6,25.0,车岗镇,新兴县,云浮
59,59471,云浮,25.3,25.0,25.1,23.7,26.5,24.9,27.2,28.9,28.2,25.3,25.8,26.3,25.5,25.9,26.0,28.9,23.7,云城街道,云城区,云浮
60,59473,鹤山,26.9,27.1,27.3,26.0,27.9,26.9,28.2,29.0,28.7,27.1,28.4,29.0,27.4,26.5,27.6,29.0,26.0,雅瑶镇,鹤山市,江门
61,59475,开平,26.9,27.2,27.3,25.9,28.3,27.8,28.6,29.6,27.7,26.3,27.9,28.0,26.9,27.3,27.6,29.6,25.9,长沙街道,开平市,江门
62,59476,新会,26.7,27.2,28.0,26.8,28.6,27.6,28.9,30.1,29.9,27.7,28.7,29.3,27.9,26.7,28.2,30.1,26.7,会城街道,新会区,江门
63,59477,恩平,27.0,27.1,27.3,25.6,27.3,27.6,28.2,28.9,28.0,25.6,26.8,27.7,25.9,26.7,27.1,28.9,25.6,大田镇,恩平市,江门
64,59478,台山,26.0,27.5,27.6,26.8,28.0,28.3,29.0,30.0,29.5,26.5,28.1,28.7,27.5,27.5,27.9,30.0,26.0,台城街道,台山市,江门
65,59480,顺德,26.3,26.3,27.3,26.7,28.7,25.9,29.0,29.9,29.7,26.8,27.9,28.1,27.8,26.8,27.7,29.9,25.9,大良街道,顺德区,佛山
66,59481,番禺,26.7,25.4,26.8,26.4,29.0,25.9,28.9,30.0,29.6,26.6,27.8,28.4,27.7,28.1,27.7,30.0,25.4,东环街道,番禺区,广州
67,59485,中山,25.3,25.8,26.8,26.6,27.9,26.5,28.2,28.5,28.4,26.0,27.4,27.7,26.9,25.8,27.0,28.5,25.3,东区街道,中山市,中山
68,59487,斗门,26.3,27.3,27.8,26.8,28.1,28.0,29.0,30.0,29.4,27.0,28.5,28.8,27.6,27.2,28.0,30.0,26.3,白蕉镇,斗门区,珠海
69,59488,珠海,26.6,27.1,27.8,27.1,28.4,27.6,28.5,29.6,29.0,27.8,27.8,28.3,27.4,27.8,27.9,29.6,26.6,狮山街道,香洲区,珠海
70,59492,惠东,26.7,27.7,26.1,27.4,26.5,27.1,28.6,28.9,27.9,26.6,27.3,27.9,27.5,27.0,27.4,28.9,26.1,大岭镇,惠东县,惠州
71,59493,深圳,26.5,26.5,26.8,27.3,28.3,26.6,28.3,29.7,28.5,27.5,28.2,28.2,28.0,26.2,27.6,29.7,26.2,香蜜湖街道,福田区,深圳
72,59500,海丰,25.8,27.8,26.7,26.4,26.9,27.8,27.1,28.3,27.1,27.7,27.8,28.3,28.0,27.9,27.4,28.3,25.8,海城镇,海丰县,汕尾
73,59501,汕尾,26.4,27.9,27.6,27.9,27.7,27.5,28.3,29.1,28.1,28.4,28.4,28.7,28.4,27.9,28.0,29.1,26.4,香洲街道,城区,汕尾
74,59502,陆丰,26.6,27.2,26.5,27.9,26.7,28.0,28.3,28.9,27.2,27.5,27.7,28.1,28.7,28.1,27.7,28.9,26.5,河东镇,陆丰市,汕尾
75,59650,遂溪,27.7,27.2,27.2,25.9,26.4,28.0,29.1,29.5,27.3,27.1,27.7,27.5,25.9,26.3,27.3,29.5,25.9,遂城街道,遂溪县,湛江
76,59653,高州,26.4,26.1,26.1,25.6,26.4,28.2,27.7,29.1,26.8,26.9,27.2,27.6,26.0,26.5,26.9,29.1,25.6,宝光街道,高州市,茂名
77,59654,廉江,27.7,27.3,27.4,26.2,26.1,28.1,28.5,29.7,27.1,26.9,27.5,28.3,26.3,26.3,27.4,29.7,26.1,石城镇,廉江市,湛江
78,59655,化州,26.4,26.3,26.4,25.3,26.1,28.1,27.7,29.4,26.2,27.0,27.3,27.9,25.3,25.6,26.8,29.4,25.3,丽岗镇,化州市,茂名
79,59656,吴川,27.5,27.3,27.6,26.6,26.4,27.7,28.2,29.1,26.9,26.6,27.4,28.0,25.5,26.3,27.2,29.1,25.5,大山江街道,吴川市,湛江
80,59658,湛江,27.3,27.0,27.3,25.8,26.3,27.6,28.5,29.2,27.3,26.8,26.9,27.8,25.5,26.2,27.1,29.2,25.5,湖光镇,麻章区,湛江
81,59659,茂名,26.9,27.0,26.7,26.1,26.6,28.2,27.4,28.9,26.5,26.5,27.3,28.0,27.0,26.8,27.1,28.9,26.1,山阁镇,茂南区,茂名
82,59663,阳江,26.8,26.5,26.9,26.3,26.8,27.8,27.4,29.2,27.5,25.8,26.9,27.6,26.5,25.4,27.0,29.2,25.4,城南街道,江城区,阳江
83,59664,电白,27.2,27.2,27.3,26.4,26.3,27.6,28.2,29.4,26.6,26.7,27.2,28.2,26.2,26.5,27.2,29.4,26.2,七迳镇,电白区,茂名
84,59673,上川岛,27.2,27.7,27.7,27.5,27.4,28.1,28.9,29.9,27.9,27.5,27.4,28.3,26.9,27.6,27.9,29.9,26.9,川岛镇,台山市,江门
85,59750,雷州,27.5,27.4,27.5,26.0,26.4,27.4,28.8,29.6,28.1,26.8,26.7,27.7,25.7,26.4,27.3,29.6,25.7,西湖街道,雷州市,湛江
86,59754,徐闻,27.4,27.4,27.8,26.6,26.7,27.5,28.2,28.3,28.0,28.1,27.3,27.8,26.2,27.0,27.5,28.3,26.2,南山镇,徐闻县,湛江
,,,2026-9-1,2026-9-2,2026-9-3,2026-9-4,2026-9-5,2026-9-6,2026-9-7,2026-9-8,2026-9-9,2026-9-10,2026-9-11,2026-9-12,2026-9-13,2026-9-14,,,,,,
,,Average,26.2,25.8,25.7,25.7,26.6,27.0,27.9,28.4,27.6,26.3,26.7,27.3,27.3,27.4,26.8,28.8,24.9,,,
,,Max,27.9,27.9,28.0,27.9,29.1,28.8,30.0,30.7,30.8,28.7,28.7,29.4,29.8,29.8,28.3,30.8,26.9,,,
,,Min,23.3,22.1,22.8,22.7,23.3,24.4,26.2,25.8,24.5,23.4,22.8,23.5,25.0,25.0,24.4,26.7,22.1,,,
