No.,Station Code,Station Name,Average,Max,Occurrence Date,Min,Occurrence Date,Cumulative,Valid Day Count,Township,County,City
1,57988,乐昌,25.7,28.4,2026-09-08,23.5,2026-09-02,359.9,14.0,乐城街道,乐昌市,韶关
2,57989,仁化,25.2,27.5,2026-09-08,22.9,2026-09-03,353.0,14.0,丹霞街道,仁化县,韶关
3,57996,南雄,25.5,28.6,2026-09-14,22.8,2026-09-03,357.1,14.0,古市镇,南雄市,韶关
4,59071,连南,24.8,27.2,2026-09-09,22.2,2026-09-02,347.3,14.0,三江镇,连南瑶族自治县,清远
5,59072,连州,24.8,27.1,2026-09-14,22.1,2026-09-02,346.9,14.0,连州镇,连州市,清远
6,59074,连山,24.4,26.9,2026-09-08,22.7,2026-09-04,341.1,14.0,吉田镇,连山壮族瑶族自治县,清远
7,59075,阳山,25.3,27.5,2026-09-09,23.5,2026-09-02,354.8,14.0,七拱镇,阳山县,清远
8,59081,乳源,25.9,28.3,2026-09-14,23.4,2026-09-04,362.8,14.0,乳城镇,乳源瑶族自治县,韶关
9,59082,韶关,25.6,28.5,2026-09-14,22.6,2026-09-02,358.3,14.0,马坝镇,曲江区,韶关
10,59087,佛冈,26.8,28.7,2026-09-14,24.4,2026-09-02,375.7,14.0,石角镇,佛冈县,清远
11,59088,英德,26.9,29.7,2026-09-14,23.8,2026-09-02,377.1,14.0,英城街道,英德市,清远
12,59090,始兴,25.7,28.0,2026-09-14,23.1,2026-09-02,359.6,14.0,太平镇,始兴县,韶关
13,59094,翁源,26.2,28.4,2026-09-14,23.8,2026-09-03,366.1,14.0,龙仙镇,翁源县,韶关
14,59096,连平,25.7,28.0,2026-09-14,23.9,2026-09-03,359.8,14.0,元善镇,连平县,河源
15,59097,新丰,25.8,27.6,2026-09-14,24.2,2026-09-04,361.5,14.0,丰城街道,新丰县,韶关
16,59099,和平,26.0,28.5,2026-09-14,24.1,2026-09-03,363.3,14.0,阳明镇,和平县,河源
17,59106,平远,26.1,28.1,2026-09-14,23.8,2026-09-03,365.4,14.0,大柘镇,平远县,梅州
18,59107,龙川,25.7,27.3,2026-09-07,23.3,2026-09-03,360.0,14.0,老隆镇,龙川县,河源
19,59109,兴宁,26.1,27.6,2026-09-13,23.4,2026-09-03,365.4,14.0,叶塘镇,兴宁市,梅州
20,59114,蕉岭,26.6,28.5,2026-09-14,24.2,2026-09-03,371.8,14.0,蕉城镇,蕉岭县,梅州
21,59116,大埔,25.7,26.8,2026-09-07,23.9,2026-09-03,360.2,14.0,湖寮镇,大埔县,梅州
22,59117,梅县,26.9,28.4,2026-09-14,24.4,2026-09-03,377.1,14.0,程江镇,梅县区,梅州
23,59264,封开,26.2,28.4,2026-09-08,24.1,2026-09-04,366.1,14.0,江口镇,封开县,肇庆
24,59268,郁南,26.3,29.0,2026-09-08,23.5,2026-09-04,368.8,14.0,都城镇,郁南县,云浮
25,59269,德庆,26.1,28.3,2026-09-09,23.8,2026-09-04,364.7,14.0,新圩镇,德庆县,肇庆
26,59270,怀集,26.6,29.1,2026-09-08,24.5,2026-09-04,372.8,14.0,怀城街道,怀集县,肇庆
27,59271,广宁,26.7,29.4,2026-09-08,24.6,2026-09-04,373.9,14.0,南街镇,广宁县,肇庆
28,59276,四会,26.9,28.8,2026-09-08,25.6,2026-09-04,376.2,14.0,贞山街道,四会市,肇庆
29,59278,高要,27.2,29.5,2026-09-08,25.1,2026-09-04,381.0,14.0,莲塘镇,高要区,肇庆
30,59279,三水,27.9,29.9,2026-09-08,26.2,2026-09-04,390.5,14.0,云东海街道,三水区,佛山
31,59280,清远,27.6,29.6,2026-09-14,25.5,2026-09-04,385.7,14.0,东城街道,清城区,清远
32,59284,花都,28.3,30.7,2026-09-08,26.1,2026-09-04,395.5,14.0,花城街道,花都区,广州
33,59285,从化,26.7,28.6,2026-09-08,24.4,2026-09-02,374.0,14.0,江埔街道,从化区,广州
34,59287,广州,27.0,28.6,2026-09-09,25.5,2026-09-02,378.1,14.0,长岭街道,黄埔区,广州
35,59288,南海,28.2,30.8,2026-09-09,26.5,2026-09-04,395.0,14.0,狮山镇,南海区,佛山
36,59289,东莞,27.8,29.8,2026-09-08,25.9,2026-09-02,388.7,14.0,南城街道,东莞市,东莞
37,59290,龙门,27.0,28.0,2026-09-07,25.7,2026-09-10,378.3,14.0,龙田镇,龙门县,惠州
38,59293,河源,26.6,28.3,2026-09-14,24.7,2026-09-03,371.7,14.0,仙塘镇,东源县,河源
39,59294,增城,27.4,28.9,2026-09-08,25.5,2026-09-02,383.7,14.0,荔城街道,增城区,广州
40,59297,博罗,27.8,28.9,2026-09-08,26.5,2026-09-14,388.5,14.0,罗阳街道,博罗县,惠州
41,59298,惠阳,27.6,29.5,2026-09-08,25.8,2026-09-03,385.7,14.0,龙丰街道,惠城区,惠州
42,59303,五华,26.9,28.5,2026-09-13,24.2,2026-09-03,376.8,14.0,水寨镇,五华县,梅州
43,59304,紫金,25.5,26.7,2026-09-13,22.8,2026-09-03,357.6,14.0,紫城镇,紫金县,河源
44,59306,揭西,27.0,28.5,2026-09-07,25.6,2026-09-05,377.7,14.0,河婆街道,揭西县,揭阳
45,59310,丰顺,27.5,28.9,2026-09-08,25.4,2026-09-03,385.2,14.0,汤坑镇,丰顺县,梅州
46,59312,潮州,26.7,27.8,2026-09-14,24.4,2026-09-03,373.7,14.0,红山农场,湘桥区,潮州
47,59313,饶平,26.5,28.1,2026-09-14,24.2,2026-09-03,371.0,14.0,黄冈镇,饶平县,潮州
48,59314,普宁,27.1,28.5,2026-09-13,25.4,2026-09-03,378.7,14.0,大坝镇,普宁市,揭阳
49,59315,揭阳,27.5,28.9,2026-09-14,25.1,2026-09-03,385.6,14.0,曲溪街道,揭东区,揭阳
50,59316,汕头,28.1,29.8,2026-09-13,25.5,2026-09-03,393.2,14.0,岐山街道,金平区,汕头
51,59317,惠来,27.1,28.2,2026-09-13,25.7,2026-09-02,379.7,14.0,神泉镇,惠来县,揭阳
52,59318,潮阳,26.5,27.9,2026-09-13,24.4,2026-09-03,370.5,14.0,河溪镇,潮阳区,汕头
53,59319,澄海,27.0,28.3,2026-09-14,24.5,2026-09-03,378.4,14.0,上华镇,澄海区,汕头
54,59324,南澳,27.2,29.2,2026-09-13,25.1,2026-09-03,380.8,14.0,后宅镇,南澳县,汕头
55,59456,信宜,26.7,28.5,2026-09-08,25.0,2026-09-14,373.6,14.0,东镇街道,信宜市,茂名
56,59462,罗定,26.6,29.2,2026-09-08,24.2,2026-09-04,372.2,14.0,素龙街道,罗定市,云浮
57,59469,阳春,26.6,29.1,2026-09-08,25.3,2026-09-10,372.1,14.0,春城街道,阳春市,阳江
58,59470,新兴,26.6,28.6,2026-09-08,25.0,2026-09-10,371.8,14.0,车岗镇,新兴县,云浮
59,59471,云浮,26.0,28.9,2026-09-08,23.7,2026-09-04,363.6,14.0,云城街道,云城区,云浮
60,59473,鹤山,27.6,29.0,2026-09-12,26.0,2026-09-04,386.4,14.0,雅瑶镇,鹤山市,江门
61,59475,开平,27.6,29.6,2026-09-08,25.9,2026-09-04,385.7,14.0,长沙街道,开平市,江门
62,59476,新会,28.2,30.1,2026-09-08,26.7,2026-09-14,394.1,14.0,会城街道,新会区,江门
63,59477,恩平,27.1,28.9,2026-09-08,25.6,2026-09-10,379.7,14.0,大田镇,恩平市,江门
64,59478,台山,27.9,30.0,2026-09-08,26.0,2026-09-01,391.0,14.0,台城街道,台山市,江门
65,59480,顺德,27.7,29.9,2026-09-08,25.9,2026-09-06,387.2,14.0,大良街道,顺德区,佛山
66,59481,番禺,27.7,30.0,2026-09-08,25.4,2026-09-02,387.3,14.0,东环街道,番禺区,广州
67,59485,中山,27.0,28.5,2026-09-08,25.3,2026-09-01,377.8,14.0,东区街道,中山市,中山
68,59487,斗门,28.0,30.0,2026-09-08,26.3,2026-09-01,391.8,14.0,白蕉镇,斗门区,珠海
69,59488,珠海,27.9,29.6,2026-09-08,26.6,2026-09-01,390.8,14.0,狮山街道,香洲区,珠海
70,59492,惠东,27.4,28.9,2026-09-08,26.1,2026-09-03,383.2,14.0,大岭镇,惠东县,惠州
71,59493,深圳,27.6,29.7,2026-09-08,26.2,2026-09-14,386.6,14.0,香蜜湖街道,福田区,深圳
72,59500,海丰,27.4,28.3,2026-09-12,25.8,2026-09-01,383.6,14.0,海城镇,海丰县,汕尾
73,59501,汕尾,28.0,29.1,2026-09-08,26.4,2026-09-01,392.3,14.0,香洲街道,城区,汕尾
74,59502,陆丰,27.7,28.9,2026-09-08,26.5,2026-09-03,387.4,14.0,河东镇,陆丰市,汕尾
75,59650,遂溪,27.3,29.5,2026-09-08,25.9,2026-09-13,382.8,14.0,遂城街道,遂溪县,湛江
76,59653,高州,26.9,29.1,2026-09-08,25.6,2026-09-04,376.6,14.0,宝光街道,高州市,茂名
77,59654,廉江,27.4,29.7,2026-09-08,26.1,2026-09-05,383.4,14.0,石城镇,廉江市,湛江
78,59655,化州,26.8,29.4,2026-09-08,25.3,2026-09-13,375.0,14.0,丽岗镇,化州市,茂名
79,59656,吴川,27.2,29.1,2026-09-08,25.5,2026-09-13,381.1,14.0,大山江街道,吴川市,湛江
80,59658,湛江,27.1,29.2,2026-09-08,25.5,2026-09-13,379.5,14.0,湖光镇,麻章区,湛江
81,59659,茂名,27.1,28.9,2026-09-08,26.1,2026-09-04,379.9,14.0,山阁镇,茂南区,茂名
82,59663,阳江,27.0,29.2,2026-09-08,25.4,2026-09-14,377.4,14.0,城南街道,江城区,阳江
83,59664,电白,27.2,29.4,2026-09-08,26.2,2026-09-13,381.0,14.0,七迳镇,电白区,茂名
84,59673,上川岛,27.9,29.9,2026-09-08,26.9,2026-09-13,390.0,14.0,川岛镇,台山市,江门
85,59750,雷州,27.3,29.6,2026-09-08,25.7,2026-09-13,382.0,14.0,西湖街道,雷州市,湛江
86,59754,徐闻,27.5,28.3,2026-09-08,26.2,2026-09-13,384.3,14.0,南山镇,徐闻县,湛江
,,Average,26.8,28.8,,24.9,,375.6,14.0,,,
,,Max,28.3,30.8,2026-09-09,26.9,2026-09-13,395.5,14.0,,,
,,Min,24.4,26.7,2026-09-13,22.1,2026-09-02,341.1,14.0,,,
