No.,Station Code,Station Name,2025-09,2025-10,2025-11,2025-12,2026-01,2026-02,2026-03,2026-04,2026-05,2026-06,2026-07,2026-08,Average,Max,Min,Township,County,City
1,57988,乐昌,27.5,24.2,16.7,14.8,11.1,14.7,17.7,22.1,25.0,26.9,27.8,28.1,21.4,28.1,11.1,乐城街道,乐昌市,韶关
2,57989,仁化,27.5,24.1,15.7,13.6,10.2,14.7,17.3,21.9,25.0,27.2,27.6,27.8,21.0,27.8,10.2,丹霞街道,仁化县,韶关
3,57996,南雄,28.0,24.5,16.4,14.5,10.9,15.2,17.9,22.3,25.1,27.2,28.0,28.3,21.5,28.3,10.9,古市镇,南雄市,韶关
4,59071,连南,27.0,23.6,16.0,14.3,10.8,14.2,17.4,22.2,25.1,27.0,27.3,27.8,21.1,27.8,10.8,三江镇,连南瑶族自治县,清远
5,59072,连州,27.3,23.8,15.8,14.1,10.3,14.2,17.5,22.3,25.4,27.3,27.8,28.1,21.2,28.1,10.3,连州镇,连州市,清远
6,59074,连山,25.8,22.6,15.3,13.7,10.0,14.3,17.0,22.1,24.6,26.2,27.0,27.0,20.5,27.0,10.0,吉田镇,连山壮族瑶族自治县,清远
7,59075,阳山,26.9,23.8,16.8,14.9,11.4,15.5,18.3,22.5,25.1,27.0,26.9,27.7,21.4,27.7,11.4,七拱镇,阳山县,清远
8,59081,乳源,28.0,24.7,16.5,14.7,11.2,15.3,17.9,22.4,25.1,27.2,27.9,28.2,21.6,28.2,11.2,乳城镇,乳源瑶族自治县,韶关
9,59082,韶关,28.1,24.6,16.4,14.5,11.0,15.6,18.2,22.7,25.6,27.7,28.0,28.1,21.7,28.1,11.0,马坝镇,曲江区,韶关
10,59087,佛冈,27.9,25.1,18.5,16.5,12.6,17.4,19.6,23.6,26.0,27.8,27.9,28.2,22.6,28.2,12.6,石角镇,佛冈县,清远
11,59088,英德,28.3,25.6,18.1,16.3,12.8,17.0,19.5,23.5,26.1,28.1,28.1,28.9,22.7,28.9,12.8,英城街道,英德市,清远
12,59090,始兴,27.7,24.4,16.4,14.6,11.1,15.3,17.9,22.2,25.1,27.2,28.1,28.3,21.5,28.3,11.1,太平镇,始兴县,韶关
13,59094,翁源,27.4,24.4,17.3,15.6,11.8,16.4,18.8,22.8,25.2,27.0,27.5,28.0,21.9,28.0,11.8,龙仙镇,翁源县,韶关
14,59096,连平,26.5,23.4,16.7,14.8,11.1,15.6,18.0,21.8,24.3,26.3,26.7,27.1,21.0,27.1,11.1,元善镇,连平县,河源
15,59097,新丰,26.6,23.8,17.2,15.3,11.6,16.5,18.7,22.4,24.7,26.5,26.8,27.0,21.4,27.0,11.6,丰城街道,新丰县,韶关
16,59099,和平,27.3,23.7,16.8,14.8,11.0,15.7,18.1,22.1,24.6,26.5,27.4,27.8,21.3,27.8,11.0,阳明镇,和平县,河源
17,59106,平远,27.4,24.4,17.7,15.2,11.3,16.4,18.5,22.4,24.8,26.6,27.8,28.1,21.7,28.1,11.3,大柘镇,平远县,梅州
18,59107,龙川,27.5,24.5,17.6,15.7,12.1,17.0,19.2,22.8,25.1,26.8,27.5,27.9,22.0,27.9,12.1,老隆镇,龙川县,河源
19,59109,兴宁,28.5,25.9,18.4,16.2,12.5,17.2,19.2,22.7,24.8,26.5,27.6,27.9,22.3,28.5,12.5,叶塘镇,兴宁市,梅州
20,59114,蕉岭,28.2,25.4,18.5,16.1,12.4,17.5,19.4,23.0,25.2,27.0,28.3,28.4,22.4,28.4,12.4,蕉城镇,蕉岭县,梅州
21,59116,大埔,26.9,24.6,17.8,15.5,12.1,17.1,18.8,22.6,24.8,26.6,27.3,27.5,21.8,27.5,12.1,湖寮镇,大埔县,梅州
22,59117,梅县,28.5,25.8,18.7,16.4,12.7,18.1,20.1,23.6,25.9,27.6,28.6,28.9,22.9,28.9,12.7,程江镇,梅县区,梅州
23,59264,封开,27.5,24.7,17.7,16.4,13.0,17.8,20.2,24.3,26.4,27.8,27.8,28.3,22.7,28.3,13.0,江口镇,封开县,肇庆
24,59268,郁南,28.0,25.1,18.2,17.0,13.7,18.7,20.7,24.8,26.8,28.3,28.1,28.8,23.2,28.8,13.7,都城镇,郁南县,云浮
25,59269,德庆,27.2,24.6,18.1,16.8,13.6,18.6,20.4,24.3,26.1,27.9,27.5,28.4,22.8,28.4,13.6,新圩镇,德庆县,肇庆
26,59270,怀集,27.7,24.8,17.8,16.1,12.6,17.3,19.8,23.6,26.0,27.6,27.8,28.3,22.4,28.3,12.6,怀城街道,怀集县,肇庆
27,59271,广宁,27.6,24.9,18.1,16.4,12.8,18.2,20.2,23.9,26.1,27.9,28.0,28.4,22.7,28.4,12.8,南街镇,广宁县,肇庆
28,59276,四会,27.6,24.9,18.2,16.6,12.9,18.1,20.2,24.2,26.1,27.9,27.9,28.4,22.7,28.4,12.9,贞山街道,四会市,肇庆
29,59278,高要,28.1,25.7,19.7,18.0,14.6,19.5,21.0,24.7,26.4,28.4,28.0,28.9,23.6,28.9,14.6,莲塘镇,高要区,肇庆
30,59279,三水,29.0,26.0,19.6,17.9,14.4,19.2,21.3,25.1,26.9,28.9,28.6,29.5,23.9,29.5,14.4,云东海街道,三水区,佛山
31,59280,清远,28.5,25.7,19.3,17.6,14.1,18.2,20.5,23.8,26.0,27.8,27.8,28.8,23.2,28.8,14.1,东城街道,清城区,清远
32,59284,花都,29.4,26.7,20.0,18.5,15.0,19.5,21.5,25.0,26.7,28.7,28.8,29.6,24.1,29.6,15.0,花城街道,花都区,广州
33,59285,从化,28.0,25.2,18.9,17.3,14.0,18.3,20.4,23.7,25.6,27.3,27.6,28.1,22.9,28.1,14.0,江埔街道,从化区,广州
34,59287,广州,27.5,25.1,18.9,17.2,13.4,18.3,20.2,24.2,26.1,28.0,27.9,28.4,22.9,28.4,13.4,长岭街道,黄埔区,广州
35,59288,南海,29.3,26.4,20.2,18.7,15.0,19.6,21.6,25.3,27.0,29.0,28.9,29.8,24.2,29.8,15.0,狮山镇,南海区,佛山
36,59289,东莞,28.5,26.5,20.7,19.0,15.6,19.7,21.3,24.7,26.4,28.3,28.3,29.1,24.0,29.1,15.6,南城街道,东莞市,东莞
37,59290,龙门,27.5,24.8,18.1,15.8,12.0,17.3,19.4,23.2,25.4,27.3,27.7,28.1,22.2,28.1,12.0,龙田镇,龙门县,惠州
38,59293,河源,27.6,24.7,18.0,15.9,12.5,17.4,19.7,23.3,25.6,27.3,27.5,28.2,22.3,28.2,12.5,仙塘镇,东源县,河源
39,59294,增城,27.9,25.6,19.3,17.5,13.7,18.7,20.5,24.2,26.0,27.9,28.0,28.5,23.2,28.5,13.7,荔城街道,增城区,广州
40,59297,博罗,28.1,25.9,19.8,17.9,14.4,19.0,20.9,24.3,26.2,28.0,28.2,28.7,23.5,28.7,14.4,罗阳街道,博罗县,惠州
41,59298,惠阳,28.2,25.9,20.1,18.4,15.1,19.0,20.7,24.2,26.0,27.7,28.0,28.6,23.5,28.6,15.1,龙丰街道,惠城区,惠州
42,59303,五华,28.0,25.5,18.4,16.5,13.0,18.0,20.0,23.5,25.7,27.4,28.3,28.7,22.7,28.7,13.0,水寨镇,五华县,梅州
43,59304,紫金,26.6,23.7,17.6,15.8,12.4,16.9,18.8,22.2,24.5,26.0,27.0,27.0,21.5,27.0,12.4,紫城镇,紫金县,河源
44,59306,揭西,27.6,25.5,19.3,17.2,13.9,18.2,19.5,23.4,25.6,27.3,28.0,28.6,22.8,28.6,13.9,河婆街道,揭西县,揭阳
45,59310,丰顺,28.4,26.2,19.9,17.6,14.1,18.4,19.6,23.7,26.0,27.8,28.3,29.0,23.3,29.0,14.1,汤坑镇,丰顺县,梅州
46,59312,潮州,27.8,25.8,19.4,17.0,13.9,17.0,18.4,23.1,25.3,27.2,28.2,28.6,22.6,28.6,13.9,红山农场,湘桥区,潮州
47,59313,饶平,27.9,25.8,19.8,17.0,13.8,16.4,17.9,22.8,24.8,26.8,27.8,28.1,22.4,28.1,13.8,黄冈镇,饶平县,潮州
48,59314,普宁,28.4,26.2,20.3,17.8,14.7,17.9,19.4,23.6,25.6,27.4,28.3,28.9,23.2,28.9,14.7,大坝镇,普宁市,揭阳
49,59315,揭阳,28.8,27.0,20.8,18.0,14.8,18.2,19.5,24.0,26.0,27.8,28.7,29.3,23.6,29.3,14.8,曲溪街道,揭东区,揭阳
50,59316,汕头,29.6,27.8,21.7,18.8,15.6,18.0,19.5,24.4,26.4,28.3,29.3,30.0,24.1,30.0,15.6,岐山街道,金平区,汕头
51,59317,惠来,28.3,26.3,20.9,18.3,15.2,17.5,19.0,23.6,25.2,27.0,28.1,28.3,23.1,28.3,15.2,神泉镇,惠来县,揭阳
52,59318,潮阳,27.8,25.9,20.0,17.3,14.2,16.7,18.3,23.1,24.9,26.7,27.7,28.2,22.6,28.2,14.2,河溪镇,潮阳区,汕头
53,59319,澄海,28.6,26.5,20.4,17.7,14.6,17.2,18.8,23.7,25.7,27.6,28.4,29.1,23.2,29.1,14.6,上华镇,澄海区,汕头
54,59324,南澳,28.6,26.7,21.3,18.3,15.1,16.9,18.7,23.5,25.4,27.1,28.3,28.7,23.2,28.7,15.1,后宅镇,南澳县,汕头
55,59456,信宜,27.6,25.7,20.6,19.0,16.0,20.2,21.4,25.0,26.9,27.5,27.7,28.5,23.9,28.5,16.0,东镇街道,信宜市,茂名
56,59462,罗定,27.8,25.2,18.7,17.3,14.1,19.5,21.1,24.9,27.1,28.5,28.0,28.9,23.4,28.9,14.1,素龙街道,罗定市,云浮
57,59469,阳春,27.5,25.2,20.0,18.6,15.6,19.7,21.0,24.4,26.2,27.6,27.5,28.0,23.4,28.0,15.6,春城街道,阳春市,阳江
58,59470,新兴,27.4,24.8,18.7,17.0,13.6,19.0,20.4,24.7,26.2,28.0,27.6,28.6,23.0,28.6,13.6,车岗镇,新兴县,云浮
59,59471,云浮,28.0,25.2,18.9,17.5,14.0,18.7,20.3,24.1,25.8,27.7,27.2,28.2,23.0,28.2,14.0,云城街道,云城区,云浮
60,59473,鹤山,28.1,25.8,20.3,18.4,14.8,19.1,20.9,24.6,26.4,28.2,27.8,28.9,23.6,28.9,14.8,雅瑶镇,鹤山市,江门
61,59475,开平,28.3,25.8,20.3,18.5,15.1,19.6,21.3,24.9,26.5,28.6,28.0,29.1,23.8,29.1,15.1,长沙街道,开平市,江门
62,59476,新会,28.9,26.8,21.1,19.6,16.2,20.2,21.8,25.3,26.8,28.7,28.3,29.6,24.4,29.6,16.2,会城街道,新会区,江门
63,59477,恩平,27.3,25.2,19.7,17.8,14.4,19.0,20.6,24.3,26.0,27.8,27.4,28.2,23.1,28.2,14.4,大田镇,恩平市,江门
64,59478,台山,28.6,26.4,20.8,19.4,16.0,20.0,21.8,25.3,26.9,28.8,28.4,29.5,24.3,29.5,16.0,台城街道,台山市,江门
65,59480,顺德,28.9,26.7,20.7,19.5,16.2,19.9,21.6,25.0,26.6,28.4,28.3,29.7,24.3,29.7,16.2,大良街道,顺德区,佛山
66,59481,番禺,29.0,26.5,20.6,19.5,16.1,20.0,21.6,24.9,26.6,28.4,28.3,29.4,24.3,29.4,16.1,东环街道,番禺区,广州
67,59485,中山,28.0,25.8,20.3,18.9,15.8,19.4,20.9,24.5,26.0,27.9,27.4,28.7,23.6,28.7,15.8,东区街道,中山市,中山
68,59487,斗门,29.0,26.5,21.2,19.5,16.3,19.9,21.5,25.1,26.7,28.6,28.3,29.5,24.3,29.5,16.3,白蕉镇,斗门区,珠海
69,59488,珠海,28.9,26.6,21.2,19.3,16.5,19.6,21.2,24.9,26.4,28.3,28.1,29.3,24.2,29.3,16.5,狮山街道,香洲区,珠海
70,59492,惠东,27.7,25.5,19.6,17.9,14.5,18.4,20.2,23.9,26.1,27.7,28.4,28.5,23.2,28.5,14.5,大岭镇,惠东县,惠州
71,59493,深圳,28.2,26.4,21.0,19.1,16.2,19.4,21.0,24.7,26.3,28.0,28.0,29.0,24.0,29.0,16.2,香蜜湖街道,福田区,深圳
72,59500,海丰,27.7,25.7,20.4,17.8,14.4,18.0,19.6,23.5,25.3,27.0,27.8,28.1,22.9,28.1,14.4,海城镇,海丰县,汕尾
73,59501,汕尾,29.0,27.0,21.5,19.0,15.8,18.7,20.3,24.6,26.0,27.8,28.5,28.9,23.9,29.0,15.8,香洲街道,城区,汕尾
74,59502,陆丰,28.2,25.9,20.4,18.0,14.8,18.1,19.7,23.9,25.9,27.6,28.5,28.8,23.3,28.8,14.8,河东镇,陆丰市,汕尾
75,59650,遂溪,27.8,25.7,20.8,19.4,16.7,20.8,22.1,25.7,27.8,28.8,28.8,28.4,24.4,28.8,16.7,遂城街道,遂溪县,湛江
76,59653,高州,27.8,25.6,20.7,19.3,16.3,20.5,21.7,25.4,27.4,28.0,28.3,28.7,24.1,28.7,16.3,宝光街道,高州市,茂名
77,59654,廉江,28.1,25.9,20.9,19.5,16.5,20.6,22.0,25.6,27.7,28.6,28.7,29.0,24.4,29.0,16.5,石城镇,廉江市,湛江
78,59655,化州,27.5,25.5,20.9,19.4,16.8,20.3,21.5,24.9,26.9,27.7,27.9,28.3,24.0,28.3,16.8,丽岗镇,化州市,茂名
79,59656,吴川,28.1,25.9,21.3,19.5,16.9,20.4,21.9,25.4,27.3,28.7,29.0,29.0,24.4,29.0,16.9,大山江街道,吴川市,湛江
80,59658,湛江,27.9,25.7,21.1,19.5,17.1,20.8,22.0,25.6,27.8,29.3,28.9,28.5,24.5,29.3,17.1,湖光镇,麻章区,湛江
81,59659,茂名,28.1,25.9,21.1,19.5,16.7,20.7,22.1,25.6,27.5,28.3,28.7,28.7,24.4,28.7,16.7,山阁镇,茂南区,茂名
82,59663,阳江,27.7,25.9,20.9,19.2,16.3,19.8,21.3,24.6,26.4,28.2,27.9,28.5,23.9,28.5,16.3,城南街道,江城区,阳江
83,59664,电白,28.0,26.0,21.5,19.8,17.1,20.6,21.9,25.4,27.2,28.5,28.7,28.7,24.4,28.7,17.1,七迳镇,电白区,茂名
84,59673,上川岛,28.6,26.3,21.3,19.4,16.6,19.7,21.6,25.5,26.8,28.9,28.7,29.2,24.4,29.2,16.6,川岛镇,台山市,江门
85,59750,雷州,28.0,25.6,20.7,19.4,17.1,21.0,22.2,26.1,28.2,29.9,29.0,28.4,24.6,29.9,17.1,西湖街道,雷州市,湛江
86,59754,徐闻,28.4,26.0,21.6,20.4,18.1,21.3,23.0,27.0,28.4,30.5,29.8,29.0,25.3,30.5,18.1,南山镇,徐闻县,湛江
,,,2025-09,2025-10,2025-11,2025-12,2026-01,2026-02,2026-03,2026-04,2026-05,2026-06,2026-07,2026-08,,,,,,
,,Average,28.0,25.4,19.2,17.4,14.1,18.2,20.0,24.0,26.0,27.8,28.0,28.5,23.0,28.6,14.1,,,
,,Max,29.6,27.8,21.7,20.4,18.1,21.3,23.0,27.0,28.4,30.5,29.8,30.0,25.3,30.5,18.1,,,
,,Min,25.8,22.6,15.3,13.6,10.0,14.2,17.0,21.8,24.3,26.0,26.7,27.0,20.5,27.0,10.0,,,
