No.,Station Code,Station Name,Level,Cold Onset Day,Day Before Warm-Up,Duration (Days),Max 24h Temp Drop,Max 48h Temp Drop,Temp Drop,Avg Temp,Min Temp,Township,County,City
1,57988,乐昌,Cold Wave,2026-01-19,2026-01-22,4,9.4,12.1,14.6,7.1,2.4,乐城街道,乐昌市,韶关
2,57989,仁化,Cold Wave,2026-01-20,2026-01-22,3,6.9,10.4,12.6,6.3,3.1,丹霞街道,仁化县,韶关
3,57996,南雄,Cold Wave,2026-02-07,2026-02-09,3,6.2,10.1,11.9,10.1,3.2,古市镇,南雄市,韶关
4,59071,连南,Cold Wave,2026-01-19,2026-01-22,4,8.3,11.7,14.9,6.6,1.8,三江镇,连南瑶族自治县,清远
5,59072,连州,Cold Wave,2026-01-19,2026-01-22,4,7.9,11.1,14.2,6.4,1.8,连州镇,连州市,清远
6,59074,连山,Cold Wave,2026-01-18,2026-01-22,5,7.5,11.9,13.4,8.6,1.4,吉田镇,连山壮族瑶族自治县,清远
7,59075,阳山,Cold Wave,2026-01-19,2026-01-22,4,9.1,13.0,14.6,7.6,2.0,七拱镇,阳山县,清远
8,59081,乳源,Cold Wave,2026-01-19,2026-01-22,4,8.6,11.8,13.7,8.1,3.0,乳城镇,乳源瑶族自治县,韶关
9,59082,韶关,Cold Wave,2026-01-18,2026-01-22,5,7.8,11.2,12.7,10.7,3.9,马坝镇,曲江区,韶关
10,59087,佛冈,Strong,2026-01-20,2026-01-22,3,4.8,8.8,11.1,8.9,5.3,石角镇,佛冈县,清远
11,59088,英德,Cold Wave,2026-01-19,2026-01-22,4,6.6,11.5,12.9,10.7,4.6,英城街道,英德市,清远
12,59090,始兴,Cold Wave,2026-02-07,2026-02-09,3,6.2,10.2,13.1,10.1,3.5,太平镇,始兴县,韶关
13,59094,翁源,Cold Wave,2026-02-07,2026-02-09,3,5.6,10.3,12.0,11.3,5.0,龙仙镇,翁源县,韶关
14,59096,连平,Cold Wave,2026-01-20,2026-01-22,3,6.8,11.8,13.7,6.8,2.4,元善镇,连平县,河源
15,59097,新丰,Cold Wave,2025-12-25,2025-12-26,2,7.7,10.4,10.4,9.5,4.9,丰城街道,新丰县,韶关
16,59099,和平,Cold Wave,2026-01-20,2026-01-22,3,7.0,11.1,13.1,6.7,2.3,阳明镇,和平县,河源
17,59106,平远,Strong,2026-02-07,2026-02-09,3,5.2,8.3,9.6,12.1,4.3,大柘镇,平远县,梅州
18,59107,龙川,Cold Wave,2026-01-20,2026-01-22,3,6.2,11.4,14.0,7.5,2.9,老隆镇,龙川县,河源
19,59109,兴宁,Cold Wave,2026-01-20,2026-01-22,3,6.7,11.0,13.4,8.2,3.2,叶塘镇,兴宁市,梅州
20,59114,蕉岭,Cold Wave,2026-01-20,2026-01-22,3,6.3,10.0,12.5,9.4,4.3,蕉城镇,蕉岭县,梅州
21,59116,大埔,Strong,2026-01-20,2026-01-22,3,6.5,8.8,11.0,9.4,4.3,湖寮镇,大埔县,梅州
22,59117,梅县,Strong,2026-01-20,2026-01-22,3,6.8,9.5,11.7,10.3,4.6,程江镇,梅县区,梅州
23,59264,封开,Cold Wave,2026-01-18,2026-01-22,5,7.4,11.6,14.2,12.2,3.2,江口镇,封开县,肇庆
24,59268,郁南,Cold Wave,2026-01-18,2026-01-22,5,7.6,12.0,14.4,13.2,4.0,都城镇,郁南县,云浮
25,59269,德庆,Strong,2026-01-18,2026-01-22,5,6.9,9.8,13.8,13.1,4.5,新圩镇,德庆县,肇庆
26,59270,怀集,Cold Wave,2026-01-18,2026-01-22,5,5.6,10.3,13.5,11.9,4.5,怀城街道,怀集县,肇庆
27,59271,广宁,Strong,2026-01-18,2026-01-22,5,5.1,9.1,11.8,12.4,5.2,南街镇,广宁县,肇庆
28,59276,四会,Moderate,2026-02-17,2026-02-18,2,4.8,5.0,5.0,15.8,13.3,贞山街道,四会市,肇庆
29,59278,高要,Moderate,2026-02-17,2026-02-18,2,4.9,5.7,5.7,17.1,14.4,莲塘镇,高要区,肇庆
30,59279,三水,Strong,2026-01-19,2026-01-22,4,6.2,9.9,11.8,12.6,6.6,云东海街道,三水区,佛山
31,59280,清远,Strong,2026-02-17,2026-02-17,1,8.4,8.4,8.4,14.2,12.5,东城街道,清城区,清远
32,59284,花都,Strong,2026-02-17,2026-02-17,1,8.0,8.0,8.0,15.5,13.4,花城街道,花都区,广州
33,59285,从化,Strong,2026-01-18,2026-01-22,5,6.1,10.1,13.0,13.4,5.2,江埔街道,从化区,广州
34,59287,广州,Moderate,2026-02-17,2026-02-18,2,4.6,5.0,5.0,16.5,12.4,长岭街道,黄埔区,广州
35,59288,南海,Strong,2026-01-19,2026-01-22,4,5.8,9.6,11.8,13.0,7.0,狮山镇,南海区,佛山
36,59289,东莞,Moderate,2026-02-07,2026-02-09,3,4.9,6.5,6.9,16.6,11.5,南城街道,东莞市,东莞
37,59290,龙门,Strong,2025-12-25,2025-12-26,2,5.5,8.8,8.8,11.5,7.0,龙田镇,龙门县,惠州
38,59293,河源,Strong,2026-02-17,2026-02-18,2,8.1,8.8,8.8,14.3,10.0,仙塘镇,东源县,河源
39,59294,增城,Moderate,2026-02-17,2026-02-19,3,4.5,4.7,5.0,17.3,11.2,荔城街道,增城区,广州
40,59297,博罗,Moderate,2026-02-17,2026-02-19,3,4.6,6.0,6.4,17.4,10.9,罗阳街道,博罗县,惠州
41,59298,惠阳,Strong,2026-01-18,2026-01-22,5,5.6,8.5,11.5,14.6,6.6,龙丰街道,惠城区,惠州
42,59303,五华,Strong,2026-02-17,2026-02-18,2,8.0,9.4,9.4,14.9,10.0,水寨镇,五华县,梅州
43,59304,紫金,Strong,2026-01-20,2026-01-22,3,5.6,9.7,12.7,8.4,3.5,紫城镇,紫金县,河源
44,59306,揭西,Moderate,2026-02-17,2026-02-18,2,5.4,5.5,5.5,16.3,11.6,河婆街道,揭西县,揭阳
45,59310,丰顺,Moderate,2026-02-16,2026-02-18,3,4.2,5.4,6.6,18.7,11.8,汤坑镇,丰顺县,梅州
46,59312,潮州,Moderate,2026-02-16,2026-02-17,2,5.8,6.6,6.6,17.9,13.6,红山农场,湘桥区,潮州
47,59313,饶平,Weak,2026-02-28,2026-02-28,1,2.3,2.3,2.3,16.7,15.7,黄冈镇,饶平县,潮州
48,59314,普宁,Moderate,2026-02-16,2026-02-17,2,6.2,7.4,7.4,18.3,14.1,大坝镇,普宁市,揭阳
49,59315,揭阳,Moderate,2026-02-16,2026-02-18,3,6.3,6.5,6.7,18.2,12.3,曲溪街道,揭东区,揭阳
50,59316,汕头,Moderate,2026-02-16,2026-02-17,2,4.6,6.5,6.5,18.6,15.0,岐山街道,金平区,汕头
51,59317,惠来,Moderate,2026-02-16,2026-02-17,2,5.7,6.4,6.4,18.6,14.3,神泉镇,惠来县,揭阳
52,59318,潮阳,Moderate,2026-02-16,2026-02-17,2,5.7,7.0,7.0,17.6,13.4,河溪镇,潮阳区,汕头
53,59319,澄海,Moderate,2026-02-16,2026-02-17,2,4.9,7.0,7.0,17.9,14.2,上华镇,澄海区,汕头
54,59324,南澳,Moderate,2026-02-07,2026-02-09,3,4.2,6.4,6.9,13.6,8.8,后宅镇,南澳县,汕头
55,59456,信宜,Strong,2026-01-18,2026-01-22,5,7.5,11.2,12.6,15.5,7.2,东镇街道,信宜市,茂名
56,59462,罗定,Strong,2026-01-18,2026-01-23,6,7.0,9.8,12.5,13.3,6.5,素龙街道,罗定市,云浮
57,59469,阳春,Strong,2026-01-18,2026-01-23,6,6.0,9.7,11.6,14.2,6.7,春城街道,阳春市,阳江
58,59470,新兴,Strong,2026-01-19,2026-01-22,4,5.6,8.5,10.5,12.9,6.9,车岗镇,新兴县,云浮
59,59471,云浮,Strong,2026-01-20,2026-01-23,4,6.8,10.3,12.8,9.1,5.2,云城街道,云城区,云浮
60,59473,鹤山,Moderate,2026-02-17,2026-02-19,3,6.5,6.6,7.1,16.3,12.3,雅瑶镇,鹤山市,江门
61,59475,开平,Moderate,2026-02-17,2026-02-18,2,5.0,5.8,5.8,17.6,15.0,长沙街道,开平市,江门
62,59476,新会,Moderate,2026-02-17,2026-02-18,2,5.8,6.6,6.6,17.9,14.9,会城街道,新会区,江门
63,59477,恩平,Moderate,2025-12-25,2025-12-26,2,4.9,8.3,8.3,13.9,9.0,大田镇,恩平市,江门
64,59478,台山,Moderate,2026-02-17,2026-02-18,2,4.9,5.5,5.5,17.9,15.3,台城街道,台山市,江门
65,59480,顺德,Strong,2025-12-25,2025-12-26,2,8.0,10.3,10.3,13.3,10.8,大良街道,顺德区,佛山
66,59481,番禺,Strong,2025-12-25,2025-12-26,2,8.4,11.2,11.2,12.9,10.2,东环街道,番禺区,广州
67,59485,中山,Moderate,2026-02-07,2026-02-09,3,4.9,6.2,7.2,16.6,11.4,东区街道,中山市,中山
68,59487,斗门,Moderate,2026-02-17,2026-02-18,2,4.4,5.2,5.2,19.1,16.3,白蕉镇,斗门区,珠海
69,59488,珠海,Moderate,2026-01-18,2026-01-23,6,4.4,6.7,9.1,15.4,9.2,狮山街道,香洲区,珠海
70,59492,惠东,Moderate,2026-02-17,2026-02-19,3,4.3,5.7,5.7,17.1,11.6,大岭镇,惠东县,惠州
71,59493,深圳,Moderate,2026-02-07,2026-02-09,3,4.1,5.3,6.4,16.7,11.6,香蜜湖街道,福田区,深圳
72,59500,海丰,Moderate,2025-12-25,2025-12-26,2,4.5,6.8,6.8,14.0,11.3,海城镇,海丰县,汕尾
73,59501,汕尾,Moderate,2026-01-06,2026-01-07,2,4.6,5.7,5.7,12.2,8.5,香洲街道,城区,汕尾
74,59502,陆丰,Moderate,2026-02-16,2026-02-18,3,4.1,5.0,5.3,18.3,14.1,河东镇,陆丰市,汕尾
75,59650,遂溪,Moderate,2026-01-20,2026-01-22,3,5.2,8.7,9.3,15.0,9.1,遂城街道,遂溪县,湛江
76,59653,高州,Moderate,2026-01-21,2026-01-23,3,5.3,9.2,9.2,11.5,8.6,宝光街道,高州市,茂名
77,59654,廉江,Moderate,2026-01-20,2026-01-23,4,5.8,8.8,9.9,13.4,8.7,石城镇,廉江市,湛江
78,59655,化州,Moderate,2026-02-08,2026-02-09,2,4.2,4.6,4.6,16.8,13.0,丽岗镇,化州市,茂名
79,59656,吴川,Moderate,2025-12-22,2025-12-26,5,4.6,6.3,7.5,18.6,11.2,大山江街道,吴川市,湛江
80,59658,湛江,Moderate,2026-01-06,2026-01-07,2,4.4,5.9,5.9,13.3,9.6,湖光镇,麻章区,湛江
81,59659,茂名,Moderate,2026-01-21,2026-01-23,3,4.6,8.2,8.4,12.9,9.5,山阁镇,茂南区,茂名
82,59663,阳江,Moderate,2026-02-07,2026-02-09,3,4.5,5.6,6.4,17.1,11.8,城南街道,江城区,阳江
83,59664,电白,Moderate,2025-12-25,2025-12-26,2,5.1,6.5,6.5,15.5,11.6,七迳镇,电白区,茂名
84,59673,上川岛,Moderate,2026-01-18,2026-01-23,6,5.2,7.3,8.6,15.7,9.4,川岛镇,台山市,江门
85,59750,雷州,Moderate,2026-01-20,2026-01-22,3,4.6,7.8,8.5,16.2,10.3,西湖街道,雷州市,湛江
86,59754,徐闻,Moderate,2026-01-06,2026-01-08,3,4.1,5.6,5.6,13.8,9.3,南山镇,徐闻县,湛江
,,Average,,,,3.2,5.9,8.3,9.4,13.5,8.5,,,
,,Max,Cold Wave,2026-02-28,2026-02-28,6.0,9.4,13.0,14.9,19.1,16.3,,,
,,Min,Weak,2025-12-22,2025-12-26,1.0,2.3,2.3,2.3,6.3,1.4,,,
