No.,Station Code,Station Name,1997,1998,1999,2000,2001,2002,2003,2004,2005,2006,2007,2008,2009,2010,2011,2012,2013,2014,2015,2016,2017,2018,2019,2020,2021,2022,2023,2024,2025,2026,Average,Max,Min,Township,County,City
1,57988,乐昌,19.8,20.7,20.3,19.9,20.2,20.4,20.2,20.0,19.9,20.2,20.2,19.6,20.3,19.9,19.5,19.8,20.4,20.7,20.4,20.5,20.6,20.4,20.6,20.9,21.1,20.5,20.9,20.9,21.0,22.0,20.4,22.0,19.5,乐城街道,乐昌市,韶关
2,57989,仁化,20.0,20.8,20.3,20.0,20.2,20.5,20.3,20.0,20.0,20.3,20.5,19.9,20.7,20.2,19.9,19.9,19.8,20.1,20.3,20.3,20.2,20.1,20.3,20.6,20.7,20.2,20.6,20.6,20.5,21.7,20.3,21.7,19.8,丹霞街道,仁化县,韶关
3,57996,南雄,19.9,20.8,20.3,20.0,20.2,20.4,20.4,20.1,19.9,20.6,20.5,19.9,20.6,20.2,19.8,19.9,20.2,20.6,20.6,20.7,20.6,20.5,20.6,21.0,21.3,20.5,20.8,21.0,21.0,22.1,20.5,22.1,19.8,古市镇,南雄市,韶关
4,59071,连南,19.9,20.6,20.3,19.8,19.9,20.4,20.4,20.3,20.0,20.3,20.6,19.8,20.0,19.5,19.0,19.2,19.7,19.9,19.9,20.1,20.4,20.0,19.9,20.4,20.7,20.0,20.6,20.6,20.7,21.7,20.2,21.7,19.0,三江镇,连南瑶族自治县,清远
5,59072,连州,19.8,20.6,20.3,20.0,20.0,20.6,20.5,20.3,20.1,20.5,20.9,20.2,20.0,19.4,18.9,19.1,19.7,20.0,20.3,20.3,20.5,20.2,20.1,20.7,21.0,20.2,20.6,20.7,20.7,21.9,20.3,21.9,18.9,连州镇,连州市,清远
6,59074,连山,19.2,19.7,19.3,19.0,19.1,19.5,19.5,19.0,19.1,19.3,19.4,18.7,19.4,19.1,18.4,18.8,19.2,19.2,19.7,19.7,19.8,19.6,19.5,20.0,20.3,19.5,20.1,20.1,19.8,21.3,19.5,21.3,18.4,吉田镇,连山壮族瑶族自治县,清远
7,59075,阳山,20.5,21.3,21.1,20.7,20.7,21.0,21.1,21.0,20.6,21.0,21.3,20.5,21.4,20.7,20.3,20.3,21.0,21.4,21.6,21.4,21.6,21.2,21.3,21.8,22.1,20.5,20.8,20.9,21.0,22.0,21.1,22.1,20.3,七拱镇,阳山县,清远
8,59081,乳源,20.0,20.8,20.4,20.0,20.2,20.6,20.6,20.4,20.2,20.3,20.7,19.9,20.7,20.2,19.8,19.9,20.5,20.6,20.6,20.7,20.8,20.6,20.6,20.9,21.2,20.6,21.0,21.1,21.2,22.2,20.6,22.2,19.8,乳城镇,乳源瑶族自治县,韶关
9,59082,韶关,20.4,21.2,20.8,20.5,20.6,21.0,20.9,20.8,20.6,20.9,21.2,20.6,20.6,20.0,19.6,19.6,20.0,20.5,20.8,20.8,20.8,20.7,20.8,21.2,21.4,20.8,21.1,21.2,21.2,22.4,20.8,22.4,19.6,马坝镇,曲江区,韶关
10,59087,佛冈,21.1,21.9,21.5,21.3,21.4,21.7,21.7,21.2,21.5,21.9,21.8,21.0,21.3,21.0,20.8,21.0,21.2,21.4,21.7,21.5,21.6,21.5,21.9,22.1,22.3,21.5,22.1,22.1,21.9,23.1,21.6,23.1,20.8,石角镇,佛冈县,清远
11,59088,英德,21.3,22.1,21.8,21.5,21.6,21.9,21.9,21.6,21.5,21.8,22.1,21.3,21.5,21.1,20.9,21.0,21.5,21.8,21.9,21.7,21.9,21.8,21.9,22.2,22.6,21.9,22.2,22.2,22.2,23.3,21.8,23.3,20.9,英城街道,英德市,清远
12,59090,始兴,19.9,20.7,20.1,19.9,20.1,20.5,20.4,20.0,19.9,20.3,20.4,19.8,20.6,20.2,20.0,20.1,20.7,20.7,20.6,20.5,20.6,20.6,20.8,21.1,21.3,20.6,20.9,21.0,21.0,22.2,20.5,22.2,19.8,太平镇,始兴县,韶关
13,59094,翁源,20.8,21.5,21.1,20.9,21.2,21.4,21.4,20.9,21.0,21.3,21.2,20.6,21.3,20.8,19.8,20.3,20.7,21.1,21.2,21.0,21.1,21.0,21.3,21.4,21.9,20.9,21.4,21.4,21.2,22.5,21.1,22.5,19.8,龙仙镇,翁源县,韶关
14,59096,连平,20.3,21.1,20.6,20.5,20.6,20.9,20.7,20.3,20.4,20.8,20.7,20.3,20.9,20.6,20.2,20.6,20.7,20.9,21.3,21.2,21.3,21.2,20.5,20.5,20.9,20.1,20.7,20.7,20.5,21.6,20.7,21.6,20.1,元善镇,连平县,河源
15,59097,新丰,20.2,21.0,20.5,20.5,20.5,20.8,20.7,20.2,20.7,21.0,20.8,20.3,20.6,20.4,20.1,20.4,20.3,20.6,21.1,20.8,21.0,20.9,21.3,20.8,21.3,20.5,21.0,20.9,20.8,22.0,20.7,22.0,20.1,丰城街道,新丰县,韶关
16,59099,和平,19.8,20.6,20.3,20.0,20.2,20.5,20.2,19.9,20.1,20.4,20.3,19.6,20.2,20.0,19.5,19.9,20.3,20.8,20.9,20.8,21.0,20.9,21.1,20.8,21.3,20.4,21.1,21.0,20.8,21.9,20.5,21.9,19.5,阳明镇,和平县,河源
17,59106,平远,20.6,21.7,21.3,21.2,21.2,21.4,21.0,20.6,20.8,21.2,21.0,20.6,21.2,20.8,20.7,20.9,20.8,21.2,21.4,21.7,21.0,20.8,21.1,21.2,21.6,20.8,21.3,21.2,21.2,22.3,21.1,22.3,20.6,大柘镇,平远县,梅州
18,59107,龙川,20.8,21.7,21.3,21.3,21.5,21.8,21.5,21.3,21.2,21.5,21.4,20.8,21.7,21.2,20.8,21.1,20.6,21.1,21.4,21.0,21.1,21.2,21.4,21.5,22.1,21.1,21.7,21.5,21.5,22.5,21.4,22.5,20.6,老隆镇,龙川县,河源
19,59109,兴宁,20.9,21.9,21.2,21.3,21.5,21.9,21.6,21.1,21.3,21.4,21.5,21.0,21.8,21.4,21.2,21.5,21.3,21.8,22.1,21.8,22.2,22.0,22.2,22.4,22.9,22.0,22.3,22.4,22.4,22.5,21.8,22.9,20.9,叶塘镇,兴宁市,梅州
20,59114,蕉岭,21.0,22.1,21.7,21.6,21.7,22.1,21.9,21.4,21.5,21.9,21.3,20.8,21.4,21.0,20.7,21.1,21.1,21.5,21.7,21.4,21.7,21.7,22.0,22.2,22.6,21.7,22.1,22.0,22.0,22.9,21.7,22.9,20.7,蕉城镇,蕉岭县,梅州
21,59116,大埔,20.7,21.9,21.2,21.3,21.1,21.6,21.2,20.7,21.2,21.5,21.3,20.7,21.5,21.2,21.0,21.6,21.2,21.6,22.1,21.8,22.0,22.0,22.3,22.6,22.1,21.2,21.6,21.5,21.2,22.3,21.5,22.6,20.7,湖寮镇,大埔县,梅州
22,59117,梅县,21.4,22.5,21.9,21.9,22.0,22.4,21.9,21.6,21.7,22.1,22.0,21.5,22.2,21.9,21.7,22.0,21.3,21.7,22.0,21.7,22.1,22.0,22.3,22.5,23.0,21.9,22.3,22.4,22.4,23.4,22.1,23.4,21.3,程江镇,梅县区,梅州
23,59264,封开,21.2,22.0,21.6,21.5,21.3,21.7,21.9,21.3,21.4,21.7,21.8,20.9,21.8,21.2,20.9,21.1,21.3,21.4,22.0,21.6,21.7,21.6,21.8,22.2,22.3,21.6,22.2,22.0,22.0,23.4,21.7,23.4,20.9,江口镇,封开县,肇庆
24,59268,郁南,21.8,22.6,22.2,22.2,22.1,22.5,22.7,22.2,22.2,22.5,22.4,21.7,22.5,22.2,21.8,22.1,22.3,22.5,22.4,22.0,22.0,22.1,22.3,22.7,22.7,21.8,22.5,22.5,22.5,23.9,22.3,23.9,21.7,都城镇,郁南县,云浮
25,59269,德庆,21.9,22.6,22.2,22.1,22.0,22.4,22.6,22.0,22.2,22.5,22.4,21.5,22.4,22.3,21.0,21.5,21.8,21.9,22.6,22.2,22.1,22.0,22.5,23.0,23.0,21.6,22.2,22.1,22.1,23.5,22.2,23.5,21.0,新圩镇,德庆县,肇庆
26,59270,怀集,21.4,22.0,21.7,21.6,21.5,21.9,22.1,21.7,21.6,22.1,21.4,20.5,21.2,20.8,20.5,20.9,20.8,21.1,21.8,21.7,21.8,21.7,21.5,21.9,22.1,21.5,21.9,21.9,21.9,23.1,21.6,23.1,20.5,怀城街道,怀集县,肇庆
27,59271,广宁,21.3,22.0,21.5,21.5,21.4,21.7,21.8,21.3,21.5,21.8,21.9,21.2,21.9,21.6,21.3,21.8,21.7,21.8,22.6,21.5,21.5,21.4,21.9,22.1,22.3,21.7,22.3,22.3,22.1,23.4,21.8,23.4,21.2,南街镇,广宁县,肇庆
28,59276,四会,21.7,22.5,22.0,21.9,21.8,22.3,22.3,22.0,21.8,22.0,22.2,21.5,21.7,21.4,21.1,21.5,21.5,21.6,22.2,21.9,21.9,21.9,22.3,22.5,22.7,21.9,22.5,22.5,22.3,23.4,22.0,23.4,21.1,贞山街道,四会市,肇庆
29,59278,高要,22.8,23.3,22.7,22.6,22.5,22.8,22.9,22.6,22.6,23.1,23.0,22.1,22.9,22.5,22.3,22.4,22.7,22.8,23.4,22.6,22.7,22.6,23.2,23.1,23.3,22.6,23.2,23.2,23.1,24.2,22.9,24.2,22.1,莲塘镇,高要区,肇庆
30,59279,三水,22.5,23.1,22.8,22.8,22.9,23.2,23.3,23.1,22.1,22.5,22.7,21.8,22.5,22.0,22.0,22.1,22.2,22.4,22.9,22.9,23.0,22.8,23.3,23.4,23.8,22.9,23.5,23.5,23.4,24.5,22.9,24.5,21.8,云东海街道,三水区,佛山
31,59280,清远,21.8,22.6,22.3,22.1,22.2,22.5,22.6,22.3,22.2,22.6,22.7,22.0,22.7,21.5,21.3,21.3,21.8,22.0,22.4,22.2,22.4,22.2,22.6,22.7,23.1,22.3,22.8,22.7,22.7,23.6,22.3,23.6,21.3,东城街道,清城区,清远
32,59284,花都,22.4,23.1,22.8,22.7,22.8,23.0,23.1,22.9,22.7,23.1,23.2,22.5,23.1,22.7,22.3,22.4,22.4,22.7,23.1,22.9,23.1,23.0,23.4,23.4,23.9,23.0,23.6,23.5,23.6,24.6,23.0,24.6,22.3,花城街道,花都区,广州
33,59285,从化,21.8,22.7,22.2,22.1,22.1,22.3,22.3,21.7,21.9,22.3,22.1,20.7,21.3,21.2,20.9,21.3,21.2,21.3,22.0,21.7,21.7,21.6,22.0,22.2,22.3,22.0,22.6,22.5,22.4,23.4,21.9,23.4,20.7,江埔街道,从化区,广州
34,59287,广州,22.0,22.9,22.6,22.5,22.6,23.0,23.0,22.8,22.8,23.2,23.2,22.5,23.0,22.6,21.4,21.7,21.6,21.7,22.3,22.0,22.1,22.2,22.7,22.7,23.0,22.1,22.7,22.7,22.3,23.6,22.5,23.6,21.4,长岭街道,黄埔区,广州
35,59288,南海,22.6,23.5,23.2,23.1,23.1,23.4,23.5,23.3,23.2,23.6,23.7,22.9,23.6,23.2,23.1,22.4,22.5,22.7,23.2,22.9,23.2,23.1,23.6,23.6,24.1,23.2,23.8,23.7,23.8,24.8,23.3,24.8,22.4,狮山镇,南海区,佛山
36,59289,东莞,22.8,23.6,23.4,23.2,23.3,23.6,23.0,22.8,22.7,22.7,22.9,22.2,22.8,22.5,22.2,22.6,22.8,23.0,23.5,22.9,23.2,23.1,23.9,23.6,24.0,23.2,23.7,23.7,23.5,24.4,23.2,24.4,22.2,南城街道,东莞市,东莞
37,59290,龙门,21.0,21.8,21.3,21.3,21.3,21.6,21.3,20.8,21.2,21.3,21.2,20.5,21.2,20.9,20.5,21.0,21.0,21.2,21.8,21.5,21.7,21.5,21.8,21.8,22.1,21.3,21.9,21.9,21.6,22.8,21.4,22.8,20.5,龙田镇,龙门县,惠州
38,59293,河源,21.7,22.6,22.3,22.2,22.3,22.7,22.5,22.3,22.2,21.9,21.7,21.0,21.8,21.3,21.0,21.4,21.5,21.8,22.5,22.1,22.4,22.5,22.9,23.0,23.6,22.5,21.9,21.9,21.7,22.9,22.1,23.6,21.0,仙塘镇,东源县,河源
39,59294,增城,22.2,23.0,22.6,22.5,22.1,22.4,22.3,21.9,22.2,22.4,22.2,21.4,22.2,21.9,21.6,21.9,21.7,22.0,22.7,22.3,22.6,22.5,22.8,22.8,23.1,22.3,22.9,22.9,22.6,23.7,22.4,23.7,21.4,荔城街道,增城区,广州
40,59297,博罗,22.4,23.2,22.8,22.7,22.8,23.2,22.9,22.7,22.7,22.9,22.9,22.3,23.0,22.6,22.3,22.8,22.7,22.9,23.6,22.3,22.8,22.6,23.1,23.0,23.3,22.5,23.2,23.2,23.0,24.0,22.9,24.0,22.3,罗阳街道,博罗县,惠州
41,59298,惠阳,22.1,23.0,22.6,22.5,22.7,23.1,22.8,22.6,22.4,22.9,23.0,22.3,23.0,22.7,22.3,22.0,22.1,22.3,22.8,22.3,22.7,22.6,23.2,23.1,23.6,22.5,23.1,23.1,23.1,23.9,22.7,23.9,22.0,龙丰街道,惠城区,惠州
42,59303,五华,21.2,22.3,21.7,21.7,21.8,22.3,21.9,21.6,21.6,22.0,21.7,21.2,22.0,21.5,21.1,21.4,21.4,21.8,22.1,21.7,22.1,22.0,22.3,22.4,23.0,21.9,22.2,22.3,22.2,23.3,21.9,23.3,21.1,水寨镇,五华县,梅州
43,59304,紫金,21.0,22.0,21.5,21.6,21.8,21.5,21.1,20.8,21.1,21.2,21.2,20.5,21.3,20.9,20.6,21.2,20.9,21.3,21.8,21.6,21.8,21.7,22.2,22.2,22.5,20.7,21.3,21.2,21.1,22.1,21.4,22.5,20.5,紫城镇,紫金县,河源
44,59306,揭西,21.9,22.8,22.5,22.3,22.5,22.9,22.5,22.5,22.4,22.8,22.8,21.0,21.5,21.1,21.0,21.3,21.3,21.7,22.4,22.0,22.1,22.2,22.6,22.6,22.9,22.0,22.5,22.5,22.4,23.3,22.2,23.3,21.0,河婆街道,揭西县,揭阳
45,59310,丰顺,21.5,22.5,22.1,22.0,22.2,22.5,22.1,21.9,21.9,22.2,22.3,21.7,22.0,21.6,21.8,22.1,22.2,22.3,22.9,22.5,22.7,22.7,23.1,23.1,23.4,22.7,23.0,23.0,22.9,23.6,22.4,23.6,21.5,汤坑镇,丰顺县,梅州
46,59312,潮州,22.4,23.4,22.9,22.8,23.1,23.4,23.0,22.8,22.6,23.0,23.2,22.5,23.0,22.8,22.7,22.8,21.7,22.0,22.3,22.0,22.2,22.2,22.6,22.5,22.7,21.9,22.3,22.5,22.3,23.0,22.6,23.4,21.7,红山农场,湘桥区,潮州
47,59313,饶平,21.9,22.8,22.3,22.3,22.4,22.7,22.2,22.1,21.9,22.3,22.5,22.0,22.3,21.5,21.5,21.7,21.8,21.9,22.4,22.2,22.4,22.4,22.7,22.8,23.0,22.4,22.0,22.2,22.1,22.6,22.2,23.0,21.5,黄冈镇,饶平县,潮州
48,59314,普宁,22.0,22.9,22.6,22.0,22.3,22.6,22.3,22.1,22.0,22.4,22.4,21.8,22.3,22.0,21.9,22.2,22.3,22.5,23.1,22.9,23.1,23.1,23.4,23.0,23.3,22.4,22.7,22.9,22.9,23.5,22.6,23.5,21.8,大坝镇,普宁市,揭阳
49,59315,揭阳,22.4,23.3,22.9,22.9,23.0,23.4,23.0,22.9,22.7,23.1,23.2,22.6,23.1,21.7,21.8,22.0,22.1,22.4,22.7,22.5,22.8,22.8,23.2,23.3,23.4,22.7,23.2,23.3,23.3,23.8,22.9,23.8,21.7,曲溪街道,揭东区,揭阳
50,59316,汕头,22.2,23.0,22.6,22.5,22.7,23.0,22.6,22.6,22.3,22.8,22.9,22.3,22.6,22.3,22.2,22.4,22.6,22.8,23.5,23.3,23.5,23.5,23.8,23.9,24.2,23.4,23.8,23.9,23.9,24.2,23.0,24.2,22.2,岐山街道,金平区,汕头
51,59317,惠来,22.1,23.1,22.6,22.5,22.7,23.1,22.7,22.4,22.2,22.6,22.8,22.3,22.7,22.3,22.0,22.3,22.7,22.9,23.4,22.4,22.7,22.5,22.9,23.0,23.1,22.4,22.9,23.1,22.9,23.3,22.7,23.4,22.0,神泉镇,惠来县,揭阳
52,59318,潮阳,22.4,23.1,22.7,22.7,23.0,23.4,23.0,22.8,22.4,22.9,23.1,22.6,22.9,22.5,22.4,22.6,23.1,23.4,23.5,23.2,23.5,23.3,23.7,23.8,24.0,21.7,22.2,22.4,22.3,22.7,22.9,24.0,21.7,河溪镇,潮阳区,汕头
53,59319,澄海,21.8,22.7,22.4,22.5,22.8,23.2,22.8,22.7,22.3,22.8,22.8,22.2,22.5,22.2,21.6,22.1,22.1,22.1,22.3,22.4,22.7,22.7,23.1,23.0,23.3,22.6,22.8,22.9,22.9,23.4,22.6,23.4,21.6,上华镇,澄海区,汕头
54,59324,南澳,21.8,22.5,22.1,22.0,22.2,22.5,22.2,22.1,21.8,22.2,22.4,21.9,22.3,21.8,21.7,21.8,21.9,22.0,22.3,22.5,22.7,22.6,22.9,22.9,23.2,22.7,23.0,23.1,23.0,23.3,22.4,23.3,21.7,后宅镇,南澳县,汕头
55,59456,信宜,22.6,23.6,23.2,23.3,23.1,23.3,23.8,23.2,23.2,23.5,23.7,22.7,23.6,23.6,22.7,22.5,22.5,22.6,23.2,22.9,22.9,22.9,23.6,23.5,23.4,22.8,23.5,23.5,23.3,24.3,23.2,24.3,22.5,东镇街道,信宜市,茂名
56,59462,罗定,22.5,23.2,22.9,22.9,22.6,23.0,23.2,22.6,23.0,23.1,23.0,22.2,22.5,22.4,21.7,22.3,22.2,22.3,23.2,22.8,22.8,22.7,23.4,23.4,23.2,22.4,23.1,23.0,22.8,24.2,22.8,24.2,21.7,素龙街道,罗定市,云浮
57,59469,阳春,23.1,23.4,23.1,23.0,22.9,23.1,23.3,23.1,23.1,23.3,23.2,22.4,23.2,23.0,22.3,22.8,23.0,23.1,23.8,23.4,23.4,23.4,24.3,24.0,24.1,23.4,23.9,23.2,22.9,23.9,23.3,24.3,22.3,春城街道,阳春市,阳江
58,59470,新兴,21.8,22.5,22.1,22.2,22.1,22.5,22.3,21.7,22.0,22.4,22.1,21.5,22.3,22.1,21.7,21.8,21.8,22.1,22.8,22.4,22.4,22.3,23.1,23.2,23.1,22.0,22.7,22.6,22.5,23.7,22.3,23.7,21.5,车岗镇,新兴县,云浮
59,59471,云浮,21.6,22.3,21.9,21.9,21.8,22.0,22.2,21.7,21.9,22.2,22.1,21.3,22.0,21.7,21.4,21.7,21.9,22.0,22.6,22.2,22.4,22.3,22.9,23.0,23.1,22.3,23.0,22.9,22.9,23.4,22.2,23.4,21.3,云城街道,云城区,云浮
60,59473,鹤山,22.3,23.1,22.7,22.6,22.7,23.0,23.0,22.8,22.6,23.1,23.1,22.3,23.1,22.7,22.4,22.7,22.9,23.2,23.0,22.6,22.8,22.8,23.4,23.3,23.5,22.6,23.2,23.2,23.1,24.1,22.9,24.1,22.3,雅瑶镇,鹤山市,江门
61,59475,开平,22.8,23.6,23.3,23.2,23.3,23.5,23.6,23.4,23.2,23.7,23.6,21.9,22.7,22.4,22.0,22.4,22.6,22.7,23.3,23.0,23.1,22.9,23.6,23.5,23.5,22.8,23.5,23.6,23.3,24.4,23.1,24.4,21.9,长沙街道,开平市,江门
62,59476,新会,22.4,23.1,22.8,22.7,22.8,23.1,23.2,22.8,22.6,23.1,23.2,22.3,22.9,22.5,22.3,22.6,22.6,22.8,23.8,23.3,23.6,23.5,24.0,23.9,24.2,23.3,24.1,24.1,24.0,24.8,23.2,24.8,22.3,会城街道,新会区,江门
63,59477,恩平,22.7,23.5,23.2,23.1,23.0,23.1,23.3,23.0,22.9,23.3,23.2,22.3,23.0,22.8,22.3,22.6,22.7,21.9,22.8,22.5,22.4,22.3,23.1,23.0,22.9,22.1,22.8,22.9,22.6,23.7,22.8,23.7,21.9,大田镇,恩平市,江门
64,59478,台山,22.3,23.1,22.7,22.6,22.6,22.9,23.0,22.7,22.5,22.9,23.0,22.1,22.8,22.6,22.1,22.7,22.9,23.1,23.6,23.1,23.3,23.1,23.9,23.7,24.0,23.2,23.9,23.9,23.8,24.8,23.1,24.8,22.1,台城街道,台山市,江门
65,59480,顺德,22.7,23.4,23.3,23.1,23.2,23.5,23.6,23.5,23.2,23.7,23.8,23.0,23.6,23.2,23.1,23.3,23.5,23.8,24.2,23.6,24.0,23.8,24.5,24.4,24.7,23.8,24.0,24.0,23.9,24.7,23.7,24.7,22.7,大良街道,顺德区,佛山
66,59481,番禺,22.7,23.6,23.3,23.2,23.3,23.6,23.0,22.7,22.8,23.2,23.2,22.5,23.1,23.0,22.7,23.1,23.1,23.3,23.8,23.3,23.7,23.5,24.2,23.7,24.3,23.3,24.0,23.9,23.9,24.6,23.4,24.6,22.5,东环街道,番禺区,广州
67,59485,中山,22.8,23.6,23.3,23.2,23.3,23.6,23.6,23.3,23.3,22.9,23.0,22.3,22.8,22.7,22.1,22.5,22.6,22.8,23.7,23.0,23.3,23.2,24.0,23.8,23.9,23.2,23.8,23.4,23.2,24.0,23.2,24.0,22.1,东区街道,中山市,中山
68,59487,斗门,22.6,23.3,23.0,22.8,22.9,23.2,23.2,23.0,22.8,23.3,23.3,22.6,23.2,23.0,22.5,22.8,23.0,23.3,23.9,23.4,23.7,23.7,24.4,24.1,24.2,23.4,24.2,24.3,23.9,24.7,23.4,24.7,22.5,白蕉镇,斗门区,珠海
69,59488,珠海,22.7,23.3,23.1,22.9,23.0,23.3,23.3,23.1,22.8,23.3,23.4,22.6,23.1,23.0,22.5,22.9,23.0,23.3,24.0,23.1,23.5,23.3,24.1,23.8,24.0,23.2,23.9,24.0,23.7,24.5,23.3,24.5,22.5,狮山街道,香洲区,珠海
70,59492,惠东,21.8,22.7,22.3,22.1,22.2,22.5,22.2,21.9,22.0,22.3,22.3,21.6,22.1,21.9,21.5,22.0,22.1,22.2,22.7,22.6,22.5,22.3,22.8,22.8,23.1,22.3,23.0,22.9,22.7,23.7,22.4,23.7,21.5,大岭镇,惠东县,惠州
71,59493,深圳,23.1,23.9,23.6,23.4,23.6,23.9,23.7,23.6,23.3,23.4,23.5,22.8,23.2,23.0,22.6,23.1,23.1,23.3,24.0,23.2,23.7,23.4,24.0,23.8,24.0,23.3,23.9,23.9,23.5,24.3,23.5,24.3,22.6,香蜜湖街道,福田区,深圳
72,59500,海丰,22.6,23.5,23.2,23.0,23.2,23.5,23.2,23.2,22.9,23.2,23.4,22.7,23.2,22.8,22.5,22.8,22.9,23.0,23.6,22.5,22.8,22.5,22.9,22.9,22.9,22.4,22.9,23.0,22.6,23.2,23.0,23.6,22.4,海城镇,海丰县,汕尾
73,59501,汕尾,22.4,23.2,22.9,22.7,22.9,23.3,22.9,22.7,22.4,22.9,23.1,22.4,22.7,22.3,22.1,22.5,22.7,22.9,23.5,23.2,23.5,23.2,23.7,23.6,23.8,23.1,23.7,23.9,23.6,24.1,23.1,24.1,22.1,香洲街道,城区,汕尾
74,59502,陆丰,22.4,23.3,23.0,22.8,23.0,23.4,23.0,22.8,22.6,22.9,22.9,22.2,22.7,22.3,22.1,22.5,22.6,22.7,23.2,23.2,22.8,22.6,23.1,23.0,23.1,22.4,23.0,23.1,22.9,23.7,22.8,23.7,22.1,河东镇,陆丰市,汕尾
75,59650,遂溪,23.3,24.2,23.6,23.5,23.4,23.6,24.0,23.5,23.5,23.8,23.5,22.7,23.6,23.7,22.1,22.8,22.7,23.0,24.0,23.5,23.5,23.6,24.4,24.1,24.0,23.3,23.9,24.1,23.6,25.0,23.6,25.0,22.1,遂城街道,遂溪县,湛江
76,59653,高州,22.9,23.8,23.2,23.2,23.1,23.3,23.6,23.0,23.3,23.4,23.3,22.4,23.3,23.4,22.5,23.3,23.1,23.3,23.9,23.9,23.7,23.7,24.0,23.8,23.6,23.0,23.7,23.8,23.5,24.7,23.4,24.7,22.4,宝光街道,高州市,茂名
77,59654,廉江,23.4,24.2,23.8,23.8,23.7,23.9,24.4,23.9,23.8,24.1,23.0,22.1,23.0,23.2,22.4,23.1,23.0,23.2,23.8,23.6,23.9,23.4,24.4,24.1,24.0,23.2,23.9,24.0,23.7,25.0,23.6,25.0,22.1,石城镇,廉江市,湛江
78,59655,化州,23.1,23.9,23.4,23.5,23.4,23.4,23.7,23.2,23.3,23.5,23.4,22.6,23.3,23.4,22.7,23.4,23.3,23.7,24.2,23.9,24.0,23.9,24.8,24.5,24.4,23.7,24.4,24.6,23.4,24.4,23.7,24.8,22.6,丽岗镇,化州市,茂名
79,59656,吴川,23.7,24.4,24.0,24.0,23.9,24.1,24.4,24.0,23.9,24.1,24.0,23.2,24.0,24.0,22.4,23.1,23.1,23.2,24.0,23.7,23.6,23.6,24.6,24.2,24.3,23.5,24.1,24.3,23.7,25.0,23.9,25.0,22.4,大山江街道,吴川市,湛江
80,59658,湛江,23.8,24.5,24.0,23.8,23.9,24.1,24.5,23.2,23.0,23.4,23.3,22.5,23.3,23.3,22.4,23.3,23.0,23.3,24.3,23.6,23.7,23.5,24.6,24.3,24.2,23.3,24.0,24.3,23.7,25.1,23.7,25.1,22.4,湖光镇,麻章区,湛江
81,59659,茂名,23.7,24.5,24.1,24.1,24.0,23.7,23.6,23.1,23.3,23.5,23.4,22.5,23.3,23.3,22.6,23.4,23.2,23.4,24.0,23.7,23.7,23.6,24.5,24.2,24.1,23.5,24.1,24.3,23.8,24.9,23.7,24.9,22.5,山阁镇,茂南区,茂名
82,59663,阳江,23.0,23.8,23.4,23.3,23.3,23.5,23.7,22.6,22.3,22.9,22.8,22.0,22.6,22.5,22.0,22.5,22.6,22.7,23.4,23.1,23.1,23.0,23.9,23.5,23.7,22.9,23.6,23.8,23.4,24.3,23.1,24.3,22.0,城南街道,江城区,阳江
83,59664,电白,23.7,24.4,24.0,24.0,23.9,23.9,24.1,23.5,23.8,24.2,23.5,22.7,23.2,23.3,22.5,23.1,23.2,23.3,24.2,23.9,23.8,23.6,24.6,24.2,24.3,23.5,24.1,24.5,23.9,24.9,23.8,24.9,22.5,七迳镇,电白区,茂名
84,59673,上川岛,23.0,23.7,23.3,23.1,23.3,23.5,23.5,23.2,22.9,23.3,23.3,22.5,23.0,23.0,22.4,23.2,23.1,23.3,24.1,23.4,23.5,23.4,24.2,23.8,24.0,23.2,24.0,24.2,23.8,24.8,23.4,24.8,22.4,川岛镇,台山市,江门
85,59750,雷州,23.4,24.2,23.5,23.3,23.4,23.7,23.9,23.6,23.5,23.7,23.5,22.8,23.0,23.2,22.1,23.2,23.0,23.3,24.2,23.7,23.7,23.6,24.7,24.5,24.3,23.4,24.2,24.4,23.8,25.4,23.7,25.4,22.1,西湖街道,雷州市,湛江
86,59754,徐闻,24.0,24.9,24.1,24.0,24.1,24.4,24.2,23.6,23.9,24.1,23.9,23.3,24.0,24.4,23.1,24.3,23.9,24.3,25.1,24.4,24.4,24.2,25.7,25.3,25.1,24.2,25.1,25.4,24.4,26.0,24.4,26.0,23.1,南山镇,徐闻县,湛江
,,,1997,1998,1999,2000,2001,2002,2003,2004,2005,2006,2007,2008,2009,2010,2011,2012,2013,2014,2015,2016,2017,2018,2019,2020,2021,2022,2023,2024,2025,2026,,,,,,
,,Average,21.9,22.7,22.3,22.2,22.2,22.5,22.4,22.1,22.1,22.4,22.4,21.6,22.2,21.9,21.5,21.8,21.9,22.1,22.6,22.3,22.4,22.3,22.8,22.8,23.0,22.2,22.7,22.7,22.6,23.6,22.3,23.6,21.4,,,
,,Max,24.0,24.9,24.1,24.1,24.1,24.4,24.5,24.0,23.9,24.2,24.0,23.3,24.0,24.4,23.1,24.3,23.9,24.3,25.1,24.4,24.4,24.2,25.7,25.3,25.1,24.2,25.1,25.4,24.4,26.0,24.4,26.0,23.1,,,
,,Min,19.2,19.7,19.3,19.0,19.1,19.5,19.5,19.0,19.1,19.3,19.4,18.7,19.4,19.1,18.4,18.8,19.2,19.2,19.7,19.7,19.8,19.6,19.5,20.0,20.3,19.5,20.1,20.1,19.8,21.3,19.5,21.3,18.4,,,
