No.,Station Code,Station Name,This-Year Onset Date,Normal Onset Date,Anomaly,Selected-Year Onset Date,Anomaly,Township,County,City
1,57988,乐昌,2026-04-06,04-28,-22,2025-04-15,-9,乐城街道,乐昌市,韶关
2,57989,仁化,2026-04-06,04-27,-21,2025-04-18,-12,丹霞街道,仁化县,韶关
3,57996,南雄,2026-04-06,04-27,-21,2025-04-16,-10,古市镇,南雄市,韶关
4,59071,连南,2026-04-06,04-28,-22,2025-04-15,-9,三江镇,连南瑶族自治县,清远
5,59072,连州,2026-04-06,04-28,-22,2025-04-15,-9,连州镇,连州市,清远
6,59074,连山,2026-04-06,04-29,-23,2025-04-17,-11,吉田镇,连山壮族瑶族自治县,清远
7,59075,阳山,2026-04-06,04-23,-17,2025-04-10,-4,七拱镇,阳山县,清远
8,59081,乳源,2026-04-07,04-28,-21,2025-04-15,-8,乳城镇,乳源瑶族自治县,韶关
9,59082,韶关,2026-04-06,04-23,-17,2025-04-15,-9,马坝镇,曲江区,韶关
10,59087,佛冈,2026-03-23,04-17,-25,2025-04-09,-17,石角镇,佛冈县,清远
11,59088,英德,2026-03-23,04-16,-24,2025-04-08,-16,英城街道,英德市,清远
12,59090,始兴,2026-04-06,04-27,-21,2025-04-15,-9,太平镇,始兴县,韶关
13,59094,翁源,2026-04-03,04-17,-14,2025-04-16,-13,龙仙镇,翁源县,韶关
14,59096,连平,2026-04-06,04-24,-18,2025-04-17,-11,元善镇,连平县,河源
15,59097,新丰,2026-04-05,04-24,-19,2025-04-17,-12,丰城街道,新丰县,韶关
16,59099,和平,2026-04-06,04-28,-22,2025-04-17,-11,阳明镇,和平县,河源
17,59106,平远,2026-03-23,04-17,-25,2025-04-17,-25,大柘镇,平远县,梅州
18,59107,龙川,2026-03-22,04-17,-26,2025-04-15,-24,老隆镇,龙川县,河源
19,59109,兴宁,2026-03-23,04-16,-24,2025-04-15,-23,叶塘镇,兴宁市,梅州
20,59114,蕉岭,2026-03-23,04-17,-25,2025-04-15,-23,蕉城镇,蕉岭县,梅州
21,59116,大埔,2026-04-05,04-17,-12,2025-04-17,-12,湖寮镇,大埔县,梅州
22,59117,梅县,2026-03-18,04-16,-29,2025-04-15,-28,程江镇,梅县区,梅州
23,59264,封开,2026-04-02,04-16,-14,2025-04-08,-6,江口镇,封开县,肇庆
24,59268,郁南,2026-03-17,04-15,-29,2025-04-08,-22,都城镇,郁南县,云浮
25,59269,德庆,2026-03-18,04-15,-28,2025-04-08,-21,新圩镇,德庆县,肇庆
26,59270,怀集,2026-03-20,04-16,-27,2025-04-09,-20,怀城街道,怀集县,肇庆
27,59271,广宁,2026-03-18,04-16,-29,2025-04-08,-21,南街镇,广宁县,肇庆
28,59276,四会,2026-03-18,04-16,-29,2025-04-08,-21,贞山街道,四会市,肇庆
29,59278,高要,2026-03-16,04-14,-29,2025-04-08,-23,莲塘镇,高要区,肇庆
30,59279,三水,2026-03-16,04-15,-30,2025-03-23,-7,云东海街道,三水区,佛山
31,59280,清远,2026-03-20,04-16,-27,2025-04-08,-19,东城街道,清城区,清远
32,59284,花都,2026-03-16,04-14,-29,2025-04-08,-23,花城街道,花都区,广州
33,59285,从化,2026-03-19,04-16,-28,2025-04-08,-20,江埔街道,从化区,广州
34,59287,广州,2026-03-19,04-16,-28,2025-04-08,-20,长岭街道,黄埔区,广州
35,59288,南海,2026-03-16,04-09,-24,2025-03-23,-7,狮山镇,南海区,佛山
36,59289,东莞,2026-03-18,04-13,-26,2025-04-08,-21,南城街道,东莞市,东莞
37,59290,龙门,2026-03-20,04-17,-28,2025-04-17,-28,龙田镇,龙门县,惠州
38,59293,河源,2026-03-20,04-16,-27,2025-04-16,-27,仙塘镇,东源县,河源
39,59294,增城,2026-03-19,04-16,-28,2025-04-08,-20,荔城街道,增城区,广州
40,59297,博罗,2026-03-18,04-14,-27,2025-04-08,-21,罗阳街道,博罗县,惠州
41,59298,惠阳,2026-03-18,04-16,-29,2025-04-08,-21,龙丰街道,惠城区,惠州
42,59303,五华,2026-03-18,04-16,-29,2025-04-08,-21,水寨镇,五华县,梅州
43,59304,紫金,2026-04-06,04-17,-11,2025-04-15,-9,紫城镇,紫金县,河源
44,59306,揭西,2026-03-23,04-16,-24,2025-04-09,-17,河婆街道,揭西县,揭阳
45,59310,丰顺,2026-03-23,04-16,-24,2025-04-09,-17,汤坑镇,丰顺县,梅州
46,59312,潮州,2026-04-04,04-17,-13,2025-04-17,-13,红山农场,湘桥区,潮州
47,59313,饶平,2026-04-04,04-18,-14,2025-04-15,-11,黄冈镇,饶平县,潮州
48,59314,普宁,2026-04-04,04-16,-12,2025-04-09,-5,大坝镇,普宁市,揭阳
49,59315,揭阳,2026-04-04,04-16,-12,2025-04-09,-5,曲溪街道,揭东区,揭阳
50,59316,汕头,2026-03-27,04-17,-21,2025-04-08,-12,岐山街道,金平区,汕头
51,59317,惠来,2026-03-30,04-17,-18,2025-04-15,-16,神泉镇,惠来县,揭阳
52,59318,潮阳,2026-04-06,04-17,-11,2025-04-15,-9,河溪镇,潮阳区,汕头
53,59319,澄海,2026-04-04,04-18,-14,2025-04-09,-5,上华镇,澄海区,汕头
54,59324,南澳,2026-04-04,04-18,-14,2025-04-15,-11,后宅镇,南澳县,汕头
55,59456,信宜,2026-03-19,04-08,-20,2025-04-08,-20,东镇街道,信宜市,茂名
56,59462,罗定,2026-03-18,04-09,-22,2025-04-08,-21,素龙街道,罗定市,云浮
57,59469,阳春,2026-03-18,04-09,-22,2025-04-08,-21,春城街道,阳春市,阳江
58,59470,新兴,2026-03-18,04-15,-28,2025-04-08,-21,车岗镇,新兴县,云浮
59,59471,云浮,2026-03-18,04-16,-29,2025-04-08,-21,云城街道,云城区,云浮
60,59473,鹤山,2026-03-18,04-15,-28,2025-04-08,-21,雅瑶镇,鹤山市,江门
61,59475,开平,2026-03-18,04-09,-22,2025-04-08,-21,长沙街道,开平市,江门
62,59476,新会,2026-03-16,04-13,-28,2025-03-24,-8,会城街道,新会区,江门
63,59477,恩平,2026-03-23,04-14,-22,2025-04-08,-16,大田镇,恩平市,江门
64,59478,台山,2026-03-18,04-09,-22,2025-04-07,-20,台城街道,台山市,江门
65,59480,顺德,2026-03-16,04-09,-24,2025-03-22,-6,大良街道,顺德区,佛山
66,59481,番禺,2026-03-16,04-13,-28,2025-04-07,-22,东环街道,番禺区,广州
67,59485,中山,2026-03-18,04-09,-22,2025-04-08,-21,东区街道,中山市,中山
68,59487,斗门,2026-03-18,04-13,-26,2025-04-08,-21,白蕉镇,斗门区,珠海
69,59488,珠海,2026-03-18,04-16,-29,2025-04-08,-21,狮山街道,香洲区,珠海
70,59492,惠东,2026-03-19,04-16,-28,2025-04-08,-20,大岭镇,惠东县,惠州
71,59493,深圳,2026-03-18,04-09,-22,2025-04-08,-21,香蜜湖街道,福田区,深圳
72,59500,海丰,2026-03-24,04-16,-23,2025-04-09,-16,海城镇,海丰县,汕尾
73,59501,汕尾,2026-03-23,04-16,-24,2025-04-09,-17,香洲街道,城区,汕尾
74,59502,陆丰,2026-03-23,04-16,-24,2025-04-09,-17,河东镇,陆丰市,汕尾
75,59650,遂溪,2026-03-17,03-30,-13,2025-04-07,-21,遂城街道,遂溪县,湛江
76,59653,高州,2026-03-18,03-31,-13,2025-04-08,-21,宝光街道,高州市,茂名
77,59654,廉江,2026-03-18,03-29,-11,2025-04-08,-21,石城镇,廉江市,湛江
78,59655,化州,2026-03-18,03-30,-12,2025-04-08,-21,丽岗镇,化州市,茂名
79,59656,吴川,2026-03-17,03-30,-13,2025-04-08,-22,大山江街道,吴川市,湛江
80,59658,湛江,2026-03-17,03-31,-14,2025-04-08,-22,湖光镇,麻章区,湛江
81,59659,茂名,2026-03-17,03-28,-11,2025-04-07,-21,山阁镇,茂南区,茂名
82,59663,阳江,2026-03-18,04-14,-27,2025-04-08,-21,城南街道,江城区,阳江
83,59664,电白,2026-03-18,03-30,-12,2025-04-08,-21,七迳镇,电白区,茂名
84,59673,上川岛,2026-03-18,04-09,-22,2025-04-08,-21,川岛镇,台山市,江门
85,59750,雷州,2026-03-17,03-30,-13,2025-04-08,-22,西湖街道,雷州市,湛江
86,59754,徐闻,2026-03-15,03-16,-1,2025-04-08,-24,南山镇,徐闻县,湛江
,,Average,2026-03-24,04-15,-22,2025-04-10,-17,,,
,,Max,2026-04-07,04-29,-1,2025-04-18,-4,,,
,,Min,2026-03-15,03-16,-30,2025-03-22,-28,,,
