No.,Station Code,Station Name,Average,Multi-Yr Avg,Anomaly,Yearly Avg,Anomaly,Rank (High-Low),Rank (Low-High),Ranking Year,Max-Value Year,Max,Min-Value Year,Min,Township,County,City
1,57988,乐昌,25.7,26.9,-1.2,28.2,-2.5,62,6,68(1959-2026),2009,29.0,2006,25.2,乐城街道,乐昌市,韶关
2,57989,仁化,25.2,26.8,-1.6,28.1,-2.9,63,2,65(1962-2026),2009,29.2,2006,25.1,丹霞街道,仁化县,韶关
3,57996,南雄,25.5,26.9,-1.4,28.4,-2.9,66,6,72(1955-2026),2009,29.3,2006,25.0,古市镇,南雄市,韶关
4,59071,连南,24.8,26.6,-1.8,28.2,-3.4,65,1,65(1962-2026),1963,29.0,2026,24.8,三江镇,连南瑶族自治县,清远
5,59072,连州,24.8,26.8,-2.0,28.7,-3.9,74,1,74(1953-2026),2021,29.2,2026,24.8,连州镇,连州市,清远
6,59074,连山,24.4,25.3,-0.9,26.5,-2.1,57,8,65(1962-2026),2021,27.3,1984,23.9,吉田镇,连山壮族瑶族自治县,清远
7,59075,阳山,25.3,27.5,-2.2,27.9,-2.6,70,1,70(1957-2026),2021,29.9,2026,25.3,七拱镇,阳山县,清远
8,59081,乳源,25.9,26.9,-1.0,28.8,-2.9,55,8,62(1965-2026),2009,29.5,2007,25.2,乳城镇,乳源瑶族自治县,韶关
9,59082,韶关,25.6,27.0,-1.4,28.9,-3.3,74,2,76(1951-2026),1963,29.8,2000,25.4,马坝镇,曲江区,韶关
10,59087,佛冈,26.8,27.1,-0.3,28.4,-1.6,43,26,70(1957-2026),1963,29.2,1961,25.8,石角镇,佛冈县,清远
11,59088,英德,26.9,27.8,-0.9,29.2,-2.3,56,9,67(1960-2026),2021,30.0,1961,25.7,英城街道,英德市,清远
12,59090,始兴,25.7,26.7,-1.0,28.1,-2.4,53,10,62(1965-2026),2009,29.1,2006,24.6,太平镇,始兴县,韶关
13,59094,翁源,26.2,26.9,-0.7,27.9,-1.7,54,12,68(1959-2026),1963,28.9,2000,25.2,龙仙镇,翁源县,韶关
14,59096,连平,25.7,26.6,-0.9,27.2,-1.5,52,21,74(1953-2026),2014,28.2,1961,24.9,元善镇,连平县,河源
15,59097,新丰,25.8,26.1,-0.3,27.2,-1.4,46,17,68(1959-2026),1963,28.1,2000,24.7,丰城街道,新丰县,韶关
16,59099,和平,26.0,26.3,-0.3,28.0,-2.0,40,27,67(1957-2026),2021,28.3,2000,24.6,阳明镇,和平县,河源
17,59106,平远,26.1,27.0,-0.9,27.7,-1.6,59,6,66(1961-2026),2009,29.0,1993,25.5,大柘镇,平远县,梅州
18,59107,龙川,25.7,27.1,-1.4,28.1,-2.4,65,3,67(1960-2026),2009,29.3,2006,25.4,老隆镇,龙川县,河源
19,59109,兴宁,26.1,27.3,-1.2,29.0,-2.9,63,5,68(1959-2026),2021,29.7,2006,25.7,叶塘镇,兴宁市,梅州
20,59114,蕉岭,26.6,27.4,-0.8,28.6,-2.0,50,8,62(1965-2026),2021,29.3,1984,25.8,蕉城镇,蕉岭县,梅州
21,59116,大埔,25.7,27.1,-1.4,27.0,-1.3,68,1,68(1958-2026),2019,28.5,2026,25.7,湖寮镇,大埔县,梅州
22,59117,梅县,26.9,27.6,-0.7,29.0,-2.1,58,15,74(1953-2026),2021,30.2,1984,26.2,程江镇,梅县区,梅州
23,59264,封开,26.2,27.3,-1.1,28.1,-1.9,62,2,65(1962-2026),2021,29.2,2006,25.9,江口镇,封开县,肇庆
24,59268,郁南,26.3,27.7,-1.4,28.5,-2.2,63,2,65(1962-2026),2021,29.4,2006,26.2,都城镇,郁南县,云浮
25,59269,德庆,26.1,27.5,-1.4,27.7,-1.6,69,1,70(1957-2026),1963,29.4,2023,26.1,新圩镇,德庆县,肇庆
26,59270,怀集,26.6,27.4,-0.8,28.1,-1.5,55,12,70(1957-2026),1963,29.0,1961,25.7,怀城街道,怀集县,肇庆
27,59271,广宁,26.7,27.2,-0.5,28.2,-1.5,38,28,70(1957-2026),2009,29.1,1961,25.5,南街镇,广宁县,肇庆
28,59276,四会,26.9,27.4,-0.5,28.3,-1.4,49,17,68(1959-2026),2021,29.3,2006,25.7,贞山街道,四会市,肇庆
29,59278,高要,27.2,28.2,-1.0,28.9,-1.7,65,8,73(1954-2026),2009,30.1,2006,26.6,莲塘镇,高要区,肇庆
30,59279,三水,27.9,28.4,-0.5,29.9,-2.0,36,32,70(1957-2026),2021,30.5,2006,26.3,云东海街道,三水区,佛山
31,59280,清远,27.6,28.0,-0.4,29.1,-1.5,42,23,70(1957-2026),2009,30.1,1961,26.6,东城街道,清城区,清远
32,59284,花都,28.3,28.4,-0.1,30.3,-2.0,24,43,68(1959-2026),2021,30.6,1961,26.3,花城街道,花都区,广州
33,59285,从化,26.7,27.4,-0.7,28.8,-2.1,54,11,68(1959-2026),1963,29.1,1961,26.0,江埔街道,从化区,广州
34,59287,广州,27.0,27.9,-0.9,28.2,-1.2,57,12,76(1951-2026),2009,30.1,1953,26.1,长岭街道,黄埔区,广州
35,59288,南海,28.2,28.6,-0.4,30.1,-1.9,34,36,69(1957-2026),2021,30.7,1961,26.5,狮山镇,南海区,佛山
36,59289,东莞,27.8,28.2,-0.4,29.3,-1.5,30,32,65(1957-2026),2021,30.0,2006,25.6,南城街道,东莞市,东莞
37,59290,龙门,27.0,26.9,0.1,28.1,-1.1,24,37,64(1963-2026),1963,28.5,2006,25.4,龙田镇,龙门县,惠州
38,59293,河源,26.6,27.7,-1.1,28.5,-1.9,63,10,74(1953-2026),2021,30.2,2006,25.7,仙塘镇,东源县,河源
39,59294,增城,27.4,27.4,0.0,28.5,-1.1,27,38,68(1959-2026),1963,29.2,2006,25.9,荔城街道,增城区,广州
40,59297,博罗,27.8,28.1,-0.3,29.0,-1.2,30,39,70(1957-2026),2009,29.9,1984,26.4,罗阳街道,博罗县,惠州
41,59298,惠阳,27.6,27.9,-0.3,29.0,-1.4,35,35,74(1953-2026),2021,29.6,1961,26.4,龙丰街道,惠城区,惠州
42,59303,五华,26.9,27.4,-0.5,28.6,-1.7,50,21,70(1957-2026),2021,29.7,1961,25.9,水寨镇,五华县,梅州
43,59304,紫金,25.5,26.7,-1.2,27.2,-1.7,66,2,70(1957-2026),2021,28.2,2006,25.0,紫城镇,紫金县,河源
44,59306,揭西,27.0,27.4,-0.4,28.0,-1.0,27,29,60(1967-2026),1995,28.8,2023,26.1,河婆街道,揭西县,揭阳
45,59310,丰顺,27.5,27.6,-0.1,28.7,-1.2,25,41,67(1958-2026),2021,30.1,1961,25.9,汤坑镇,丰顺县,梅州
46,59312,潮州,26.7,28.0,-1.3,28.3,-1.6,63,5,70(1957-2026),2009,29.9,2023,25.9,红山农场,湘桥区,潮州
47,59313,饶平,26.5,27.7,-1.2,28.1,-1.6,68,2,71(1956-2026),2009,29.2,2023,26.2,黄冈镇,饶平县,潮州
48,59314,普宁,27.1,27.6,-0.5,28.7,-1.6,38,28,68(1959-2026),2021,29.3,2023,26.1,大坝镇,普宁市,揭阳
49,59315,揭阳,27.5,28.2,-0.7,29.2,-1.7,36,33,72(1955-2026),2009,30.3,1957,26.5,曲溪街道,揭东区,揭阳
50,59316,汕头,28.1,28.3,-0.2,29.9,-1.8,22,53,76(1951-2026),2021,30.7,1974,26.5,岐山街道,金平区,汕头
51,59317,惠来,27.1,27.7,-0.6,28.6,-1.5,44,20,71(1956-2026),2014,29.3,1968,26.6,神泉镇,惠来县,揭阳
52,59318,潮阳,26.5,28.4,-1.9,28.2,-1.7,67,2,68(1959-2026),2021,30.4,2023,25.9,河溪镇,潮阳区,汕头
53,59319,澄海,27.0,28.1,-1.1,29.1,-2.1,50,13,68(1959-2026),2021,29.7,1962,26.5,上华镇,澄海区,汕头
54,59324,南澳,27.2,27.6,-0.4,28.6,-1.4,41,27,70(1957-2026),2021,29.2,2001,26.3,后宅镇,南澳县,汕头
55,59456,信宜,26.7,27.5,-0.8,27.8,-1.1,61,12,73(1954-2026),1963,28.8,1979,25.9,东镇街道,信宜市,茂名
56,59462,罗定,26.6,27.7,-1.1,28.4,-1.8,63,5,69(1958-2026),1963,29.2,1980,26.2,素龙街道,罗定市,云浮
57,59469,阳春,26.6,27.8,-1.2,27.8,-1.2,60,7,70(1957-2026),2021,29.4,1959,26.1,春城街道,阳春市,阳江
58,59470,新兴,26.6,27.3,-0.7,27.9,-1.3,57,12,69(1958-2026),1963,28.9,2006,25.9,车岗镇,新兴县,云浮
59,59471,云浮,26.0,27.1,-1.1,28.6,-2.6,60,2,62(1965-2026),2021,29.2,2006,25.7,云城街道,云城区,云浮
60,59473,鹤山,27.6,28.2,-0.6,28.5,-0.9,38,29,68(1959-2026),2014,29.8,2006,26.3,雅瑶镇,鹤山市,江门
61,59475,开平,27.6,28.1,-0.5,28.8,-1.2,36,29,68(1959-2026),1999,29.3,1979,26.3,长沙街道,开平市,江门
62,59476,新会,28.2,28.1,0.1,29.3,-1.1,22,45,70(1957-2026),2021,29.9,2006,26.2,会城街道,新会区,江门
63,59477,恩平,27.1,27.6,-0.5,27.5,-0.4,39,24,65(1962-2026),1989,28.8,1979,26.1,大田镇,恩平市,江门
64,59478,台山,27.9,27.8,0.1,28.8,-0.9,22,50,74(1953-2026),2021,29.6,1959,26.0,台城街道,台山市,江门
65,59480,顺德,27.7,28.8,-1.1,29.5,-1.8,46,20,68(1959-2026),2021,30.9,1984,26.5,大良街道,顺德区,佛山
66,59481,番禺,27.7,28.6,-0.9,29.7,-2.0,43,23,67(1960-2026),2021,30.5,1984,26.5,东环街道,番禺区,广州
67,59485,中山,27.0,28.2,-1.2,28.5,-1.5,57,14,72(1955-2026),2022,30.0,2006,26.1,东区街道,中山市,中山
68,59487,斗门,28.0,28.2,-0.2,29.4,-1.4,29,32,60(1967-2026),2022,30.1,2006,26.1,白蕉镇,斗门区,珠海
69,59488,珠海,27.9,28.1,-0.2,29.2,-1.3,32,31,65(1962-2026),2022,29.9,2006,26.4,狮山街道,香洲区,珠海
70,59492,惠东,27.4,27.3,0.1,28.5,-1.1,25,33,60(1967-2026),1989,28.8,2006,25.5,大岭镇,惠东县,惠州
71,59493,深圳,27.6,28.3,-0.7,28.6,-1.0,40,32,74(1953-2026),2021,29.3,1975,26.3,香蜜湖街道,福田区,深圳
72,59500,海丰,27.4,28.0,-0.6,28.0,-0.6,38,27,67(1960-2026),2009,29.8,1984,26.6,海城镇,海丰县,汕尾
73,59501,汕尾,28.0,28.0,0.0,29.4,-1.4,25,47,74(1953-2026),2021,29.7,1959,26.6,香洲街道,城区,汕尾
74,59502,陆丰,27.7,27.9,-0.2,28.6,-0.9,28,39,68(1959-2026),2014,29.1,1959,26.5,河东镇,陆丰市,汕尾
75,59650,遂溪,27.3,27.6,-0.3,28.1,-0.8,39,26,66(1961-2026),1988,29.3,1979,26.3,遂城街道,遂溪县,湛江
76,59653,高州,26.9,27.6,-0.7,28.1,-1.2,57,9,68(1959-2026),2014,28.8,1979,26.0,宝光街道,高州市,茂名
77,59654,廉江,27.4,28.0,-0.6,28.5,-1.1,41,26,69(1957-2026),2017,29.5,1979,26.3,石城镇,廉江市,湛江
78,59655,化州,26.8,27.8,-1.0,27.9,-1.1,54,7,67(1959-2026),2024,29.8,1979,26.0,丽岗镇,化州市,茂名
79,59656,吴川,27.2,28.2,-1.0,28.5,-1.3,52,9,64(1963-2026),1989,29.3,1978,26.8,大山江街道,吴川市,湛江
80,59658,湛江,27.1,27.8,-0.7,28.1,-1.0,65,10,76(1951-2026),1988,29.7,2006,26.3,湖光镇,麻章区,湛江
81,59659,茂名,27.1,27.8,-0.7,28.4,-1.3,43,12,54(1973-2026),1989,29.1,1979,26.5,山阁镇,茂南区,茂名
82,59663,阳江,27.0,27.6,-0.6,28.0,-1.0,49,22,74(1953-2026),1988,28.8,1959,26.2,城南街道,江城区,阳江
83,59664,电白,27.2,27.8,-0.6,28.4,-1.2,55,15,70(1957-2026),2024,29.1,1959,26.6,七迳镇,电白区,茂名
84,59673,上川岛,27.9,28.0,-0.1,28.7,-0.8,31,35,69(1958-2026),2021,29.2,1959,26.6,川岛镇,台山市,江门
85,59750,雷州,27.3,27.5,-0.2,28.3,-1.0,40,24,67(1960-2026),1988,29.2,1978,26.3,西湖街道,雷州市,湛江
86,59754,徐闻,27.5,27.6,-0.1,28.7,-1.2,29,41,70(1957-2026),2020,29.3,1985,26.1,南山镇,徐闻县,湛江
,,Average,26.8,27.6,-0.8,28.5,-1.7,63,12,76(1951-2026),2021,29.1,2006,26.3,,,
,,Max,28.3,28.8,0.1,30.3,-0.4,,,,,30.9,,26.8,,,
,,Min,24.4,25.3,-2.2,26.5,-3.9,,,,,27.3,,23.9,,,
