No.,Station Code,Station Name,Average,Multi-Yr Avg,Anomaly,Yearly Avg,Anomaly,Rank (High-Low),Rank (Low-High),Ranking Year,Max-Value Year,Max,Min-Value Year,Min,County,City,Province
1,45007,香港,29.5,,,29.0,0.5,3,70,76(1951-2026),2024,29.6,1995,27.4,,香港,香港
2,45011,澳门,28.7,,,28.0,0.7,13,56,75(1952-2026),1990,29.8,1972,27.1,,澳门,澳门
3,56444,德钦,13.5,13.2,0.3,13.9,-0.4,16,55,71(1954-2025),2022,14.7,1962,10.4,德钦县,迪庆,云南
4,56483,绥江,26.9,26.1,0.8,27.7,-0.8,16,50,66(1959-2025),2022,29.5,1965,24.3,绥江县,昭通,云南
5,56489,永善,25.6,24.8,0.8,26.3,-0.7,17,49,66(1959-2025),2022,28.3,1974,22.9,永善县,昭通,云南
6,56497,盐津,24.5,26.1,-1.6,27.7,-3.2,63,4,66(1959-2025),2022,29.7,1974,24.0,盐津县,昭通,云南
7,56533,贡山,22.1,21.5,0.6,22.0,0.1,5,63,67(1958-2025),2016,22.9,1962,17.7,贡山独龙族怒族自治县,怒江,云南
8,56543,香格里拉,13.2,13.5,-0.3,13.6,-0.4,29,35,67(1958-2025),2003,14.7,1971,11.7,香格里拉市,迪庆,云南
9,56548,维西,18.8,18.4,0.4,18.6,0.2,12,56,70(1955-2025),2022,19.8,1962,16.9,维西傈僳族自治县,迪庆,云南
10,56567,宁蒗,18.2,18.5,-0.3,18.3,-0.1,48,12,66(1959-2025),2016,19.7,2002,17.4,宁蒗彝族自治县,丽江,云南
11,56582,大关,23.8,22.9,0.9,24.3,-0.5,20,47,66(1959-2025),2024,26.0,1993,21.4,大关县,昭通,云南
12,56585,鲁甸,19.7,19.6,0.1,20.5,-0.8,29,37,66(1959-2025),2024,21.6,1974,17.5,鲁甸县,昭通,云南
13,56586,昭阳,20.3,19.5,0.8,21.1,-0.8,13,61,74(1951-2025),2022,22.2,1974,17.2,昭阳区,昭通,云南
14,56594,彝良,24.5,24.8,-0.3,25.3,-0.8,44,23,66(1959-2025),2022,26.8,1974,22.6,彝良县,昭通,云南
15,56595,镇雄,19.2,20.2,-1.0,20.1,-0.9,51,15,68(1957-2025),2022,23.1,1974,17.6,镇雄县,昭通,云南
16,56596,威信,22.2,22.6,-0.4,22.9,-0.7,36,32,66(1959-2025),2022,25.3,1974,20.2,威信县,昭通,云南
17,56598,赫章,20.7,21.3,-0.6,21.5,-0.8,44,21,67(1959-2025),2017,23.0,1974,18.9,赫章县,毕节,贵州
18,56641,福贡,24.0,23.5,0.5,23.7,0.3,10,55,66(1959-2025),2016,25.0,2002,22.2,福贡县,怒江,云南
19,56643,泸水,25.5,24.9,0.6,25.4,0.1,7,41,48(1977-2025),2022,26.3,1987,23.7,泸水市,怒江,云南
20,56645,兰坪,18.1,17.6,0.5,18.0,0.1,11,58,68(1957-2025),2020,18.6,1987,16.6,兰坪白族普米族自治县,怒江,云南
21,56646,剑川,19.1,18.5,0.6,19.3,-0.2,12,55,67(1957-2025),2019,20.0,2002,17.2,剑川县,大理,云南
22,56649,洱源,19.5,19.3,0.2,19.7,-0.2,23,42,68(1957-2025),2003,20.6,1962,18.2,洱源县,大理,云南
23,56651,玉龙,18.7,17.8,0.9,18.4,0.3,6,69,74(1951-2025),2016,19.5,1952,16.2,玉龙纳西族自治县,丽江,云南
24,56652,永胜,18.8,18.7,0.1,19.0,-0.2,21,44,68(1957-2025),2016,20.6,2002,17.3,永胜县,丽江,云南
25,56654,鹤庆,19.3,18.6,0.7,19.1,0.2,7,57,66(1959-2025),2016,20.4,1962,17.3,鹤庆县,大理,云南
26,56664,华坪,24.4,23.8,0.6,24.5,-0.1,16,52,67(1957-2025),2016,26.4,1974,21.9,华坪县,丽江,云南
27,56669,永仁,22.5,22.2,0.3,22.5,0.0,20,44,67(1958-2025),2016,24.6,1974,20.4,永仁县,楚雄,云南
28,56673,巧家,26.3,26.4,-0.1,27.5,-1.2,43,24,65(1959-2025),2022,30.0,1974,23.9,巧家县,昭通,云南
29,56684,会泽,18.6,18.5,0.1,18.8,-0.2,30,42,72(1953-2025),2003,19.9,1974,16.6,会泽县,曲靖,云南
30,56688,东川,24.9,24.4,0.5,25.5,-0.6,23,47,70(1955-2025),2024,27.4,2002,21.9,东川区,昆明,云南
31,56691,威宁,18.1,17.6,0.5,18.6,-0.5,18,58,75(1951-2025),2024,19.9,1974,15.1,威宁彝族回族苗族自治县,毕节,贵州
32,56693,钟山,20.3,19.8,0.5,20.7,-0.4,13,57,69(1957-2025),2024,22.0,1974,17.5,钟山区,六盘水,贵州
33,56697,宣威,18.9,19.4,-0.5,19.0,-0.1,39,26,67(1958-2025),2024,21.7,1974,17.1,宣威市,曲靖,云南
34,56739,腾冲,20.8,20.3,0.5,20.0,0.8,9,66,74(1951-2025),2006,21.4,1958,18.8,腾冲市,保山,云南
35,56742,云龙,21.3,21.6,-0.3,21.5,-0.2,30,34,67(1958-2025),2003,22.8,1975,18.4,云龙县,大理,云南
36,56745,漾濞,21.9,21.4,0.5,21.7,0.2,8,58,66(1959-2025),2016,22.9,1962,20.0,漾濞彝族自治县,大理,云南
37,56746,永平,21.6,21.3,0.3,21.6,0.0,16,49,66(1959-2025),2019,22.5,1971,20.2,永平县,大理,云南
38,56748,隆阳,21.6,21.5,0.1,21.3,0.3,11,59,74(1951-2025),2019,23.1,1971,19.6,隆阳区,保山,云南
39,56751,大理,20.0,19.6,0.4,20.2,-0.2,16,59,74(1951-2025),2016,21.1,2002,18.3,大理市,大理,云南
40,56752,宾川,23.4,23.3,0.1,23.3,0.1,22,48,70(1955-2025),2019,25.2,2002,21.4,宾川县,大理,云南
41,56755,弥渡,21.2,21.2,0.0,21.3,-0.1,27,37,66(1959-2025),2016,22.7,1971,19.7,弥渡县,大理,云南
42,56756,祥云,19.7,19.3,0.4,19.8,-0.1,15,50,66(1959-2025),2016,21.3,1971,18.0,祥云县,大理,云南
43,56757,巍山,21.2,20.9,0.3,21.3,-0.1,13,52,68(1957-2025),2016,22.3,1971,19.6,巍山彝族回族自治县,大理,云南
44,56761,大姚,20.7,20.1,0.6,20.8,-0.1,13,53,66(1959-2025),2016,21.9,1974,18.5,大姚县,楚雄,云南
45,56763,元谋,25.6,25.3,0.3,26.0,-0.4,26,39,68(1956-2025),1960,27.4,2002,23.0,元谋县,楚雄,云南
46,56764,姚安,20.6,20.1,0.5,20.7,-0.1,13,55,67(1958-2025),2016,21.7,1971,18.6,姚安县,楚雄,云南
47,56766,牟定,20.5,20.6,-0.1,20.3,0.2,33,32,66(1959-2025),2003,22.2,1974,19.1,牟定县,楚雄,云南
48,56767,南华,19.5,19.7,-0.2,19.5,0.0,36,24,66(1959-2025),2016,21.4,1971,18.3,南华县,楚雄,云南
49,56768,楚雄,21.2,20.8,0.4,20.9,0.3,9,60,72(1953-2025),2019,22.4,1974,19.1,楚雄市,楚雄,云南
50,56772,富民,20.5,20.7,-0.2,21.1,-0.6,32,30,65(1959-2025),2024,22.3,1974,19.1,富民县,昆明,云南
51,56774,武定,20.9,20.2,0.7,20.6,0.3,12,58,68(1957-2025),2016,22.3,2002,18.7,武定县,楚雄,云南
52,56775,禄劝,20.8,20.7,0.1,20.5,0.3,22,42,66(1959-2025),2003,22.6,1965,19.4,禄劝彝族苗族自治县,昆明,云南
53,56777,禄丰,21.1,21.2,-0.1,20.7,0.4,31,32,68(1957-2025),2003,22.4,2002,19.8,禄丰市,楚雄,云南
54,56778,西山,20.5,20.2,0.3,20.6,-0.1,14,59,74(1951-2025),2024,21.7,1965,17.9,西山区,昆明,云南
55,56781,寻甸,20.3,19.9,0.4,20.1,0.2,15,53,66(1959-2025),2016,21.5,1974,18.0,寻甸回族彝族自治县,昆明,云南
56,56782,马龙,19.3,18.5,0.8,19.0,0.3,10,55,66(1959-2025),2024,20.3,1974,16.8,马龙区,曲靖,云南
57,56783,麒麟,21.3,20.2,1.1,20.9,0.4,6,46,51(1974-2025),2024,22.0,1974,18.0,麒麟区,曲靖,云南
58,56785,嵩明,19.9,19.4,0.5,19.7,0.2,17,55,70(1955-2025),2024,21.3,1974,17.7,嵩明县,昆明,云南
59,56786,沾益,20.6,19.7,0.9,20.5,0.1,8,67,74(1951-2025),2024,21.8,1974,17.8,沾益区,曲靖,云南
60,56788,陆良,20.6,19.9,0.7,20.2,0.4,10,58,68(1957-2025),2024,21.2,1974,18.0,陆良县,曲靖,云南
61,56790,富源,19.2,19.1,0.1,19.6,-0.4,37,27,66(1959-2025),2003,21.2,1974,17.8,富源县,曲靖,云南
62,56792,普安,21.0,20.4,0.6,21.4,-0.4,14,52,65(1961-2025),2024,22.3,1974,18.7,普安县,黔西南,贵州
63,56793,盘县,18.1,20.0,-1.9,18.2,-0.1,75,1,75(1951-2025),1981,22.7,2025,18.2,盘州市,六盘水,贵州
64,56835,陇川,23.5,23.7,-0.2,23.2,0.3,28,37,67(1958-2025),2016,24.7,1971,22.2,陇川县,德宏,云南
65,56836,盈江,25.0,24.5,0.5,24.6,0.4,7,64,71(1954-2025),2022,25.8,1971,22.8,盈江县,德宏,云南
66,56838,瑞丽,25.3,24.9,0.4,25.2,0.1,7,61,68(1957-2025),2022,26.0,1971,22.9,瑞丽市,德宏,云南
67,56839,镇康,23.9,23.7,0.2,23.4,0.5,12,50,64(1961-2025),2016,25.0,1971,22.0,镇康县,临沧,云南
68,56840,梁河,23.2,23.3,-0.1,22.7,0.5,28,35,67(1958-2025),2016,24.4,1958,21.7,梁河县,德宏,云南
69,56841,龙陵,20.7,20.4,0.3,19.9,0.8,9,59,66(1959-2025),2016,21.2,1971,19.0,龙陵县,保山,云南
70,56842,施甸,22.2,22.2,0.0,22.6,-0.4,22,40,61(1964-2025),2022,23.8,1971,20.8,施甸县,保山,云南
71,56843,昌宁,21.0,20.6,0.4,20.3,0.7,8,57,66(1959-2025),2019,22.2,1965,19.4,昌宁县,保山,云南
72,56844,芒市,25.1,24.5,0.6,24.6,0.5,6,66,70(1955-2025),2019,25.7,1971,22.7,芒市,德宏,云南
73,56846,凤庆,21.8,21.3,0.5,21.7,0.1,10,57,66(1959-2025),2019,22.9,1971,19.7,凤庆县,临沧,云南
74,56849,永德,21.7,20.9,0.8,21.5,0.2,5,64,68(1957-2025),2019,22.4,1971,19.2,永德县,临沧,云南
75,56851,南涧,23.6,23.5,0.1,23.6,0.0,26,34,63(1962-2025),2019,25.0,1971,21.8,南涧彝族自治县,大理,云南
76,56854,云县,24.7,24.3,0.4,24.5,0.2,12,54,68(1957-2025),2019,26.2,1958,22.7,云县,临沧,云南
77,56856,景东,24.3,23.6,0.7,24.0,0.3,7,64,69(1956-2025),2019,25.6,1966,22.0,景东彝族自治县,普洱,云南
78,56862,双柏,19.6,19.1,0.5,19.3,0.3,10,55,66(1959-2025),2019,20.6,1971,17.4,双柏县,楚雄,云南
79,56863,安宁,20.2,20.2,0.0,20.1,0.1,22,43,65(1960-2025),2016,21.4,1974,18.3,安宁市,昆明,云南
80,56867,镇沅,24.0,23.8,0.2,23.8,0.2,10,58,66(1959-2025),2019,24.9,1971,21.4,镇沅彝族哈尼族拉祜族自治县,普洱,云南
81,56869,新平,21.9,21.4,0.5,21.3,0.6,11,57,68(1957-2025),2019,22.7,1971,19.9,新平彝族傣族自治县,玉溪,云南
82,56870,易门,21.6,21.4,0.2,21.1,0.5,14,54,68(1957-2025),2010,22.5,1971,19.7,易门县,玉溪,云南
83,56871,晋宁,19.8,19.7,0.1,19.4,0.4,17,52,68(1957-2025),2016,20.8,1974,17.9,晋宁区,昆明,云南
84,56872,西山,17.3,16.7,0.6,17.0,0.3,9,61,70(1954-2025),2019,18.1,1974,15.0,西山区,昆明,云南
85,56873,澄江,21.0,20.7,0.3,20.7,0.3,15,51,66(1959-2025),2024,22.1,1974,18.8,澄江市,玉溪,云南
86,56875,红塔,21.3,20.8,0.5,20.8,0.5,12,64,74(1951-2025),2019,22.1,1965,19.0,红塔区,玉溪,云南
87,56876,江川,21.9,20.7,1.2,21.3,0.6,4,63,66(1959-2025),2019,22.8,1965,19.0,江川区,玉溪,云南
88,56878,通海,21.1,20.3,0.8,20.6,0.5,3,64,66(1959-2025),2019,21.4,1971,18.4,通海县,玉溪,云南
89,56879,华宁,21.1,21.1,0.0,20.8,0.3,21,46,66(1959-2025),2010,22.1,1974,19.3,华宁县,玉溪,云南
90,56880,宜良,21.5,21.5,0.0,21.3,0.2,23,44,66(1959-2025),2016,22.8,1974,19.8,宜良县,昆明,云南
91,56881,石林,21.4,20.9,0.5,21.1,0.3,13,50,62(1959-2025),2022,22.2,1974,18.7,石林彝族自治县,昆明,云南
92,56882,呈贡,20.1,19.8,0.3,19.8,0.3,16,46,63(1961-2025),2024,21.2,1965,17.8,呈贡区,昆明,云南
93,56883,师宗,19.3,19.2,0.1,19.1,0.2,18,40,65(1960-2025),2022,20.0,1974,17.5,师宗县,曲靖,云南
94,56885,弥勒,22.3,22.2,0.1,21.9,0.4,18,45,66(1959-2025),2022,24.2,1974,20.3,弥勒市,红河,云南
95,56886,泸西,21.2,20.1,1.1,20.8,0.4,5,63,67(1958-2025),2022,21.7,1974,18.4,泸西县,红河,云南
96,56889,丘北,22.1,21.3,0.8,21.8,0.3,8,61,68(1957-2025),2021,22.7,1974,19.5,丘北县,文山,云南
97,56891,罗平,22.2,21.1,1.1,21.5,0.7,4,65,68(1957-2025),2022,22.6,1974,19.3,罗平县,曲靖,云南
98,56898,峨山,21.2,20.8,0.4,20.9,0.3,13,52,65(1960-2025),2019,22.1,1965,19.6,峨山彝族自治县,玉溪,云南
99,56944,沧源,22.5,22.0,0.5,22.0,0.5,4,59,66(1959-2025),2016,22.9,1971,20.5,沧源佤族自治县,临沧,云南
100,56946,耿马,23.5,23.6,-0.1,23.1,0.4,19,46,66(1959-2025),2019,24.5,1971,22.0,耿马傣族佤族自治县,临沧,云南
101,56948,西盟,22.4,22.6,-0.2,21.9,0.5,14,52,65(1960-2025),2001,23.3,1971,16.5,西盟佤族自治县,普洱,云南
102,56949,孟连,23.7,23.7,0.0,22.9,0.8,15,51,66(1959-2025),2016,24.4,1971,22.0,孟连傣族拉祜族佤族自治县,普洱,云南
103,56950,双江,24.4,24.0,0.4,24.3,0.1,10,59,68(1957-2025),2019,25.0,1971,22.6,双江拉祜族佤族布朗族傣族自治县,临沧,云南
104,56951,临翔,21.1,21.9,-0.8,20.7,0.4,45,22,71(1954-2025),2019,23.1,1965,20.1,临翔区,临沧,云南
105,56952,景谷,24.3,24.6,-0.3,23.9,0.4,40,25,68(1957-2025),2016,25.7,1971,23.0,景谷傣族彝族自治县,普洱,云南
106,56954,澜沧,24.3,23.5,0.8,23.6,0.7,2,69,71(1954-2025),2019,24.4,1971,21.5,澜沧拉祜族自治县,普洱,云南
107,56958,勐海,22.6,22.3,0.3,22.0,0.6,9,53,66(1959-2025),2003,23.0,1971,20.9,勐海县,西双版纳,云南
108,56959,景洪,26.3,25.9,0.4,26.1,0.2,5,65,71(1954-2025),2019,27.0,1971,24.0,景洪市,西双版纳,云南
109,56961,宁洱,22.5,22.2,0.3,21.9,0.6,6,56,66(1959-2025),2010,22.9,1971,20.7,宁洱哈尼族彝族自治县,普洱,云南
110,56962,墨江,22.5,22.2,0.3,21.8,0.7,9,58,68(1957-2025),2016,23.1,1971,20.7,墨江哈尼族自治县,普洱,云南
111,56964,思茅,22.0,22.4,-0.4,21.5,0.5,25,46,73(1952-2025),2019,23.4,1971,20.2,思茅区,普洱,云南
112,56966,元江,27.5,28.0,-0.5,27.9,-0.4,47,21,71(1954-2025),2019,29.8,1971,26.2,元江哈尼族彝族傣族自治县,玉溪,云南
113,56969,勐腊,25.0,25.0,0.0,25.2,-0.2,22,45,68(1957-2025),2019,25.9,1971,23.2,勐腊县,西双版纳,云南
114,56970,石屏,21.9,22.2,-0.3,21.8,0.1,35,27,66(1959-2025),2019,24.1,1971,20.4,石屏县,红河,云南
115,56973,建水,22.2,22.9,-0.7,21.8,0.4,50,15,68(1957-2025),2019,24.3,1971,20.9,建水县,红河,云南
116,56975,红河,25.1,24.7,0.4,25.1,0.0,14,48,66(1959-2025),2019,26.6,1971,22.4,红河县,红河,云南
117,56976,元阳,28.5,28.4,0.1,28.4,0.1,13,52,67(1958-2025),2019,30.0,1971,18.8,元阳县,红河,云南
118,56977,江城,22.5,22.6,-0.1,21.7,0.8,17,48,68(1957-2025),2016,23.3,1965,20.9,江城哈尼族彝族自治县,普洱,云南
119,56978,绿春,21.0,20.3,0.7,20.2,0.8,4,62,65(1960-2025),2019,21.5,1971,18.4,绿春县,红河,云南
120,56982,开远,24.2,24.2,0.0,23.9,0.3,21,47,70(1955-2025),2019,25.2,1971,22.4,开远市,红河,云南
121,56984,个旧,19.9,20.4,-0.5,19.3,0.6,39,22,66(1958-2025),2019,21.8,1971,18.5,个旧市,红河,云南
122,56985,蒙自,23.6,22.9,0.7,23.2,0.4,5,67,74(1951-2025),2019,24.0,1971,20.8,蒙自市,红河,云南
123,56986,屏边,22.2,21.1,1.1,21.3,0.9,4,66,68(1955-2025),1956,23.7,1971,19.9,屏边苗族自治县,红河,云南
124,56987,金平,22.9,21.7,1.2,22.0,0.9,3,66,67(1957-2025),1957,26.5,1971,19.8,金平苗族瑶族傣族自治县,红河,云南
125,56989,河口,29.1,28.0,1.1,28.3,0.8,2,69,70(1954-2025),2021,29.3,1971,25.7,河口瑶族自治县,红河,云南
126,56991,砚山,21.9,20.7,1.2,21.2,0.7,1,67,67(1958-2025),2019,21.9,1971,18.9,砚山县,文山,云南
127,56992,西畴,21.4,20.9,0.5,20.9,0.5,11,53,66(1959-2025),1959,22.7,1971,19.3,西畴县,文山,云南
128,56994,文山,23.0,22.6,0.4,22.4,0.6,12,56,69(1956-2025),2009,23.9,1971,20.4,文山市,文山,云南
129,56995,马关,22.9,21.9,1.0,22.2,0.7,2,65,66(1959-2025),2021,23.0,1971,20.0,马关县,文山,云南
130,56996,麻栗坡,23.8,22.9,0.9,23.2,0.6,3,63,64(1960-2025),2021,24.0,1971,21.3,麻栗坡县,文山,云南
131,57544,龙山,26.4,26.5,-0.1,28.1,-1.7,35,31,65(1960-2025),2022,30.6,1980,23.6,龙山县,湘西,湖南
132,57554,桑植,27.3,26.8,0.5,28.4,-1.1,31,38,67(1958-2025),2022,30.5,1980,23.9,桑植县,张家界,湖南
133,57558,永定,27.6,28.0,-0.4,28.7,-1.1,39,30,68(1957-2025),2022,30.9,1980,24.9,永定区,张家界,湖南
134,57562,石门,29.3,27.8,1.5,29.9,-0.6,10,56,65(1960-2025),2022,31.6,1980,24.7,石门县,常德,湖南
135,57564,慈利,27.9,28.3,-0.4,29.0,-1.1,35,32,68(1957-2025),2013,31.5,1980,24.7,慈利县,张家界,湖南
136,57565,澧县,28.7,27.9,0.8,30.3,-1.6,17,51,67(1958-2025),2022,31.4,1980,25.0,澧县,常德,湖南
137,57566,临澧,28.2,27.9,0.3,29.6,-1.4,31,34,65(1960-2025),2022,31.1,1980,25.0,临澧县,常德,湖南
138,57574,南县,28.5,28.1,0.4,30.2,-1.7,29,38,66(1959-2025),2013,30.8,1980,25.4,南县,益阳,湖南
139,57575,华容,28.6,28.5,0.1,30.1,-1.5,33,32,65(1960-2025),2013,31.3,1980,25.2,华容县,岳阳,湖南
140,57577,安乡,28.4,28.3,0.1,30.0,-1.6,28,36,64(1960-2025),2013,31.1,1980,25.2,安乡县,常德,湖南
141,57584,岳阳楼,29.0,28.5,0.5,31.2,-2.2,28,44,72(1953-2025),2022,32.2,1980,25.7,岳阳楼区,岳阳,湖南
142,57585,临湘,28.7,28.0,0.7,30.9,-2.2,18,49,66(1959-2025),2022,32.0,1980,25.3,临湘市,岳阳,湖南
143,57598,修水,28.2,27.6,0.6,30.3,-2.1,19,55,72(1953-2025),2022,31.2,1980,25.2,修水县,九江,江西
144,57606,桐梓,24.9,24.3,0.6,25.7,-0.8,18,54,75(1951-2025),2022,28.0,1974,21.6,桐梓县,遵义,贵州
145,57609,赤水,27.8,27.4,0.4,29.4,-1.6,34,36,69(1957-2025),2022,32.7,1993,24.8,赤水市,遵义,贵州
146,57614,习水,23.3,22.7,0.6,24.7,-1.4,19,45,68(1958-2025),2022,27.0,1974,20.2,习水县,遵义,贵州
147,57623,道真,26.8,25.8,1.0,27.4,-0.6,10,59,69(1957-2025),2022,30.0,1980,23.1,道真仡佬族苗族自治县,遵义,贵州
148,57625,正安,25.1,25.9,-0.8,26.1,-1.0,56,12,67(1959-2025),1990,28.6,1980,23.4,正安县,遵义,贵州
149,57634,务川,25.2,25.8,-0.6,25.8,-0.6,44,24,66(1960-2025),1990,28.5,1980,23.2,务川仡佬族苗族自治县,遵义,贵州
150,57636,沿河,27.0,27.8,-0.8,27.9,-0.9,56,15,69(1957-2025),1981,31.0,2002,25.3,沿河土家族自治县,铜仁,贵州
151,57637,德江,26.3,26.3,0.0,27.0,-0.7,27,40,67(1959-2025),2022,29.3,1980,23.6,德江县,铜仁,贵州
152,57640,花垣,25.7,26.8,-1.1,26.9,-1.2,53,15,69(1956-2025),2022,31.1,1980,24.2,花垣县,湘西,湖南
153,57642,保靖,26.3,26.6,-0.3,27.2,-0.9,38,28,65(1960-2025),2022,29.5,1980,24.4,保靖县,湘西,湖南
154,57643,永顺,27.6,26.8,0.8,28.4,-0.8,21,47,67(1958-2025),2022,30.7,1980,24.4,永顺县,湘西,湖南
155,57646,古丈,26.9,26.5,0.4,27.7,-0.8,24,41,65(1960-2025),2022,29.5,1980,24.1,古丈县,湘西,湖南
156,57647,松桃,27.3,26.5,0.8,28.4,-1.1,21,50,69(1957-2025),2022,30.8,2002,24.4,松桃苗族自治县,铜仁,贵州
157,57649,吉首,28.0,27.3,0.7,28.7,-0.7,20,47,67(1958-2025),2022,31.2,1980,24.9,吉首市,湘西,湖南
158,57655,沅陵,28.4,27.6,0.8,29.3,-0.9,20,52,72(1953-2025),2022,31.6,1980,25.1,沅陵县,怀化,湖南
159,57657,泸溪,27.0,27.7,-0.7,28.1,-1.1,49,15,65(1960-2025),2022,31.4,1980,25.5,泸溪县,湘西,湖南
160,57658,辰溪,28.5,28.1,0.4,29.9,-1.4,31,35,67(1958-2025),2022,32.2,1980,25.7,辰溪县,怀化,湖南
161,57661,桃源,27.7,27.9,-0.2,30.2,-2.5,36,29,65(1960-2025),2022,31.8,1980,25.0,桃源县,常德,湖南
162,57662,武陵,28.0,28.2,-0.2,29.5,-1.5,37,35,73(1951-2025),2022,31.4,1980,25.2,武陵区,常德,湖南
163,57663,汉寿,28.7,28.2,0.5,30.9,-2.2,26,40,65(1960-2025),2022,32.4,1980,25.4,汉寿县,常德,湖南
164,57666,桃江,27.1,27.7,-0.6,29.9,-2.8,50,17,68(1957-2025),2022,31.4,1980,25.4,桃江县,益阳,湖南
165,57669,安化,26.6,27.0,-0.4,28.3,-1.7,44,24,70(1955-2025),2022,30.4,1980,24.9,安化县,益阳,湖南
166,57671,沅江,28.5,28.5,0.0,30.4,-1.9,34,35,70(1955-2025),2022,32.1,1980,25.5,沅江市,益阳,湖南
167,57673,湘阴,27.9,28.5,-0.6,30.4,-2.5,49,17,67(1958-2025),2013,31.7,1980,25.8,湘阴县,岳阳,湖南
168,57674,赫山,27.6,28.5,-0.9,30.3,-2.7,50,13,65(1960-2025),2022,32.4,1980,25.5,赫山区,益阳,湖南
169,57678,宁乡,28.5,28.3,0.2,31.1,-2.6,32,34,66(1959-2025),2022,32.2,1980,25.5,宁乡市,长沙,湖南
170,57679,长沙,27.8,28.6,-0.8,30.6,-2.8,60,13,74(1951-2025),2022,31.9,2014,26.1,长沙县,长沙,湖南
171,57680,汨罗,28.1,28.4,-0.3,30.2,-2.1,41,18,58(1967-2025),2022,31.2,1980,26.0,汨罗市,岳阳,湖南
172,57682,平江,27.8,27.7,0.1,30.2,-2.4,37,29,68(1957-2025),2022,31.1,1999,26.0,平江县,岳阳,湖南
173,57687,岳麓,27.5,28.4,-0.9,30.0,-2.5,44,9,55(1970-2025),2013,32.0,1980,26.1,岳麓区,长沙,湖南
174,57688,浏阳,28.3,28.1,0.2,30.2,-1.9,34,30,65(1960-2025),2022,31.4,1980,26.1,浏阳市,长沙,湖南
175,57694,铜鼓,27.2,26.6,0.6,28.9,-1.7,16,52,68(1957-2025),2022,29.6,1980,24.7,铜鼓县,宜春,江西
176,57696,宜丰,28.9,28.1,0.8,30.0,-1.1,15,51,66(1959-2025),2022,31.2,1980,25.6,宜丰县,宜春,江西
177,57698,万载,28.3,28.2,0.1,29.9,-1.6,36,28,66(1959-2025),2022,31.4,1980,25.8,万载县,宜春,江西
178,57699,上高,29.0,28.8,0.2,30.6,-1.6,25,40,68(1957-2025),2022,31.7,1980,26.0,上高县,宜春,江西
179,57707,七星关,22.1,21.4,0.7,22.6,-0.5,15,61,75(1951-2025),2022,24.3,1974,19.0,七星关区,毕节,贵州
180,57708,大方,20.1,20.5,-0.4,21.0,-0.9,43,26,69(1957-2025),2022,22.2,1974,17.9,大方县,毕节,贵州
181,57710,仁怀,25.6,25.3,0.3,27.1,-1.5,35,32,66(1960-2025),2022,29.4,1974,22.5,仁怀市,遵义,贵州
182,57712,汇川,24.5,24.8,-0.3,25.5,-1.0,15,7,21(2005-2025),2022,27.7,2015,22.8,汇川区,遵义,贵州
183,57714,金沙,23.8,24.4,-0.6,25.0,-1.2,45,22,66(1960-2025),2022,27.3,1974,21.9,金沙县,毕节,贵州
184,57717,播州,24.6,24.5,0.1,25.6,-1.0,28,36,66(1960-2025),2022,27.7,1974,21.5,播州区,遵义,贵州
185,57718,息烽,23.1,23.6,-0.5,24.8,-1.7,43,25,69(1957-2025),2022,26.6,1974,21.3,息烽县,贵阳,贵州
186,57719,开阳,22.1,22.1,0.0,23.2,-1.1,34,31,65(1961-2025),2022,24.5,1974,19.8,开阳县,贵阳,贵州
187,57720,绥阳,25.1,24.5,0.6,25.6,-0.5,21,46,68(1958-2025),2022,27.6,2002,22.2,绥阳县,遵义,贵州
188,57722,湄潭,25.1,24.9,0.2,25.8,-0.7,23,52,75(1951-2025),2022,27.5,1974,22.4,湄潭县,遵义,贵州
189,57723,凤冈,26.0,24.9,1.1,26.8,-0.8,11,58,67(1959-2025),2022,27.9,2002,22.6,凤冈县,遵义,贵州
190,57728,瓮安,23.3,22.7,0.6,23.7,-0.4,18,49,66(1960-2025),2022,25.1,1974,20.6,瓮安县,黔南,贵州
191,57729,余庆,26.5,25.5,1.0,26.8,-0.3,10,57,65(1960-2025),2022,28.9,2002,23.0,余庆县,遵义,贵州
192,57731,思南,26.5,27.3,-0.8,27.6,-1.1,56,16,74(1951-2025),1981,30.6,2002,24.8,思南县,铜仁,贵州
193,57732,印江,27.0,26.4,0.6,27.8,-0.8,24,41,66(1959-2025),2022,30.3,2002,23.8,印江土家族苗族自治县,铜仁,贵州
194,57734,石阡,26.3,26.7,-0.4,27.3,-1.0,37,26,66(1959-2025),2022,30.3,2002,23.9,石阡县,铜仁,贵州
195,57735,岑巩,26.8,26.2,0.6,27.4,-0.6,20,46,65(1960-2025),2022,29.0,2002,23.9,岑巩县,黔东南,贵州
196,57736,江口,26.0,26.3,-0.3,26.9,-0.9,39,28,66(1959-2025),2022,29.0,1980,24.2,江口县,铜仁,贵州
197,57737,施秉,26.4,25.7,0.7,26.7,-0.3,15,51,68(1957-2025),2022,28.5,2002,23.5,施秉县,黔东南,贵州
198,57738,镇远,26.3,25.8,0.5,26.7,-0.4,25,46,71(1954-2025),2022,28.9,2002,23.7,镇远县,黔东南,贵州
199,57739,玉屏,27.1,26.7,0.4,27.7,-0.6,25,42,66(1959-2025),2022,29.3,1980,24.7,玉屏侗族自治县,铜仁,贵州
200,57740,凤凰,27.2,26.7,0.5,28.3,-1.1,25,42,67(1958-2025),2022,30.2,1980,24.5,凤凰县,湘西,湖南
201,57741,碧江,27.5,27.5,0.0,28.8,-1.3,37,37,74(1951-2025),2022,31.1,1980,25.4,碧江区,铜仁,贵州
202,57742,万山,24.2,23.8,0.4,25.2,-1.0,25,28,53(1957-2025),2022,26.7,1980,21.6,万山区,铜仁,贵州
203,57743,麻阳,28.4,28.0,0.4,29.5,-1.1,30,35,66(1959-2025),2022,31.9,1980,25.8,麻阳苗族自治县,怀化,湖南
204,57744,新晃,27.2,26.5,0.7,28.0,-0.8,22,42,65(1960-2025),2022,29.4,2002,24.7,新晃侗族自治县,怀化,湖南
205,57745,芷江,27.8,27.0,0.8,28.7,-0.9,18,57,74(1951-2025),2022,30.3,2002,25.0,芷江侗族自治县,怀化,湖南
206,57749,鹤城,26.9,27.8,-0.9,28.5,-1.6,19,5,22(2003-2025),2022,30.3,2005,26.2,鹤城区,怀化,湖南
207,57752,溆浦,27.7,27.5,0.2,29.2,-1.5,38,32,70(1955-2025),2022,31.0,1980,25.7,溆浦县,怀化,湖南
208,57754,洪江,27.5,27.4,0.1,28.8,-1.3,32,33,66(1959-2025),2022,30.4,2002,25.3,洪江市,怀化,湖南
209,57758,洞口,27.0,26.9,0.1,28.0,-1.0,30,36,67(1958-2025),2022,29.5,1958,24.0,洞口县,邵阳,湖南
210,57760,冷水江,27.3,27.2,0.1,29.6,-2.3,29,26,54(1971-2025),2022,31.3,2002,24.9,冷水江市,娄底,湖南
211,57761,新化,27.7,27.4,0.3,29.9,-2.2,31,38,68(1957-2025),2022,31.4,2002,25.3,新化县,娄底,湖南
212,57762,涟源,27.1,27.8,-0.7,29.2,-2.1,56,11,65(1960-2025),2022,31.1,1980,25.7,涟源市,娄底,湖南
213,57763,娄星,28.1,28.3,-0.2,30.0,-1.9,30,18,46(1979-2025),2022,31.6,1980,26.0,娄星区,娄底,湖南
214,57766,大祥,27.1,27.6,-0.5,28.7,-1.6,56,17,74(1951-2025),2022,30.4,2002,25.6,大祥区,邵阳,湖南
215,57767,隆回,27.6,27.5,0.1,28.7,-1.1,32,37,68(1957-2025),2022,30.5,1980,25.5,隆回县,邵阳,湖南
216,57768,新邵,27.4,27.4,0.0,28.5,-1.1,42,23,65(1960-2025),2022,30.5,2002,25.2,新邵县,邵阳,湖南
217,57769,邵东,27.2,27.3,-0.1,29.0,-1.8,39,30,68(1957-2025),2022,30.8,1980,25.5,邵东市,邵阳,湖南
218,57771,韶山,27.7,27.9,-0.2,30.1,-2.4,42,23,67(1958-2025),2022,31.7,1980,25.9,韶山市,湘潭,湖南
219,57772,湘乡,28.3,28.2,0.1,30.3,-2.0,37,28,66(1959-2025),2022,32.0,1980,26.2,湘乡市,湘潭,湖南
220,57773,湘潭,28.2,28.3,-0.1,30.5,-2.3,40,22,68(1957-2025),2022,31.9,1999,26.3,湘潭县,湘潭,湖南
221,57774,双峰,27.7,28.3,-0.6,29.8,-2.1,45,20,68(1957-2025),2022,32.1,1980,26.2,双峰县,娄底,湖南
222,57776,南岳,20.7,21.0,-0.3,22.8,-2.1,50,23,72(1953-2025),2022,23.4,1980,19.7,南岳区,衡阳,湖南
223,57777,衡山,27.8,29.0,-1.2,29.8,-2.0,58,8,65(1960-2025),1963,31.7,1980,26.9,衡山县,衡阳,湖南
224,57778,衡东,27.5,28.8,-1.3,29.7,-2.2,54,5,58(1967-2025),1998,31.6,1999,27.0,衡东县,衡阳,湖南
225,57779,攸县,27.4,28.6,-1.2,29.8,-2.4,62,4,65(1960-2025),1963,31.9,1999,26.8,攸县,株洲,湖南
226,57780,荷塘,28.5,28.7,-0.2,31.1,-2.6,40,31,70(1955-2025),2022,32.2,1980,26.3,荷塘区,株洲,湖南
227,57781,醴陵,28.5,28.5,0.0,30.8,-2.3,38,29,69(1956-2025),2022,31.8,1980,26.4,醴陵市,株洲,湖南
228,57783,上栗,28.1,28.7,-0.6,30.0,-1.9,12,3,13(2012-2025),2022,31.5,2014,26.4,上栗县,萍乡,江西
229,57786,萍乡,28.4,28.4,0.0,30.6,-2.2,30,41,70(1955-2025),2022,32.1,1980,26.1,安源区,萍乡,江西
230,57789,莲花,27.4,27.9,-0.5,28.5,-1.1,51,14,68(1957-2025),2022,30.9,1999,25.9,莲花县,萍乡,江西
231,57792,分宜,28.7,28.5,0.2,30.3,-1.6,27,40,66(1959-2025),2022,32.0,1980,26.1,分宜县,新余,江西
232,57793,袁州,28.7,28.0,0.7,30.2,-1.5,17,54,72(1953-2025),2022,31.2,1980,25.7,袁州区,宜春,江西
233,57794,芦溪,27.7,28.2,-0.5,29.7,-2.0,12,3,13(2012-2025),2022,31.0,2014,26.2,芦溪县,萍乡,江西
234,57796,渝水,28.5,29.0,-0.5,30.3,-1.8,47,20,66(1959-2025),2022,31.5,1980,26.3,渝水区,新余,江西
235,57798,安福,28.9,28.2,0.7,29.7,-0.8,15,54,67(1958-2025),2022,31.2,1980,26.3,安福县,吉安,江西
236,57799,吉安,29.3,29.2,0.1,31.3,-2.0,29,43,73(1952-2025),2022,32.7,1980,27.2,吉安县,吉安,江西
237,57800,纳雍,21.9,21.5,0.4,22.7,-0.8,25,39,66(1959-2025),2022,24.1,1974,19.6,纳雍县,毕节,贵州
238,57803,黔西,23.0,22.9,0.1,23.7,-0.7,28,40,68(1957-2025),2022,25.4,1974,20.4,黔西市,毕节,贵州
239,57805,织金,21.1,22.4,-1.3,21.7,-0.6,60,8,67(1958-2025),2021,23.7,1974,19.9,织金县,毕节,贵州
240,57806,西秀,21.8,21.9,-0.1,21.7,0.1,33,36,74(1951-2025),1990,24.1,1974,19.7,西秀区,安顺,贵州
241,57807,六枝,22.7,22.1,0.6,22.6,0.1,12,56,68(1957-2025),1990,24.0,1974,19.7,六枝特区,六盘水,贵州
242,57808,普定,23.4,22.7,0.7,23.4,0.0,10,55,67(1958-2025),2024,24.9,1974,20.8,普定县,安顺,贵州
243,57809,镇宁,23.4,22.7,0.7,23.1,0.3,7,59,65(1960-2025),2024,24.6,1974,20.3,镇宁布依族苗族自治县,安顺,贵州
244,57811,修文,22.7,22.2,0.5,23.2,-0.5,16,48,62(1963-2025),2022,24.6,1974,20.0,修文县,贵阳,贵州
245,57813,清镇,23.0,22.6,0.4,23.3,-0.3,18,49,67(1957-2025),2024,24.6,1974,20.1,清镇市,贵阳,贵州
246,57814,平坝,23.3,22.3,1.0,23.2,0.1,7,62,67(1958-2025),2024,24.7,1974,19.9,平坝区,安顺,贵州
247,57816,云岩,23.7,22.8,0.9,23.9,-0.2,7,4,10(2016-2025),2022,25.1,2016,23.0,云岩区,贵阳,贵州
248,57818,长顺,23.5,23.1,0.4,23.3,0.2,15,51,64(1961-2025),2024,24.4,1974,20.9,长顺县,黔南,贵州
249,57821,福泉,24.6,24.0,0.6,25.1,-0.5,14,53,68(1957-2025),2022,26.5,1958,21.4,福泉市,黔南,贵州
250,57822,黄平,24.9,24.4,0.5,25.6,-0.7,20,31,51(1974-2025),2022,27.3,2002,22.0,黄平县,黔东南,贵州
251,57824,贵定,23.3,23.6,-0.3,24.0,-0.7,40,27,68(1957-2025),2022,25.3,2002,21.3,贵定县,黔南,贵州
252,57825,凯里,25.8,25.2,0.6,26.4,-0.6,18,51,67(1958-2025),2022,28.2,2002,22.9,凯里市,黔东南,贵州
253,57827,都匀,24.0,23.7,0.3,24.2,-0.2,48,20,68(1957-2025),1981,26.5,1971,22.7,都匀市,黔南,贵州
254,57828,麻江,24.1,23.5,0.6,24.5,-0.4,17,48,65(1960-2025),2022,25.8,2002,21.3,麻江县,黔东南,贵州
255,57829,丹寨,24.4,23.5,0.9,24.2,0.2,6,62,68(1957-2025),2022,25.1,1971,21.6,丹寨县,黔东南,贵州
256,57832,三穗,26.0,24.8,1.2,26.4,-0.4,8,59,67(1958-2025),2022,27.7,2002,22.6,三穗县,黔东南,贵州
257,57834,台江,25.7,25.0,0.7,26.2,-0.5,12,53,66(1959-2025),2022,27.7,2002,23.0,台江县,黔东南,贵州
258,57835,剑河,25.9,25.6,0.3,26.5,-0.6,27,39,65(1960-2025),2022,28.3,2002,23.5,剑河县,黔东南,贵州
259,57837,雷山,24.6,23.9,0.7,25.1,-0.5,15,52,65(1960-2025),2022,26.1,2002,21.9,雷山县,黔东南,贵州
260,57839,黎平,26.0,25.3,0.7,26.8,-0.8,13,55,68(1957-2025),2022,27.9,2002,23.3,黎平县,黔东南,贵州
261,57840,天柱,26.6,25.9,0.7,27.6,-1.0,14,49,66(1959-2025),2022,28.7,2002,24.1,天柱县,黔东南,贵州
262,57841,靖州,27.5,26.6,0.9,27.9,-0.4,15,50,63(1962-2025),2022,29.1,2002,24.2,靖州苗族侗族自治县,怀化,湖南
263,57842,会同,27.8,27.0,0.8,28.5,-0.7,14,54,67(1958-2025),2022,29.9,2002,24.7,会同县,怀化,湖南
264,57844,锦屏,26.2,26.2,0.0,26.6,-0.4,35,32,68(1957-2025),1981,27.7,2002,24.4,锦屏县,黔东南,贵州
265,57845,通道,26.8,25.9,0.9,26.7,0.1,5,62,68(1957-2025),2022,27.6,2002,24.0,通道侗族自治县,怀化,湖南
266,57846,绥宁,26.2,26.5,-0.3,26.9,-0.7,37,26,65(1960-2025),2022,28.6,2002,24.4,绥宁县,邵阳,湖南
267,57851,新宁,26.6,27.2,-0.6,28.4,-1.8,48,18,68(1957-2025),2022,29.8,2002,25.3,新宁县,邵阳,湖南
268,57853,武冈,27.7,27.1,0.6,29.1,-1.4,17,56,72(1953-2025),2022,30.5,2002,24.9,武冈市,邵阳,湖南
269,57857,城步,26.6,25.9,0.7,27.4,-0.8,18,51,68(1957-2025),2022,28.4,2002,24.0,城步苗族自治县,邵阳,湖南
270,57859,资源,26.7,26.0,0.7,26.8,-0.1,9,59,69(1957-2025),2022,27.9,2002,24.3,资源县,桂林,广西
271,57860,邵阳,26.9,27.2,-0.3,28.5,-1.6,44,20,65(1960-2025),2022,30.6,2002,24.9,邵阳县,邵阳,湖南
272,57865,冷水滩,27.8,28.6,-0.8,29.8,-2.0,34,6,44(1981-2025),2022,31.5,2002,26.6,冷水滩区,永州,湖南
273,57866,零陵,28.1,28.1,0.0,29.5,-1.4,37,33,74(1951-2025),2022,31.2,2002,25.9,零陵区,永州,湖南
274,57867,东安,28.5,28.2,0.3,29.3,-0.8,23,44,65(1960-2025),2022,31.0,2002,26.1,东安县,永州,湖南
275,57868,祁阳,28.1,29.2,-1.1,29.6,-1.5,53,12,67(1958-2025),2022,32.9,1980,27.1,祁阳市,永州,湖南
276,57870,祁东,27.8,28.8,-1.0,29.6,-1.8,55,12,65(1960-2025),2022,31.4,1999,26.8,祁东县,衡阳,湖南
277,57871,衡阳,28.6,28.8,-0.2,30.7,-2.1,45,21,65(1960-2025),2022,32.4,1999,26.9,衡阳县,衡阳,湖南
278,57872,石鼓,28.2,29.1,-0.9,30.0,-1.8,60,11,74(1951-2025),2022,32.7,1980,27.1,石鼓区,衡阳,湖南
279,57874,常宁,28.6,28.6,0.0,30.5,-1.9,34,26,65(1960-2025),2022,32.3,1999,26.5,常宁市,衡阳,湖南
280,57875,衡南,27.9,28.6,-0.7,30.1,-2.2,60,11,70(1955-2025),2022,32.0,2014,26.6,衡南县,衡阳,湖南
281,57876,耒阳,28.1,28.5,-0.4,30.2,-2.1,51,17,67(1958-2025),2022,32.1,2002,26.8,耒阳市,衡阳,湖南
282,57881,安仁,27.2,28.6,-1.4,29.5,-2.3,63,3,65(1960-2025),2022,31.8,1999,26.7,安仁县,郴州,湖南
283,57882,茶陵,28.1,28.4,-0.3,29.9,-1.8,43,23,68(1957-2025),2022,31.3,1999,26.8,茶陵县,株洲,湖南
284,57883,井冈山,27.2,27.2,0.0,27.7,-0.5,26,42,68(1957-2025),2022,29.6,1974,25.1,井冈山市,吉安,江西
285,57886,炎陵,26.5,26.8,-0.3,27.1,-0.6,47,19,67(1958-2025),1998,29.4,1974,25.3,炎陵县,株洲,湖南
286,57887,永兴,27.3,28.0,-0.7,29.1,-1.8,54,13,65(1960-2025),2022,31.1,1999,26.5,永兴县,郴州,湖南
287,57889,桂东,24.3,23.6,0.7,24.4,-0.1,9,58,67(1958-2025),2022,24.9,1965,22.2,桂东县,郴州,湖南
288,57891,永新,28.2,27.9,0.3,29.2,-1.0,30,33,67(1958-2025),2022,30.6,1999,26.5,永新县,吉安,江西
289,57894,井冈山,24.1,23.5,0.6,24.3,-0.2,13,52,66(1959-2025),2022,25.1,1974,22.0,井冈山市,吉安,江西
290,57895,万安,28.4,28.4,0.0,29.8,-1.4,37,27,66(1959-2025),2022,31.1,1999,26.9,万安县,吉安,江西
291,57896,遂川,29.0,28.4,0.6,30.0,-1.0,19,55,74(1951-2025),2022,30.7,2001,26.8,遂川县,吉安,江西
292,57899,泰和,28.6,29.1,-0.5,30.1,-1.5,50,16,66(1959-2025),2022,31.3,1980,27.4,泰和县,吉安,江西
293,57900,晴隆,22.1,21.1,1.0,21.8,0.3,6,61,66(1959-2025),1990,22.9,1974,19.1,晴隆县,黔西南,贵州
294,57902,兴仁,22.9,21.9,1.0,22.9,0.0,5,70,74(1951-2025),2024,23.9,1971,20.0,兴仁市,黔西南,贵州
295,57903,关岭,24.6,23.4,1.2,23.8,0.8,6,61,66(1959-2025),2024,25.3,1974,21.5,关岭布依族苗族自治县,安顺,贵州
296,57905,贞丰,24.2,23.3,0.9,23.3,0.9,3,62,65(1960-2025),1990,24.6,1974,21.6,贞丰县,黔西南,贵州
297,57906,望谟,27.1,26.2,0.9,26.9,0.2,4,62,66(1959-2025),2021,27.9,1971,24.0,望谟县,黔西南,贵州
298,57907,兴义,23.5,22.5,1.0,22.9,0.6,6,64,68(1957-2025),1990,24.1,1971,20.4,兴义市,黔西南,贵州
299,57908,安龙,22.5,21.5,1.0,22.0,0.5,5,60,65(1959-2025),1990,23.2,1974,19.8,安龙县,黔西南,贵州
300,57909,册亨,26.6,25.6,1.0,26.2,0.4,6,62,68(1956-2025),2024,27.5,1958,23.4,册亨县,黔西南,贵州
301,57910,紫云,23.9,22.7,1.2,23.3,0.6,5,63,66(1959-2025),2022,24.5,1974,20.7,紫云苗族布依族自治县,安顺,贵州
302,57911,白云,23.1,22.3,0.8,23.6,-0.5,9,35,43(1982-2025),2022,24.7,2002,20.3,白云区,贵阳,贵州
303,57912,惠水,24.6,23.8,0.8,25.0,-0.4,9,57,67(1958-2025),2022,26.2,1974,21.6,惠水县,黔南,贵州
304,57913,龙里,22.8,23.1,-0.3,23.3,-0.5,36,30,65(1960-2025),2019,24.7,2002,20.9,龙里县,黔南,贵州
305,57914,花溪,24.2,23.1,1.1,24.0,0.2,5,59,64(1960-2025),2022,25.2,2002,21.2,花溪区,贵阳,贵州
306,57915,乌当,24.2,23.5,0.7,24.7,-0.5,13,51,64(1960-2025),2022,26.1,1974,20.9,乌当区,贵阳,贵州
307,57916,罗甸,27.7,26.7,1.0,27.5,0.2,6,68,73(1952-2025),1981,28.2,1971,24.5,罗甸县,黔南,贵州
308,57921,平塘,25.0,24.8,0.2,24.7,0.3,18,46,63(1962-2025),1981,26.3,2002,22.7,平塘县,黔南,贵州
309,57922,独山,23.8,23.2,0.6,23.8,0.0,10,62,74(1951-2025),2022,24.7,1971,21.1,独山县,黔南,贵州
310,57923,三都,26.8,26.3,0.5,27.2,-0.4,17,45,64(1960-2025),1981,27.8,2002,24.3,三都水族自治县,黔南,贵州
311,57926,荔波,26.6,26.4,0.2,26.2,0.4,15,52,67(1958-2025),2019,27.8,1971,24.2,荔波县,黔南,贵州
312,57927,天峨,27.2,27.1,0.1,26.4,0.8,19,49,67(1959-2025),1990,28.4,1971,24.8,天峨县,河池,广西
313,57932,榕江,27.9,27.0,0.9,27.9,0.0,7,64,71(1954-2025),2022,29.0,1971,24.8,榕江县,黔东南,贵州
314,57936,从江,27.7,27.1,0.6,27.6,0.1,14,49,64(1961-2025),2022,28.8,1971,25.5,从江县,黔东南,贵州
315,57941,三江,27.4,27.3,0.1,27.2,0.2,21,43,67(1959-2025),1981,28.7,1971,25.5,三江侗族自治县,柳州,广西
316,57942,龙胜,27.5,26.6,0.9,27.4,0.1,6,65,69(1957-2025),2022,28.1,1971,25.1,龙胜各族自治县,桂林,广西
317,57947,融安,28.3,28.0,0.3,27.6,0.7,16,53,69(1957-2025),2009,29.4,1971,25.7,融安县,柳州,广西
318,57948,融水,28.2,28.3,-0.1,27.5,0.7,25,41,67(1959-2025),1992,29.8,1971,25.7,融水苗族自治县,柳州,广西
319,57949,永福,29.2,27.9,1.3,28.2,1.0,3,68,69(1957-2025),2019,29.5,1971,25.9,永福县,桂林,广西
320,57954,临桂,29.2,28.3,0.9,28.4,0.8,9,53,62(1964-2025),1990,29.9,1971,26.5,临桂区,桂林,广西
321,57955,兴安,28.1,27.6,0.5,28.4,-0.3,21,50,69(1957-2025),2022,29.9,2002,25.8,兴安县,桂林,广西
322,57956,灵川,28.7,28.2,0.5,27.8,0.9,15,50,63(1963-2025),2019,29.9,1971,26.3,灵川县,桂林,广西
323,57957,叠彩,30.0,28.4,1.6,29.1,0.9,4,73,75(1951-2025),2022,30.7,1971,26.4,叠彩区,桂林,广西
324,57958,雁山,28.8,27.9,0.9,28.4,0.4,8,33,39(1987-2025),1992,29.6,2002,26.3,雁山区,桂林,广西
325,57960,全州,28.8,28.1,0.7,29.1,-0.3,17,54,69(1957-2025),2022,30.7,2002,25.9,全州县,桂林,广西
326,57962,双牌,27.6,27.6,0.0,29.0,-1.4,29,26,54(1971-2025),2022,30.5,2002,25.6,双牌县,永州,湖南
327,57964,灌阳,27.6,27.2,0.4,27.5,0.1,22,48,69(1957-2025),2022,29.1,2002,25.2,灌阳县,桂林,广西
328,57965,道县,28.6,28.3,0.3,29.2,-0.6,22,44,65(1960-2025),2022,30.5,2002,26.2,道县,永州,湖南
329,57966,宁远,27.8,27.9,-0.1,28.2,-0.4,41,22,65(1960-2025),1998,30.1,2002,26.3,宁远县,永州,湖南
330,57969,江永,27.8,27.4,0.4,27.5,0.3,14,51,65(1960-2025),1998,29.0,2002,25.7,江永县,永州,湖南
331,57971,新田,28.1,28.1,0.0,28.8,-0.7,30,35,68(1957-2025),2022,30.7,2002,26.3,新田县,永州,湖南
332,57972,北湖,26.2,28.3,-2.1,27.4,-1.2,73,1,73(1952-2025),1998,30.7,2018,26.4,北湖区,郴州,湖南
333,57973,桂阳,27.2,27.5,-0.3,28.6,-1.4,40,23,65(1960-2025),2022,30.4,2002,25.6,桂阳县,郴州,湖南
334,57974,嘉禾,27.9,28.0,-0.1,28.5,-0.6,37,27,65(1960-2025),1998,30.4,2002,26.2,嘉禾县,郴州,湖南
335,57975,蓝山,26.8,27.5,-0.7,27.3,-0.5,54,13,67(1958-2025),2022,29.9,2002,25.8,蓝山县,永州,湖南
336,57976,宜章,28.1,27.9,0.2,28.4,-0.3,20,48,67(1958-2025),2022,29.9,2002,26.2,宜章县,郴州,湖南
337,57978,临武,27.3,27.1,0.2,27.5,-0.2,28,35,65(1960-2025),1963,29.0,2002,25.5,临武县,郴州,湖南
338,57981,资兴,27.8,28.2,-0.4,29.9,-2.1,22,45,65(1960-2025),2022,31.6,1974,25.2,资兴市,郴州,湖南
339,57985,汝城,25.3,25.1,0.2,24.9,0.4,19,46,65(1959-2025),1998,26.5,1974,24.0,汝城县,郴州,湖南
340,57988,乐昌,28.1,28.2,-0.1,27.7,0.4,27,35,68(1959-2026),1981,29.4,1971,26.9,乐昌市,韶关,广东
341,57989,仁化,27.8,28.1,-0.3,27.6,0.2,40,19,65(1962-2026),1998,29.3,1971,27.2,仁化县,韶关,广东
342,57990,崇义,26.9,27.2,-0.3,27.0,-0.1,23,41,66(1959-2025),2009,28.4,1974,25.3,崇义县,赣州,江西
343,57991,上犹,28.6,28.1,0.5,29.0,-0.4,17,51,66(1959-2025),2022,29.9,1999,26.8,上犹县,赣州,江西
344,57992,南康,27.9,28.5,-0.6,28.3,-0.4,56,8,68(1957-2025),2022,30.6,2002,27.0,南康区,赣州,江西
345,57993,赣县,29.1,29.0,0.1,30.1,-1.0,33,40,74(1951-2025),2022,31.2,2002,27.4,赣县区,赣州,江西
346,57994,大余,27.8,27.3,0.5,27.5,0.3,13,58,70(1955-2025),2017,28.8,1974,26.0,大余县,赣州,江西
347,57995,信丰,28.1,28.5,-0.4,27.9,0.2,48,22,68(1957-2025),2010,29.8,1997,27.3,信丰县,赣州,江西
348,57996,南雄,28.3,28.3,0.0,28.1,0.2,29,42,72(1955-2026),2017,29.7,2002,27.0,南雄市,韶关,广东
349,58502,浔阳,28.7,28.7,0.0,30.6,-1.9,38,33,74(1951-2025),2013,32.2,1980,25.7,浔阳区,九江,江西
350,58503,瑞昌,29.4,28.4,1.0,31.1,-1.7,14,53,66(1959-2025),2022,31.7,1980,25.3,瑞昌市,九江,江西
351,58505,柴桑,29.2,28.9,0.3,31.1,-1.9,8,6,13(2012-2025),2022,31.7,2014,26.5,柴桑区,九江,江西
352,58506,庐山,22.2,21.8,0.4,24.1,-1.9,27,44,70(1955-2025),2022,25.0,1980,19.7,庐山市,九江,江西
353,58507,武宁,28.8,28.1,0.7,30.9,-2.1,15,55,68(1957-2025),2022,31.4,1980,25.6,武宁县,九江,江西
354,58508,德安,28.9,28.1,0.8,30.0,-1.1,20,45,66(1959-2025),2022,31.0,1980,25.3,德安县,九江,江西
355,58509,永修,29.7,28.6,1.1,31.0,-1.3,13,57,69(1956-2025),2022,32.0,1980,25.6,永修县,九江,江西
356,58510,湖口,29.5,28.4,1.1,30.9,-1.4,17,51,66(1959-2025),2013,31.3,1980,25.4,湖口县,九江,江西
357,58512,彭泽,29.0,28.2,0.8,30.9,-1.9,20,39,60(1956-2025),2022,31.6,1980,25.3,彭泽县,九江,江西
358,58514,濂溪,30.4,28.9,1.5,30.8,-0.4,10,58,66(1959-2025),2022,31.6,1980,25.6,濂溪区,九江,江西
359,58517,都昌,29.6,28.8,0.8,30.9,-1.3,20,45,66(1959-2025),2022,31.9,1980,25.4,都昌县,九江,江西
360,58519,鄱阳,29.8,29.2,0.6,31.1,-1.3,19,50,70(1955-2025),2022,32.8,1980,25.8,鄱阳县,上饶,江西
361,58524,浮梁,29.3,,,30.1,-0.8,7,8,13(2012-2025),2022,31.4,2014,26.8,浮梁县,景德镇,江西
362,58527,昌江,29.7,28.9,0.8,30.9,-1.2,13,59,72(1953-2025),2022,32.3,1980,25.2,昌江区,景德镇,江西
363,58529,婺源,28.7,28.0,0.7,29.1,-0.4,14,54,68(1957-2025),2013,30.5,1980,25.1,婺源县,上饶,江西
364,58600,靖安,29.2,28.0,1.2,30.0,-0.8,9,60,68(1957-2025),2022,30.7,1980,25.4,靖安县,宜春,江西
365,58601,奉新,28.8,28.5,0.3,30.0,-1.2,28,38,66(1959-2025),2013,30.7,1980,25.8,奉新县,宜春,江西
366,58602,安义,28.8,28.0,0.8,29.6,-0.8,21,45,66(1959-2025),1967,30.4,1980,25.7,安义县,南昌,江西
367,58604,共青城,29.7,,,30.9,-1.2,6,4,8(2018-2025),2022,31.8,2021,28.6,共青城市,九江,江西
368,58605,高安,30.0,29.1,0.9,31.6,-1.6,17,50,66(1959-2025),2022,32.6,1980,26.0,高安市,宜春,江西
369,58606,青云谱,30.3,29.2,1.1,32.0,-1.7,12,61,74(1951-2025),2022,32.8,1980,26.0,青云谱区,南昌,江西
370,58607,南昌,29.6,29.4,0.2,31.1,-1.5,19,32,51(1954-2025),2022,32.2,1980,26.2,南昌县,南昌,江西
371,58608,樟树,28.9,29.3,-0.4,31.0,-2.1,40,29,68(1957-2025),2022,31.7,1980,26.5,樟树市,宜春,江西
372,58609,丰城,29.2,29.1,0.1,31.3,-2.1,34,33,68(1957-2025),2022,32.7,1980,26.4,丰城市,宜春,江西
373,58612,余干,30.2,29.4,0.8,31.6,-1.4,16,51,66(1959-2025),2022,32.9,1980,26.4,余干县,上饶,江西
374,58614,进贤,29.4,29.3,0.1,31.1,-1.7,32,33,66(1959-2025),2013,31.7,1980,26.4,进贤县,南昌,江西
375,58615,万年,29.0,28.9,0.1,30.3,-1.3,31,36,66(1959-2025),2022,32.2,1980,26.1,万年县,上饶,江西
376,58616,余江,29.1,28.8,0.3,30.9,-1.8,29,42,70(1955-2025),2022,31.8,1980,26.6,余江区,鹰潭,江西
377,58618,东乡,29.1,29.0,0.1,31.1,-2.0,35,30,66(1959-2025),2022,32.0,1980,26.7,东乡区,抚州,江西
378,58619,临川,29.2,29.7,-0.5,30.8,-1.6,16,4,19(2006-2025),2013,31.7,2014,28.3,临川区,抚州,江西
379,58620,乐平,29.6,29.1,0.5,30.7,-1.1,22,45,68(1957-2025),1967,31.8,1980,25.9,乐平市,景德镇,江西
380,58622,德兴,29.7,28.6,1.1,30.7,-1.0,11,58,67(1958-2025),2022,32.2,1980,25.6,德兴市,上饶,江西
381,58623,广信,29.5,29.4,0.1,30.8,-1.3,13,20,32(1980-2025),2022,32.5,1980,26.6,广信区,上饶,江西
382,58624,弋阳,29.6,29.0,0.6,30.8,-1.2,22,48,69(1956-2025),2022,32.5,2001,26.8,弋阳县,上饶,江西
383,58625,横峰,29.1,29.4,-0.3,30.5,-1.4,45,18,66(1959-2025),2022,32.2,1980,27.0,横峰县,上饶,江西
384,58626,贵溪,29.2,29.3,-0.1,30.6,-1.4,44,26,72(1953-2025),2022,32.3,1980,26.9,贵溪市,鹰潭,江西
385,58627,贵溪,29.5,29.4,0.1,31.0,-1.5,22,20,40(1974-2025),2022,32.7,1980,27.0,贵溪市,鹰潭,江西
386,58629,铅山,28.8,29.2,-0.4,30.3,-1.5,45,18,66(1959-2025),2022,31.8,1980,26.7,铅山县,上饶,江西
387,58634,玉山,29.7,28.7,1.0,31.0,-1.3,16,60,74(1951-2025),2022,32.3,1980,26.0,玉山县,上饶,江西
388,58635,广丰,28.8,28.9,-0.1,30.7,-1.9,38,25,66(1959-2025),2022,31.9,1980,26.5,广丰区,上饶,江西
389,58637,信州,29.2,28.6,0.6,30.6,-1.4,24,41,68(1957-2025),2022,32.1,1980,26.2,信州区,上饶,江西
390,58693,新建,29.0,29.5,-0.5,30.4,-1.4,39,29,68(1957-2025),2019,32.2,1980,25.9,新建区,南昌,江西
391,58701,新干,28.5,29.0,-0.5,30.2,-1.7,43,23,66(1959-2025),2022,32.4,1980,26.4,新干县,吉安,江西
392,58704,峡江,28.5,28.4,0.1,29.9,-1.4,36,31,67(1958-2025),2022,31.0,1980,26.5,峡江县,吉安,江西
393,58705,永丰,28.7,28.5,0.2,30.3,-1.6,33,33,66(1959-2025),2022,31.6,1980,26.9,永丰县,吉安,江西
394,58706,乐安,27.7,28.2,-0.5,29.4,-1.7,39,29,68(1957-2025),2022,31.4,1980,26.1,乐安县,抚州,江西
395,58707,吉水,29.4,28.9,0.5,30.9,-1.5,23,43,66(1959-2025),2022,32.2,1980,27.1,吉水县,吉安,江西
396,58710,崇仁,28.5,28.4,0.1,29.8,-1.3,34,30,66(1959-2025),2022,30.7,2001,26.5,崇仁县,抚州,江西
397,58712,金溪,28.5,28.7,-0.2,30.4,-1.9,45,22,66(1959-2025),2022,31.9,1980,26.6,金溪县,抚州,江西
398,58713,资溪,27.2,27.0,0.2,28.4,-1.2,22,43,68(1957-2025),2022,30.0,1974,25.2,资溪县,抚州,江西
399,58714,宜黄,28.2,28.0,0.2,29.7,-1.5,26,38,66(1959-2025),2022,30.8,2001,26.4,宜黄县,抚州,江西
400,58715,南城,29.1,28.5,0.6,30.4,-1.3,20,53,72(1953-2025),2022,31.9,2001,26.6,南城县,抚州,江西
401,58718,南丰,28.4,28.7,-0.3,29.4,-1.0,49,17,68(1957-2025),2022,31.1,1980,27.0,南丰县,抚州,江西
402,58719,黎川,28.5,28.4,0.1,30.0,-1.5,30,34,68(1957-2025),2022,31.7,1980,26.6,黎川县,抚州,江西
403,58724,光泽,27.3,27.1,0.2,28.0,-0.7,23,40,67(1959-2025),2022,29.4,1980,25.5,光泽县,南平,福建
404,58725,邵武,27.1,27.5,-0.4,27.7,-0.6,41,27,69(1957-2025),2022,30.0,1965,25.8,邵武市,南平,福建
405,58730,武夷山,28.5,27.6,0.9,28.9,-0.4,10,61,69(1957-2025),2022,30.3,1965,26.2,武夷山市,南平,福建
406,58731,浦城,27.6,27.3,0.3,28.5,-0.9,21,55,75(1951-2025),2022,30.0,1999,25.8,浦城县,南平,福建
407,58734,建阳,28.4,27.8,0.6,29.0,-0.6,12,64,75(1951-2025),2022,30.5,1965,26.4,建阳区,南平,福建
408,58735,松溪,27.6,27.8,-0.2,28.2,-0.6,31,35,69(1957-2025),2003,29.4,1965,26.2,松溪县,南平,福建
409,58736,政和,27.4,27.8,-0.4,28.3,-0.9,38,21,60(1960-2025),2003,29.4,1960,24.7,政和县,南平,福建
410,58737,建瓯,28.3,28.2,0.1,29.5,-1.2,22,47,70(1956-2025),2022,30.8,1960,26.6,建瓯市,南平,福建
411,58744,寿宁,24.3,24.1,0.2,24.9,-0.6,13,52,69(1957-2025),2022,25.7,1974,22.4,寿宁县,宁德,福建
412,58747,周宁,24.1,23.6,0.5,24.5,-0.4,11,55,65(1960-2025),2022,26.0,1974,21.9,周宁县,宁德,福建
413,58748,福安,28.4,28.7,-0.3,30.0,-1.6,32,30,66(1960-2025),2022,31.2,1960,27.3,福安市,宁德,福建
414,58749,柘荣,25.3,24.8,0.5,26.0,-0.7,10,57,66(1960-2025),2022,26.9,1974,23.2,柘荣县,宁德,福建
415,58754,福鼎,29.3,28.4,0.9,29.8,-0.5,8,69,75(1951-2025),2022,30.5,1972,26.7,福鼎市,宁德,福建
416,58804,兴国,28.5,28.5,0.0,29.4,-0.9,36,31,68(1957-2025),2022,30.9,2002,27.2,兴国县,赣州,江西
417,58806,宁都,28.8,28.2,0.6,29.2,-0.4,15,55,68(1957-2025),2022,30.9,1997,26.7,宁都县,赣州,江西
418,58813,广昌,28.3,28.3,0.0,29.0,-0.7,30,34,71(1954-2025),2022,30.1,1997,26.9,广昌县,抚州,江西
419,58814,石城,27.2,27.7,-0.5,27.9,-0.7,51,15,66(1959-2025),2022,29.4,1997,26.6,石城县,赣州,江西
420,58818,宁化,26.8,26.6,0.2,27.4,-0.6,17,50,68(1958-2025),2022,28.8,1995,25.3,宁化县,三明,福建
421,58819,清流,26.4,26.8,-0.4,27.1,-0.7,47,15,64(1962-2025),2022,28.8,1974,25.5,清流县,三明,福建
422,58820,泰宁,27.2,26.7,0.5,27.6,-0.4,11,58,70(1956-2025),2022,29.2,1974,24.9,泰宁县,三明,福建
423,58821,将乐,27.2,27.9,-0.7,27.8,-0.6,51,13,66(1960-2025),2003,29.6,1974,26.0,将乐县,三明,福建
424,58822,建宁,27.0,26.7,0.3,27.5,-0.5,17,49,66(1959-2025),2022,29.4,1974,25.1,建宁县,三明,福建
425,58823,顺昌,28.2,27.8,0.4,28.9,-0.7,15,54,69(1957-2025),2022,30.3,1965,26.2,顺昌县,南平,福建
426,58824,明溪,27.1,26.7,0.4,27.2,-0.1,11,57,66(1960-2025),2022,28.5,1965,25.5,明溪县,三明,福建
427,58826,沙县,28.8,28.4,0.4,29.4,-0.6,15,55,69(1957-2025),2022,31.1,1965,26.8,沙县区,三明,福建
428,58828,梅列,28.6,28.0,0.6,29.1,-0.5,12,57,67(1959-2025),2022,30.7,1997,26.5,梅列区,三明,福建
429,58834,延平,28.7,28.7,0.0,29.8,-1.1,24,49,75(1951-2025),2022,31.3,1955,26.6,延平区,南平,福建
430,58836,古田,27.6,27.2,0.4,28.1,-0.5,14,52,66(1960-2025),2022,29.2,1974,25.6,古田县,宁德,福建
431,58837,尤溪,27.7,27.6,0.1,28.1,-0.4,20,50,69(1957-2025),2022,29.6,1974,26.0,尤溪县,三明,福建
432,58839,闽清,28.4,28.8,-0.4,29.1,-0.7,36,28,69(1957-2025),2022,30.8,1974,26.7,闽清县,福州,福建
433,58843,霞浦,28.9,28.4,0.5,29.2,-0.3,8,57,66(1960-2025),2003,29.6,1974,26.6,霞浦县,宁德,福建
434,58844,闽侯,28.8,28.7,0.1,29.9,-1.1,23,49,72(1954-2025),2022,31.3,1972,27.1,闽侯县,福州,福建
435,58845,罗源,28.3,28.3,0.0,28.5,-0.2,23,46,69(1957-2025),2022,30.0,1974,26.8,罗源县,福州,福建
436,58846,宁德,29.6,28.9,0.7,30.2,-0.6,10,56,65(1960-2025),2022,31.6,1960,27.0,福鼎市,宁德,福建
437,58847,鼓楼,29.3,28.9,0.4,30.2,-0.9,12,63,75(1951-2025),2022,31.4,1955,26.8,鼓楼区,福州,福建
438,58848,连江,28.5,28.5,0.0,28.9,-0.4,18,47,67(1959-2025),2022,30.4,1974,26.7,连江县,福州,福建
439,58850,霞浦,28.6,28.1,0.5,28.5,0.1,2,17,18(2008-2025),2022,28.8,2015,26.9,霞浦县,宁德,福建
440,58903,瑞金,28.1,28.2,-0.1,28.1,0.0,34,29,67(1958-2025),2019,30.1,1997,27.0,瑞金市,赣州,江西
441,58905,于都,28.4,29.1,-0.7,28.7,-0.3,58,8,66(1959-2025),2022,31.0,1997,27.6,于都县,赣州,江西
442,58906,会昌,28.1,28.1,0.0,28.3,-0.2,34,32,68(1957-2025),2017,29.6,1995,26.9,会昌县,赣州,江西
443,58907,安远,26.9,27.3,-0.4,27.2,-0.3,38,28,66(1959-2025),2017,28.8,1995,26.0,安远县,赣州,江西
444,58911,长汀,27.7,27.0,0.7,27.7,0.0,9,63,73(1951-2025),2022,28.6,1952,25.5,长汀县,龙岩,福建
445,58912,连城,27.1,27.0,0.1,27.1,0.0,27,42,71(1951-2025),2017,28.5,2015,25.7,连城县,龙岩,福建
446,58917,武平,27.6,27.4,0.2,27.2,0.4,13,52,66(1960-2025),2017,28.4,1995,25.8,武平县,龙岩,福建
447,58918,上杭,27.6,27.7,-0.1,27.4,0.2,34,34,69(1957-2025),2009,29.1,1995,26.1,上杭县,龙岩,福建
448,58921,永安,27.5,28.0,-0.5,28.1,-0.6,43,29,74(1952-2025),2022,29.9,1955,26.1,永安市,三明,福建
449,58923,大田,27.0,26.6,0.4,27.1,-0.1,12,53,65(1960-2025),2022,28.1,1995,25.4,大田县,三明,福建
450,58926,漳平,27.5,27.8,-0.3,27.3,0.2,42,25,68(1958-2025),2017,29.2,1995,26.0,漳平市,龙岩,福建
451,58927,新罗,27.2,26.9,0.3,26.8,0.4,17,56,75(1951-2025),1998,28.9,1995,25.7,新罗区,龙岩,福建
452,58928,华安,27.8,27.6,0.2,27.7,0.1,28,35,66(1957-2025),1998,28.7,1995,26.3,华安县,漳州,福建
453,58929,安溪,28.5,28.6,-0.1,28.7,-0.2,33,33,66(1960-2025),2010,29.9,1995,27.1,安溪县,泉州,福建
454,58931,德化,19.3,19.1,0.2,19.2,0.1,17,50,70(1956-2025),2022,20.3,1974,17.6,德化县,泉州,福建
455,58932,永泰,28.7,28.1,0.6,29.3,-0.6,8,62,70(1956-2025),2022,30.7,1974,26.5,永泰县,福州,福建
456,58933,屏南,24.4,23.8,0.6,24.8,-0.4,12,57,67(1959-2025),2022,25.6,1974,21.9,屏南县,宁德,福建
457,58934,永春,28.0,27.7,0.3,27.9,0.1,22,45,69(1957-2025),2022,28.8,1995,26.5,永春县,泉州,福建
458,58935,德化,25.5,25.7,-0.2,25.6,-0.1,33,26,66(1960-2025),2010,26.6,1995,24.4,德化县,泉州,福建
459,58936,仙游,27.9,28.5,-0.6,28.6,-0.7,51,19,69(1957-2025),2017,30.1,1972,27.0,仙游县,莆田,福建
460,58938,秀屿,28.4,28.5,-0.1,28.7,-0.3,20,14,34(1992-2025),2022,29.9,2000,27.2,秀屿区,莆田,福建
461,58940,晋安,29.3,29.5,-0.2,30.2,-0.9,22,13,33(1993-2025),2022,31.5,2000,28.3,晋安区,福州,福建
462,58941,长乐,29.3,28.8,0.5,29.6,-0.3,11,64,74(1952-2025),2022,30.9,1955,26.6,长乐区,福州,福建
463,58942,福清,28.2,28.6,-0.4,28.8,-0.6,29,34,65(1960-2025),2017,29.8,1972,26.8,福清市,福州,福建
464,58944,平潭,28.8,28.4,0.4,28.9,-0.1,12,62,73(1953-2025),2022,29.7,1972,26.7,平潭县,福州,福建
465,58946,城厢,28.7,28.7,0.0,29.6,-0.9,18,46,66(1960-2025),2022,30.4,1972,27.1,城厢区,莆田,福建
466,59001,隆林,26.0,25.4,0.6,25.1,0.9,10,60,68(1958-2025),2022,26.9,1971,23.6,隆林各族自治县,百色,广西
467,59004,西林,25.6,25.3,0.3,25.0,0.6,15,48,61(1965-2025),1990,26.5,1974,23.2,西林县,百色,广西
468,59007,广南,23.5,22.4,1.1,23.0,0.5,4,66,69(1954-2025),2021,23.9,1971,20.4,广南县,文山,云南
469,59012,乐业,23.8,23.4,0.4,22.9,0.9,14,48,62(1964-2025),2019,24.6,1971,21.2,乐业县,百色,广西
470,59015,凌云,26.3,26.6,-0.3,25.5,0.8,24,44,68(1958-2025),2009,28.2,1971,24.2,凌云县,百色,广西
471,59017,田林,27.1,26.9,0.2,26.2,0.9,21,44,68(1958-2025),2021,28.1,1971,24.8,田林县,百色,广西
472,59021,凤山,26.5,25.7,0.8,26.0,0.5,5,64,68(1958-2025),2021,27.1,1971,23.8,凤山县,河池,广西
473,59022,南丹,25.4,24.8,0.6,24.7,0.7,5,58,64(1959-2025),2009,26.2,1971,22.7,南丹县,河池,广西
474,59023,金城江,28.6,28.1,0.5,28.3,0.3,10,62,71(1955-2025),1981,29.9,1971,25.4,金城江区,河池,广西
475,59025,东兰,27.5,26.8,0.7,26.6,0.9,9,61,68(1958-2025),2021,29.1,1971,25.0,东兰县,河池,广西
476,59027,巴马,28.1,27.0,1.1,27.2,0.9,3,64,67(1959-2025),2021,28.4,1971,25.0,巴马瑶族自治县,河池,广西
477,59031,环江,27.7,27.9,-0.2,27.3,0.4,24,42,68(1958-2025),2009,29.2,1971,25.5,环江毛南族自治县,河池,广西
478,59033,罗城,27.8,27.2,0.6,27.1,0.7,7,61,68(1958-2025),1992,28.8,1971,25.0,罗城仫佬族自治县,河池,广西
479,59034,宜州,28.3,28.2,0.1,28.0,0.3,24,47,70(1956-2025),1981,29.9,1971,25.7,宜州区,河池,广西
480,59037,都安,29.4,28.4,1.0,28.8,0.6,7,68,73(1953-2025),1990,30.4,1971,26.2,都安瑶族自治县,河池,广西
481,59038,忻城,28.3,28.3,0.0,28.0,0.3,24,40,69(1957-2025),1992,30.0,1971,26.0,忻城县,来宾,广西
482,59041,柳城,28.5,28.5,0.0,28.2,0.3,25,41,67(1959-2025),1990,30.1,1971,26.1,柳城县,柳州,广西
483,59044,柳北,28.6,28.2,0.4,28.3,0.3,18,53,71(1955-2025),1990,29.9,1971,26.3,柳北区,柳州,广西
484,59045,鹿寨,29.5,28.7,0.8,28.6,0.9,4,66,69(1957-2025),1990,30.4,1971,26.4,鹿寨县,柳州,广西
485,59046,柳州,28.3,29.1,-0.8,27.7,0.6,48,27,75(1951-2025),2009,30.7,1971,26.3,柳北区,柳州,广西
486,59047,柳江,29.4,28.6,0.8,28.7,0.7,9,59,67(1958-2025),1990,30.0,1971,26.2,柳江区,柳州,广西
487,59051,阳朔,28.7,28.0,0.7,27.9,0.8,11,58,69(1957-2025),1990,30.5,1971,26.3,阳朔县,桂林,广西
488,59052,恭城,29.2,28.4,0.8,28.6,0.6,12,58,68(1957-2025),1990,30.7,1971,26.6,恭城瑶族自治县,桂林,广西
489,59053,平乐,28.5,28.4,0.1,28.1,0.4,22,46,69(1957-2025),1990,30.7,1971,26.5,平乐县,桂林,广西
490,59055,荔浦,28.8,28.0,0.8,28.2,0.6,9,63,70(1956-2025),1990,30.4,1971,26.4,荔浦市,桂林,广西
491,59057,金秀,23.9,23.7,0.2,23.8,0.1,12,53,67(1959-2025),1990,24.7,1971,22.2,金秀瑶族自治县,来宾,广西
492,59058,蒙山,28.3,27.6,0.7,27.5,0.8,6,66,72(1954-2025),1990,29.4,1971,26.2,蒙山县,梧州,广西
493,59059,昭平,28.9,27.9,1.0,28.2,0.7,3,66,69(1957-2025),2021,29.1,1971,26.5,昭平县,贺州,广西
494,59061,富川,28.1,28.1,0.0,27.6,0.5,23,37,61(1965-2025),1990,29.7,2002,26.4,富川瑶族自治县,贺州,广西
495,59063,江华,28.5,27.8,0.7,28.4,0.1,11,57,68(1957-2025),2022,29.8,1971,24.9,江华瑶族自治县,永州,湖南
496,59065,八步,28.8,28.5,0.3,28.1,0.7,15,52,69(1957-2025),1990,30.5,1988,27.1,八步区,贺州,广西
497,59071,连南,27.8,27.9,-0.1,27.6,0.2,41,22,65(1962-2026),1998,29.9,2002,27.1,连南瑶族自治县,清远,广东
498,59072,连州,28.1,28.2,-0.1,27.8,0.3,33,33,74(1953-2026),1998,30.0,1955,27.2,连州市,清远,广东
499,59074,连山,27.0,26.5,0.5,26.2,0.8,9,56,65(1962-2026),1998,27.7,2002,25.4,连山壮族瑶族自治县,清远,广东
500,59075,阳山,27.7,28.7,-1.0,27.4,0.3,58,10,70(1957-2026),1990,30.3,1971,27.3,阳山县,清远,广东
501,59081,乳源,28.2,28.3,-0.1,28.0,0.2,25,32,62(1965-2026),2017,30.0,1994,27.2,乳源瑶族自治县,韶关,广东
502,59082,韶关,28.1,28.4,-0.3,27.9,0.2,55,21,76(1951-2026),1990,30.2,1994,27.4,曲江区,韶关,广东
503,59087,佛冈,28.2,28.1,0.1,27.5,0.7,22,45,70(1957-2026),1990,29.3,1995,27.0,佛冈县,清远,广东
504,59088,英德,28.9,28.9,0.0,28.3,0.6,24,38,67(1960-2026),1990,30.2,1961,27.6,英德市,清远,广东
505,59090,始兴,28.3,28.2,0.1,28.0,0.3,21,38,62(1965-2026),2017,29.7,1999,27.1,始兴县,韶关,广东
506,59091,全南,27.0,26.9,0.1,26.2,0.8,21,46,66(1959-2025),2009,28.4,1974,25.6,全南县,赣州,江西
507,59092,龙南,27.9,27.6,0.3,27.3,0.6,16,52,68(1957-2025),2009,28.8,1995,26.2,龙南市,赣州,江西
508,59093,定南,26.9,27.2,-0.3,26.5,0.4,35,31,66(1959-2025),2017,29.0,1995,25.7,定南县,赣州,江西
509,59094,翁源,28.0,27.8,0.2,27.2,0.8,23,45,68(1959-2026),1998,29.2,1961,27.0,翁源县,韶关,广东
510,59096,连平,27.1,27.6,-0.5,26.3,0.8,35,32,74(1953-2026),2009,28.9,1958,26.2,连平县,河源,广东
511,59097,新丰,27.0,27.2,-0.2,26.5,0.5,42,23,68(1959-2026),1990,28.3,1995,26.1,新丰县,韶关,广东
512,59099,和平,27.8,27.4,0.4,27.1,0.7,11,55,67(1957-2026),2017,28.6,1995,26.1,和平县,河源,广东
513,59102,寻乌,27.2,26.8,0.4,26.9,0.3,17,51,69(1956-2025),1981,28.1,1995,25.5,寻乌县,赣州,江西
514,59106,平远,28.1,27.8,0.3,27.5,0.6,21,39,66(1961-2026),1981,29.4,1995,26.5,平远县,梅州,广东
515,59107,龙川,27.9,28.0,-0.1,27.3,0.6,29,32,67(1960-2026),1998,29.5,1995,26.5,龙川县,河源,广东
516,59109,兴宁,27.9,28.2,-0.3,28.3,-0.4,45,20,68(1959-2026),1998,29.5,1995,26.8,兴宁市,梅州,广东
517,59113,永定,27.6,27.1,0.5,27.5,0.1,14,50,67(1958-2025),2017,28.3,1995,25.9,永定区,龙岩,福建
518,59114,蕉岭,28.4,28.1,0.3,28.1,0.3,15,45,62(1965-2026),2003,29.4,1995,27.0,蕉岭县,梅州,广东
519,59116,大埔,27.5,27.8,-0.3,27.1,0.4,45,19,69(1958-2026),2009,29.0,1995,26.5,大埔县,梅州,广东
520,59117,梅县,28.9,28.4,0.5,28.4,0.5,13,59,74(1953-2026),1998,29.8,1995,27.1,梅县区,梅州,广东
521,59122,长泰,29.2,28.7,0.5,29.0,0.2,8,58,66(1960-2025),2017,30.4,1972,27.2,长泰区,漳州,福建
522,59124,南靖,28.4,28.1,0.3,28.3,0.1,22,48,70(1956-2025),1998,29.3,1995,27.0,南靖县,漳州,福建
523,59125,平和,28.3,28.1,0.2,28.0,0.3,22,40,64(1960-2025),1998,29.3,1995,27.1,平和县,漳州,福建
524,59126,芗城,28.9,28.9,0.0,28.6,0.3,22,52,72(1954-2025),2017,30.5,1972,27.1,芗城区,漳州,福建
525,59127,龙海,28.9,28.8,0.1,28.8,0.1,17,48,66(1960-2025),2017,30.2,1972,27.4,龙海区,漳州,福建
526,59129,漳浦,28.3,28.1,0.2,28.0,0.3,19,42,65(1961-2025),2010,29.3,1972,26.9,漳浦县,漳州,福建
527,59130,同安,28.6,28.7,-0.1,29.0,-0.4,26,40,70(1956-2025),2019,30.0,1972,27.2,同安区,厦门,福建
528,59131,南安,28.3,28.9,-0.6,28.5,-0.2,43,21,66(1960-2025),2017,30.4,1972,27.3,南安市,泉州,福建
529,59133,惠安,28.3,27.9,0.4,28.6,-0.3,12,59,72(1954-2025),2019,29.0,1955,26.5,惠安县,泉州,福建
530,59134,思明,28.2,28.0,0.2,28.1,0.1,31,39,73(1953-2025),2022,29.1,1995,26.6,思明区,厦门,福建
531,59137,晋江,28.5,28.6,-0.1,28.6,-0.1,24,43,66(1960-2025),2010,29.7,1972,26.9,晋江市,泉州,福建
532,59140,翔安,28.8,,,28.9,-0.1,6,5,10(2016-2025),2019,29.7,2016,28.3,翔安区,厦门,福建
533,59205,富宁,24.3,25.2,-0.9,25.7,-1.4,55,10,68(1957-2025),2021,27.0,1971,23.1,富宁县,文山,云南
534,59209,那坡,24.3,24.3,0.0,23.9,0.4,18,46,68(1958-2025),1998,25.4,1971,22.7,那坡县,百色,广西
535,59211,右江,28.7,28.0,0.7,28.1,0.6,13,62,75(1951-2025),2021,29.9,1971,26.0,右江区,百色,广西
536,59213,田阳,28.6,28.4,0.2,28.4,0.2,16,49,67(1959-2025),2021,30.2,1971,26.2,田阳区,百色,广西
537,59215,德保,25.9,25.3,0.6,25.1,0.8,6,63,68(1958-2025),2009,26.7,1971,23.7,德保县,百色,广西
538,59218,靖西,25.0,25.1,-0.1,24.4,0.6,20,50,69(1957-2025),2009,26.7,1971,23.0,靖西市,百色,广西
539,59224,田东,28.5,28.3,0.2,28.2,0.3,18,54,72(1954-2025),2021,30.1,1971,26.1,田东县,百色,广西
540,59227,天等,27.0,26.7,0.3,26.3,0.7,14,54,69(1957-2025),1990,28.3,1971,24.9,天等县,崇左,广西
541,59228,平果,28.6,28.4,0.2,27.8,0.8,19,48,68(1958-2025),2009,30.0,1971,25.9,平果市,百色,广西
542,59229,隆安,28.6,28.0,0.6,28.0,0.6,10,56,67(1959-2025),1981,29.4,1971,26.2,隆安县,南宁,广西
543,59230,马山,28.2,28.4,-0.2,27.7,0.5,31,38,69(1957-2025),1990,30.7,1971,26.1,马山县,南宁,广西
544,59235,上林,28.3,27.9,0.4,27.6,0.7,9,57,69(1957-2025),1990,29.7,1971,26.0,上林县,南宁,广西
545,59237,武鸣,28.5,28.7,-0.2,28.1,0.4,34,36,69(1957-2025),2009,30.2,1971,26.7,武鸣区,南宁,广西
546,59238,宾阳,29.0,28.4,0.6,28.3,0.7,9,62,69(1957-2025),2009,29.9,1971,26.3,宾阳县,南宁,广西
547,59241,象州,28.6,28.3,0.3,28.3,0.3,17,50,68(1958-2025),1990,30.3,1971,26.6,象州县,来宾,广西
548,59242,来宾,28.9,28.6,0.3,28.3,0.6,15,55,69(1957-2025),2009,30.1,1971,26.7,兴宾区,来宾,广西
549,59246,武宣,29.3,28.5,0.8,28.9,0.4,8,55,61(1965-2025),1990,30.5,1971,27.0,武宣县,来宾,广西
550,59249,覃塘,29.5,28.8,0.7,28.6,0.9,7,66,71(1955-2025),1990,30.4,1971,27.0,覃塘区,贵港,广西
551,59254,桂平,28.3,28.7,-0.4,27.9,0.4,36,34,73(1953-2025),1990,30.5,1971,26.9,桂平市,贵港,广西
552,59255,平南,29.1,29.2,-0.1,28.5,0.6,25,42,68(1958-2025),2009,30.6,1971,27.1,平南县,贵港,广西
553,59256,藤县,28.9,28.2,0.7,28.2,0.7,5,62,69(1957-2025),1990,29.5,1971,26.8,藤县,梧州,广西
554,59264,封开,28.3,28.1,0.2,27.6,0.7,17,47,65(1962-2026),1998,29.3,1988,26.9,封开县,肇庆,广东
555,59265,万秀,28.4,28.1,0.3,27.8,0.6,18,55,75(1951-2025),1990,29.6,1988,26.6,万秀区,梧州,广西
556,59266,龙圩,28.6,28.7,-0.1,27.9,0.7,24,42,67(1959-2025),1990,29.8,1971,27.0,龙圩区,梧州,广西
557,59268,郁南,28.8,28.6,0.2,28.0,0.8,19,46,65(1962-2026),1990,30.0,1988,27.3,郁南县,云浮,广东
558,59269,德庆,28.4,28.4,0.0,27.5,0.9,23,43,70(1957-2026),1990,29.9,1972,27.2,德庆县,肇庆,广东
559,59270,怀集,28.3,28.1,0.2,27.6,0.7,17,52,70(1957-2026),1990,29.7,1971,27.2,怀集县,肇庆,广东
560,59271,广宁,28.4,28.1,0.3,27.5,0.9,13,58,70(1957-2026),1990,29.3,1973,26.9,广宁县,肇庆,广东
561,59276,四会,28.4,28.3,0.1,27.8,0.6,21,44,68(1959-2026),1990,29.5,1995,27.1,四会市,肇庆,广东
562,59278,高要,28.9,28.9,0.0,28.1,0.8,22,45,73(1954-2026),1990,30.7,1973,27.6,高要区,肇庆,广东
563,59279,三水,29.5,29.1,0.4,28.7,0.8,15,54,70(1957-2026),1990,30.7,1973,27.3,三水区,佛山,广东
564,59280,清远,28.8,28.8,0.0,28.0,0.8,24,45,70(1957-2026),1990,30.5,1958,27.4,清城区,清远,广东
565,59284,花都,29.6,29.2,0.4,28.7,0.9,9,58,68(1959-2026),2011,30.6,1973,27.5,花都区,广州,广东
566,59285,从化,28.1,27.8,0.3,27.4,0.7,32,32,68(1959-2026),1998,29.6,2013,27.3,从化区,广州,广东
567,59287,广州,28.4,28.6,-0.2,27.3,1.1,30,43,76(1951-2026),1990,30.2,2025,27.3,黄埔区,广州,广东
568,59288,南海,29.8,29.4,0.4,29.1,0.7,10,56,69(1957-2026),2011,31.3,1973,27.5,南海区,佛山,广东
569,59289,东莞,29.1,28.7,0.4,28.4,0.7,8,56,66(1957-2026),1990,30.1,1973,27.2,东莞市,东莞,广东
570,59290,龙门,28.1,27.7,0.4,27.3,0.8,9,55,64(1963-2026),1990,29.0,1995,26.5,龙门县,惠州,广东
571,59293,河源,28.2,28.4,-0.2,27.2,1.0,31,40,74(1953-2026),1998,29.7,1961,27.0,东源县,河源,广东
572,59294,增城,28.5,28.2,0.3,27.8,0.7,13,55,68(1959-2026),1998,29.4,1995,27.1,增城区,广州,广东
573,59297,博罗,28.7,28.6,0.1,28.2,0.5,18,49,69(1957-2026),2011,29.8,1988,27.1,博罗县,惠州,广东
574,59298,惠阳,28.6,28.4,0.2,28.0,0.6,17,57,74(1953-2026),2011,29.9,1973,27.1,惠城区,惠州,广东
575,59303,五华,28.7,28.2,0.5,27.8,0.9,13,53,70(1957-2026),1998,29.5,1995,27.0,五华县,梅州,广东
576,59304,紫金,27.0,27.5,-0.5,26.5,0.5,48,20,70(1957-2026),1998,28.7,1995,26.3,紫金县,河源,广东
577,59306,揭西,28.6,28.0,0.6,27.7,0.9,6,53,60(1967-2026),1998,29.2,1973,26.8,揭西县,揭阳,广东
578,59310,丰顺,29.0,28.2,0.8,28.1,0.9,3,61,67(1958-2026),2017,29.1,1995,26.8,丰顺县,梅州,广东
579,59312,潮州,28.6,28.7,-0.1,27.9,0.7,21,48,70(1957-2026),2010,30.2,1972,27.0,湘桥区,潮州,广东
580,59313,饶平,28.1,28.3,-0.2,27.7,0.4,34,35,71(1956-2026),2009,29.3,1972,26.9,饶平县,潮州,广东
581,59314,普宁,28.9,28.4,0.5,28.1,0.8,8,58,68(1959-2026),2017,29.7,1995,26.9,普宁市,揭阳,广东
582,59315,揭阳,29.3,28.8,0.5,28.7,0.6,5,65,72(1955-2026),2009,30.4,1972,27.2,揭东区,揭阳,广东
583,59316,汕头,30.0,28.9,1.1,29.3,0.7,2,74,76(1951-2026),2017,30.1,1972,27.1,金平区,汕头,广东
584,59317,惠来,28.3,28.3,0.0,27.9,0.4,15,50,71(1956-2026),2009,29.3,1972,26.9,惠来县,揭阳,广东
585,59318,潮阳,28.2,28.9,-0.7,27.6,0.6,38,28,68(1959-2026),2017,29.9,1972,27.0,潮阳区,汕头,广东
586,59319,澄海,29.1,28.6,0.5,28.3,0.8,9,59,68(1959-2026),2010,29.9,1972,27.0,澄海区,汕头,广东
587,59320,诏安,28.6,28.2,0.4,28.1,0.5,12,54,68(1958-2025),1998,29.3,1972,27.0,诏安县,漳州,福建
588,59321,东山,28.7,27.8,0.9,28.2,0.5,2,72,72(1954-2025),2009,28.9,1955,26.5,东山县,漳州,福建
589,59322,云霄,27.4,28.5,-1.1,26.9,0.5,61,6,68(1958-2025),2017,29.6,1972,26.9,云霄县,漳州,福建
590,59324,南澳,28.7,27.9,0.8,28.2,0.5,3,67,70(1957-2026),2010,29.0,1988,26.6,南澳县,汕头,广东
591,59417,龙州,28.3,27.9,0.4,27.9,0.4,12,60,73(1953-2025),1990,29.5,1971,26.1,龙州县,崇左,广西
592,59419,凭祥,26.8,27.4,-0.6,26.6,0.2,42,20,61(1965-2025),2009,28.6,1971,25.4,凭祥市,崇左,广西
593,59421,大新,27.5,27.6,-0.1,26.8,0.7,28,42,69(1957-2025),2009,29.3,1971,25.6,大新县,崇左,广西
594,59425,江州,27.8,28.5,-0.7,27.4,0.4,47,19,69(1957-2025),1990,30.1,1971,26.3,江州区,崇左,广西
595,59426,扶绥,28.5,28.4,0.1,28.1,0.4,22,46,68(1958-2025),1990,30.1,1958,25.9,扶绥县,崇左,广西
596,59427,宁明,27.6,27.5,0.1,27.2,0.4,36,33,70(1956-2025),1990,29.3,1971,26.2,宁明县,崇左,广西
597,59429,上思,27.4,27.3,0.1,27.2,0.2,23,43,69(1957-2025),1990,28.4,1971,25.7,上思县,防城港,广西
598,59431,邕宁,28.4,28.0,0.4,27.9,0.5,14,61,75(1951-2025),1990,30.4,1971,26.4,邕宁区,南宁,广西
599,59435,邕宁,28.3,28.4,-0.1,28.0,0.3,29,35,66(1960-2025),1990,29.9,1971,26.5,邕宁区,南宁,广西
600,59441,横州,28.8,28.1,0.7,28.0,0.8,8,61,69(1957-2025),1990,30.0,1971,27.0,横州市,南宁,广西
601,59446,灵山,29.1,28.2,0.9,28.2,0.9,2,69,69(1957-2025),1990,29.3,1971,26.9,灵山县,钦州,广西
602,59448,浦北,28.2,27.8,0.4,27.6,0.6,9,55,64(1957-2025),1990,28.6,1971,26.6,浦北县,钦州,广西
603,59449,博白,28.6,28.1,0.5,27.8,0.8,8,63,69(1957-2025),2009,29.3,1971,26.7,博白县,玉林,广西
604,59451,北流,28.1,28.3,-0.2,27.6,0.5,30,35,67(1959-2025),1990,29.6,1971,26.8,北流市,玉林,广西
605,59452,容县,28.2,27.8,0.4,27.8,0.4,13,54,69(1957-2025),1990,29.5,2014,26.5,容县,玉林,广西
606,59453,玉林,28.9,28.4,0.5,28.2,0.7,8,63,72(1954-2025),2009,29.8,1971,26.9,玉州区,玉林,广西
607,59454,岑溪,27.6,28.2,-0.6,27.0,0.6,36,31,67(1959-2025),1990,29.4,1971,26.6,岑溪市,梧州,广西
608,59456,信宜,28.5,28.1,0.4,27.7,0.8,8,63,73(1954-2026),2009,29.3,1994,26.7,信宜市,茂名,广东
609,59457,陆川,28.4,27.6,0.8,27.8,0.6,3,69,71(1955-2025),1990,29.0,1972,26.6,陆川县,玉林,广西
610,59462,罗定,28.9,28.6,0.3,27.9,1.0,9,57,69(1958-2026),1998,30.0,1972,27.2,罗定市,云浮,广东
611,59469,阳春,28.0,28.4,-0.4,27.5,0.5,35,30,70(1957-2026),1990,29.5,1971,27.0,阳春市,阳江,广东
612,59470,新兴,28.6,28.1,0.5,27.7,0.9,8,59,69(1958-2026),1990,29.5,1995,27.0,新兴县,云浮,广东
613,59471,云浮,28.2,28.0,0.2,28.1,0.1,22,35,62(1965-2026),1990,29.8,1988,26.8,云城区,云浮,广东
614,59473,鹤山,28.9,28.8,0.1,28.3,0.6,12,53,68(1959-2026),2011,30.1,1973,27.2,鹤山市,江门,广东
615,59475,开平,29.1,28.6,0.5,28.4,0.7,9,59,68(1959-2026),1990,29.9,1973,27.1,开平市,江门,广东
616,59476,新会,29.6,28.6,1.0,28.9,0.7,3,67,70(1957-2026),2015,29.7,1972,27.1,新会区,江门,广东
617,59477,恩平,28.2,28.4,-0.2,27.5,0.7,19,44,65(1962-2026),1990,29.6,1973,26.7,恩平市,江门,广东
618,59478,台山,29.5,28.3,1.2,28.7,0.8,1,74,74(1953-2026),2026,29.5,1973,26.7,台山市,江门,广东
619,59480,顺德,29.7,29.3,0.4,28.8,0.9,13,55,68(1959-2026),2011,30.8,1973,27.2,顺德区,佛山,广东
620,59481,番禺,29.4,29.2,0.2,28.7,0.7,15,53,67(1960-2026),2011,30.5,1973,27.4,番禺区,广州,广东
621,59485,中山,28.7,28.7,0.0,28.1,0.6,20,49,72(1955-2026),1998,29.7,1972,27.2,中山市,中山,广东
622,59486,深圳观象台,29.0,,,28.6,0.4,1,9,9(2018-2026),2026,29.0,2018,27.8,宝安区,深圳,广东
623,59487,斗门,29.5,28.8,0.7,28.8,0.7,7,53,60(1967-2026),1990,29.8,1972,26.9,斗门区,珠海,广东
624,59488,珠海,29.3,28.5,0.8,28.6,0.7,6,58,65(1962-2026),1990,29.5,1995,27.2,香洲区,珠海,广东
625,59492,惠东,28.5,27.9,0.6,27.6,0.9,8,51,60(1967-2026),1990,29.1,1995,26.7,惠东县,惠州,广东
626,59493,深圳,29.0,28.8,0.2,28.4,0.6,12,58,74(1953-2026),1990,29.8,1972,26.9,福田区,深圳,广东
627,59500,海丰,28.1,28.5,-0.4,27.4,0.7,32,34,67(1960-2026),2009,29.7,1972,27.0,海丰县,汕尾,广东
628,59501,汕尾,28.9,28.4,0.5,28.5,0.4,6,67,74(1953-2026),2017,29.4,1995,27.0,城区,汕尾,广东
629,59502,陆丰,28.8,28.5,0.3,28.1,0.7,13,53,68(1959-2026),1998,29.4,1972,27.0,陆丰市,汕尾,广东
630,59626,东兴,28.1,28.0,0.1,27.9,0.2,18,53,73(1953-2025),2009,29.7,1971,26.3,东兴市,防城港,广西
631,59631,防城,28.6,27.9,0.7,27.8,0.8,3,43,44(1982-2025),2009,28.9,1988,26.6,防城区,防城港,广西
632,59632,钦南,28.5,28.5,0.0,27.8,0.7,21,53,73(1953-2025),2009,29.9,1971,26.5,钦南区,钦州,广西
633,59635,港口,28.6,28.4,0.2,28.0,0.6,12,22,34(1992-2025),2009,29.5,1995,26.8,港口区,防城港,广西
634,59640,合浦,28.4,28.7,-0.3,27.7,0.7,33,36,70(1956-2025),2015,29.9,1972,26.8,合浦县,北海,广西
635,59644,海城,28.8,28.6,0.2,28.3,0.5,18,54,73(1953-2025),1990,29.6,1972,26.8,海城区,北海,广西
636,59647,涠洲岛,28.7,28.7,0.0,29.0,-0.3,28,40,70(1956-2025),1998,29.6,1972,27.1,海城区,北海,广西
637,59650,遂溪,28.4,28.1,0.3,28.0,0.4,17,47,66(1961-2026),1998,29.3,1972,26.6,遂溪县,湛江,广东
638,59653,高州,28.7,28.1,0.6,28.1,0.6,6,60,68(1959-2026),1990,29.0,1972,27.0,高州市,茂名,广东
639,59654,廉江,29.0,28.3,0.7,28.3,0.7,6,60,69(1957-2026),2017,29.5,1972,26.9,廉江市,湛江,广东
640,59655,化州,28.3,28.2,0.1,27.7,0.6,22,45,67(1959-2026),2024,29.3,1972,26.7,化州市,茂名,广东
641,59656,吴川,29.0,28.4,0.6,28.2,0.8,13,52,64(1963-2026),1998,29.7,1972,26.9,吴川市,湛江,广东
642,59658,湛江,28.5,28.4,0.1,28.4,0.1,21,48,76(1951-2026),1998,29.7,1972,27.0,麻章区,湛江,广东
643,59659,茂名,28.7,28.2,0.5,28.3,0.4,10,44,54(1973-2026),1990,29.6,1973,27.2,茂南区,茂名,广东
644,59663,阳江,28.5,28.1,0.4,27.7,0.8,12,63,74(1953-2026),1998,29.4,1972,26.7,江城区,阳江,广东
645,59664,电白,28.7,28.3,0.4,28.1,0.6,10,57,70(1957-2026),1998,29.4,1972,27.1,电白区,茂名,广东
646,59673,上川岛,29.2,28.5,0.7,28.5,0.7,3,64,69(1958-2026),1990,29.4,1958,27.2,台山市,江门,广东
647,59750,雷州,28.4,28.2,0.2,28.4,0.0,19,44,67(1960-2026),2024,29.2,1972,26.8,雷州市,湛江,广东
648,59754,徐闻,29.0,28.4,0.6,29.0,0.0,9,61,70(1957-2026),2024,30.1,1972,26.7,徐闻县,湛江,广东
649,59757,琼山,29.4,28.6,0.8,29.1,0.3,5,45,48(1977-2025),2024,30.2,1985,27.4,琼山区,海口,海南
650,59758,海口,28.5,28.3,0.2,28.7,-0.2,6,6,10(2016-2025),2024,29.4,2018,27.6,海口,海口,海南
651,59792,东沙岛,30.1,,,29.1,1.0,1,6,6(2020-2025),2024,29.9,2020,28.8,东沙,东沙,海南
652,59838,东方,29.0,29.0,0.0,29.3,-0.3,21,47,72(1953-2025),2024,30.7,1956,27.2,东方市,东方,海南
653,59842,临高,28.3,28.2,0.1,28.9,-0.6,18,44,63(1962-2025),2024,29.4,1972,26.9,临高县,临高,海南
654,59843,澄迈,28.7,27.9,0.8,28.6,0.1,4,63,66(1959-2025),2024,29.3,1973,26.8,澄迈县,澄迈,海南
655,59845,儋州,27.9,27.5,0.4,28.3,-0.4,8,66,72(1953-2025),2024,29.3,1956,26.0,儋州市,儋州,海南
656,59847,昌江,28.4,28.1,0.3,28.7,-0.3,14,44,59(1966-2025),2024,30.2,1973,26.4,昌江黎族自治县,昌江,海南
657,59848,白沙,27.3,26.8,0.5,27.5,-0.2,8,60,66(1959-2025),2024,28.5,1973,25.3,白沙黎族自治县,白沙,海南
658,59849,琼中,27.0,26.7,0.3,26.9,0.1,6,62,69(1956-2025),2017,27.8,1971,25.2,琼中黎族苗族自治县,琼中,海南
659,59851,定安,28.6,28.1,0.5,28.5,0.1,6,56,62(1963-2025),2024,29.2,1973,26.9,定安县,定安,海南
660,59854,屯昌,28.3,27.7,0.6,28.4,-0.1,7,61,66(1959-2025),2024,29.2,1973,26.3,屯昌县,屯昌,海南
661,59855,琼海,28.6,28.3,0.3,28.7,-0.1,9,61,72(1953-2025),2017,29.4,1972,26.8,琼海市,琼海,海南
662,59856,文昌,28.8,28.1,0.7,28.8,0.0,6,61,66(1959-2025),2024,29.4,1972,26.6,文昌市,文昌,海南
663,59940,乐东,27.0,27.1,-0.1,27.5,-0.5,24,32,63(1962-2025),2024,28.1,1972,25.6,乐东黎族自治县,乐东,海南
664,59941,五指山,26.5,26.0,0.5,26.5,0.0,5,62,66(1959-2025),2023,27.2,1971,24.5,五指山市,五指山,海南
665,59945,保亭,28.2,27.5,0.7,28.2,0.0,5,55,59(1966-2025),2023,28.8,1972,25.9,保亭黎族苗族自治县,保亭,海南
666,59948,三亚,25.6,25.6,0.0,25.6,0.0,57,7,66(1959-2025),1998,28.9,2010,25.2,市辖区,三亚,海南
667,59951,万宁,28.4,28.4,0.0,28.3,0.1,17,43,66(1959-2025),2024,29.3,1972,27.2,万宁市,万宁,海南
668,59954,陵水,28.4,28.1,0.3,28.4,0.0,9,59,69(1956-2025),2023,29.1,1971,26.9,陵水黎族自治县,陵水,海南
669,59981,西沙,30.0,29.1,0.9,29.2,0.8,3,65,67(1958-2025),2023,30.6,1959,28.1,西沙区,三沙,海南
670,59985,珊瑚,30.2,29.0,1.2,29.0,1.2,3,49,50(1975-2025),2023,30.6,1984,27.9,西沙区,三沙,海南
,,Average,26.5,26.3,0.2,26.8,-0.3,19,55,76(1951-2026),2026,28.6,1952,24.8,,,
,,Max,30.4,29.7,1.6,32.0,1.2,,,,,32.9,,28.8,,,
,,Min,13.2,13.2,-2.1,13.6,-3.2,,,,,14.7,,10.4,,,
