No.,Station Code,Station Name,2026-06-1,2026-06-2,2026-06-3,2026-07-1,2026-07-2,2026-07-3,2026-08-1,2026-08-2,2026-08-3,Average,Max,Min,Township,County,City
1,57988,乐昌,27.1,26.2,27.3,27.5,29.1,26.9,28.2,28.7,27.7,27.6,29.1,26.2,乐城街道,乐昌市,韶关
2,57989,仁化,27.2,26.6,27.8,27.1,29.1,26.8,27.8,28.2,27.4,27.6,29.1,26.6,丹霞街道,仁化县,韶关
3,57996,南雄,27.0,26.6,28.1,27.2,29.5,27.3,28.3,29.1,27.5,27.8,29.5,26.6,古市镇,南雄市,韶关
4,59071,连南,27.0,26.2,27.7,27.0,28.4,26.6,27.8,28.3,27.4,27.4,28.4,26.2,三江镇,连南瑶族自治县,清远
5,59072,连州,27.3,26.6,28.1,27.4,29.2,27.0,28.0,28.8,27.7,27.8,29.2,26.6,连州镇,连州市,清远
6,59074,连山,26.0,25.7,26.9,26.7,27.9,26.3,26.7,27.5,26.8,26.7,27.9,25.7,吉田镇,连山壮族瑶族自治县,清远
7,59075,阳山,27.0,26.2,27.8,26.5,27.8,26.4,27.7,28.2,27.2,27.2,28.2,26.2,七拱镇,阳山县,清远
8,59081,乳源,27.3,26.6,27.7,27.4,29.4,27.1,28.1,28.9,27.7,27.8,29.4,26.6,乳城镇,乳源瑶族自治县,韶关
9,59082,韶关,27.5,27.0,28.5,27.8,29.2,27.2,27.8,28.8,27.9,28.0,29.2,27.0,马坝镇,曲江区,韶关
10,59087,佛冈,27.8,26.8,28.8,27.9,28.3,27.5,27.9,29.0,27.8,28.0,29.0,26.8,石角镇,佛冈县,清远
11,59088,英德,28.0,27.4,29.0,27.8,29.1,27.6,28.5,29.8,28.6,28.4,29.8,27.4,英城街道,英德市,清远
12,59090,始兴,27.1,26.5,28.0,27.7,29.4,27.4,28.4,29.0,27.4,27.9,29.4,26.5,太平镇,始兴县,韶关
13,59094,翁源,26.8,26.2,28.0,27.7,28.0,26.8,27.8,28.4,27.8,27.5,28.4,26.2,龙仙镇,翁源县,韶关
14,59096,连平,26.1,25.2,27.5,26.6,27.2,26.2,27.1,27.4,26.8,26.7,27.5,25.2,元善镇,连平县,河源
15,59097,新丰,26.5,25.5,27.6,26.9,27.6,26.1,26.8,27.3,26.7,26.8,27.6,25.5,丰城街道,新丰县,韶关
16,59099,和平,26.2,25.6,27.6,27.0,27.9,27.2,28.2,28.2,27.0,27.2,28.2,25.6,阳明镇,和平县,河源
17,59106,平远,26.9,25.3,27.5,27.8,28.2,27.4,28.7,28.7,27.0,27.5,28.7,25.3,大柘镇,平远县,梅州
18,59107,龙川,27.0,25.4,28.0,27.1,28.1,27.3,28.3,28.4,27.3,27.4,28.4,25.4,老隆镇,龙川县,河源
19,59109,兴宁,26.6,25.3,27.7,27.8,27.7,27.3,28.4,28.3,27.1,27.4,28.4,25.3,叶塘镇,兴宁市,梅州
20,59114,蕉岭,27.2,25.6,28.1,28.2,28.7,28.0,28.7,29.0,27.5,27.9,29.0,25.6,蕉城镇,蕉岭县,梅州
21,59116,大埔,26.5,25.2,28.0,27.8,26.7,27.4,28.0,27.6,27.0,27.1,28.0,25.2,湖寮镇,大埔县,梅州
22,59117,梅县,27.9,26.2,28.7,29.0,28.5,28.3,29.3,29.6,27.9,28.4,29.6,26.2,程江镇,梅县区,梅州
23,59264,封开,28.0,26.9,28.5,27.8,28.4,27.4,27.9,28.8,28.1,28.0,28.8,26.9,江口镇,封开县,肇庆
24,59268,郁南,28.6,27.4,28.9,28.0,28.7,27.6,28.5,29.2,28.6,28.4,29.2,27.4,都城镇,郁南县,云浮
25,59269,德庆,28.1,26.7,28.8,27.3,28.2,27.1,28.2,28.8,28.1,27.9,28.8,26.7,新圩镇,德庆县,肇庆
26,59270,怀集,27.6,26.9,28.4,27.6,28.3,27.5,28.4,28.8,27.9,27.9,28.8,26.9,怀城街道,怀集县,肇庆
27,59271,广宁,28.0,27.2,28.7,27.7,28.6,27.6,28.5,28.9,28.0,28.1,28.9,27.2,南街镇,广宁县,肇庆
28,59276,四会,27.7,27.3,28.8,27.8,28.5,27.4,28.1,28.9,28.1,28.1,28.9,27.3,贞山街道,四会市,肇庆
29,59278,高要,28.9,27.7,28.7,27.8,28.6,27.6,28.7,29.9,28.4,28.5,29.9,27.6,莲塘镇,高要区,肇庆
30,59279,三水,29.2,28.1,29.3,28.5,29.1,28.4,29.1,30.5,29.0,29.0,30.5,28.1,云东海街道,三水区,佛山
31,59280,清远,27.8,26.9,28.7,27.3,28.6,27.5,28.6,29.6,28.2,28.1,29.6,26.9,东城街道,清城区,清远
32,59284,花都,29.2,27.5,29.4,28.3,29.5,28.5,29.5,30.5,28.8,29.0,30.5,27.5,花城街道,花都区,广州
33,59285,从化,27.4,26.2,28.1,27.5,28.2,27.3,27.9,28.9,27.4,27.7,28.9,26.2,江埔街道,从化区,广州
34,59287,广州,28.4,26.9,28.8,27.7,28.4,27.5,28.3,29.1,27.9,28.1,29.1,26.9,长岭街道,黄埔区,广州
35,59288,南海,29.4,28.1,29.6,28.6,29.4,28.9,29.4,31.1,29.1,29.3,31.1,28.1,狮山镇,南海区,佛山
36,59289,东莞,28.6,27.2,29.2,28.2,28.8,28.1,29.0,29.8,28.5,28.6,29.8,27.2,南城街道,东莞市,东莞
37,59290,龙门,27.4,26.1,28.4,28.0,27.9,27.3,27.9,28.6,27.8,27.7,28.6,26.1,龙田镇,龙门县,惠州
38,59293,河源,27.5,26.0,28.4,27.3,28.0,27.2,28.2,28.8,27.7,27.7,28.8,26.0,仙塘镇,东源县,河源
39,59294,增城,28.0,26.7,28.9,27.6,28.6,27.8,28.4,29.2,28.0,28.1,29.2,26.7,荔城街道,增城区,广州
40,59297,博罗,28.4,26.7,28.9,28.1,28.7,27.8,28.8,29.3,28.2,28.3,29.3,26.7,罗阳街道,博罗县,惠州
41,59298,惠阳,27.8,26.5,28.7,27.9,28.6,27.6,28.6,29.3,27.9,28.1,29.3,26.5,龙丰街道,惠城区,惠州
42,59303,五华,27.8,26.0,28.4,28.5,28.5,28.1,28.9,29.2,28.0,28.2,29.2,26.0,水寨镇,五华县,梅州
43,59304,紫金,26.0,24.8,27.1,27.1,27.2,26.6,27.1,27.4,26.5,26.6,27.4,24.8,紫城镇,紫金县,河源
44,59306,揭西,27.5,26.0,28.4,28.4,28.1,27.6,29.1,29.1,27.7,28.0,29.1,26.0,河婆街道,揭西县,揭阳
45,59310,丰顺,28.0,26.4,29.1,28.9,27.9,28.2,29.7,29.5,28.0,28.4,29.7,26.4,汤坑镇,丰顺县,梅州
46,59312,潮州,27.1,25.9,28.7,28.6,28.1,27.8,28.9,29.0,27.9,28.0,29.0,25.9,红山农场,湘桥区,潮州
47,59313,饶平,26.7,25.6,28.1,28.3,27.7,27.5,28.5,28.9,27.1,27.6,28.9,25.6,黄冈镇,饶平县,潮州
48,59314,普宁,27.2,26.1,28.8,28.8,28.4,27.7,29.3,29.3,28.1,28.2,29.3,26.1,大坝镇,普宁市,揭阳
49,59315,揭阳,27.5,26.5,29.3,29.4,28.5,28.2,29.9,29.9,28.2,28.6,29.9,26.5,曲溪街道,揭东区,揭阳
50,59316,汕头,28.1,26.8,30.0,29.9,29.2,28.9,30.5,30.2,29.2,29.2,30.5,26.8,岐山街道,金平区,汕头
51,59317,惠来,26.9,25.9,28.1,29.0,27.8,27.7,28.7,28.6,27.6,27.8,29.0,25.9,神泉镇,惠来县,揭阳
52,59318,潮阳,26.4,25.4,28.2,28.2,27.7,27.3,28.7,28.4,27.7,27.6,28.7,25.4,河溪镇,潮阳区,汕头
53,59319,澄海,27.5,26.2,29.1,28.9,28.4,28.1,29.6,29.6,28.3,28.4,29.6,26.2,上华镇,澄海区,汕头
54,59324,南澳,27.2,26.2,28.0,29.1,27.9,27.9,28.6,29.2,28.1,28.0,29.2,26.2,后宅镇,南澳县,汕头
55,59456,信宜,27.8,26.5,28.1,27.5,27.8,27.7,28.6,29.1,28.0,27.9,29.1,26.5,东镇街道,信宜市,茂名
56,59462,罗定,28.8,27.6,29.1,27.5,28.7,27.9,28.8,29.4,28.5,28.5,29.4,27.5,素龙街道,罗定市,云浮
57,59469,阳春,27.7,27.1,28.0,27.4,27.9,27.3,27.9,28.5,27.8,27.7,28.5,27.1,春城街道,阳春市,阳江
58,59470,新兴,28.6,27.3,28.3,27.4,28.1,27.2,28.5,29.2,28.3,28.1,29.2,27.2,车岗镇,新兴县,云浮
59,59471,云浮,28.1,27.0,28.1,27.0,28.0,26.8,27.9,29.1,27.7,27.7,29.1,26.8,云城街道,云城区,云浮
60,59473,鹤山,28.7,27.0,28.7,27.8,28.3,27.5,28.7,29.7,28.4,28.3,29.7,27.0,雅瑶镇,鹤山市,江门
61,59475,开平,29.2,27.5,29.0,28.1,28.4,27.7,29.1,29.8,28.5,28.6,29.8,27.5,长沙街道,开平市,江门
62,59476,新会,29.4,27.6,29.0,28.3,28.8,28.1,29.5,30.6,28.9,28.9,30.6,27.6,会城街道,新会区,江门
63,59477,恩平,28.5,26.9,28.1,27.4,28.0,27.0,28.0,29.1,27.7,27.9,29.1,26.9,大田镇,恩平市,江门
64,59478,台山,29.2,28.0,29.1,28.6,28.7,28.0,29.5,30.3,28.9,28.9,30.3,28.0,台城街道,台山市,江门
65,59480,顺德,29.1,27.1,29.1,28.1,29.0,27.9,29.4,30.6,29.1,28.8,30.6,27.1,大良街道,顺德区,佛山
66,59481,番禺,29.0,27.0,29.3,28.1,28.9,28.1,29.3,30.3,28.6,28.7,30.3,27.0,东环街道,番禺区,广州
67,59485,中山,28.3,26.7,28.6,27.3,27.9,27.2,28.6,29.6,28.0,28.0,29.6,26.7,东区街道,中山市,中山
68,59487,斗门,29.0,27.6,29.2,28.5,28.5,27.9,29.4,30.4,28.9,28.8,30.4,27.6,白蕉镇,斗门区,珠海
69,59488,珠海,28.5,27.4,28.9,28.3,28.3,27.7,29.4,30.0,28.6,28.6,30.0,27.4,狮山街道,香洲区,珠海
70,59492,惠东,27.8,26.5,28.8,28.5,28.6,28.0,28.9,29.1,27.6,28.2,29.1,26.5,大岭镇,惠东县,惠州
71,59493,深圳,28.3,26.9,29.0,28.4,28.1,27.7,29.0,29.6,28.4,28.4,29.6,26.9,香蜜湖街道,福田区,深圳
72,59500,海丰,27.0,26.0,27.9,28.4,27.7,27.4,28.7,28.3,27.3,27.6,28.7,26.0,海城镇,海丰县,汕尾
73,59501,汕尾,27.8,26.8,28.9,29.3,28.3,28.1,29.1,29.2,28.4,28.4,29.3,26.8,香洲街道,城区,汕尾
74,59502,陆丰,27.4,26.4,29.2,29.1,28.3,28.0,29.2,29.2,28.1,28.3,29.2,26.4,河东镇,陆丰市,汕尾
75,59650,遂溪,29.3,28.2,29.1,28.3,29.4,28.7,28.1,29.4,27.9,28.7,29.4,27.9,遂城街道,遂溪县,湛江
76,59653,高州,28.1,27.2,28.6,28.1,28.8,28.2,28.4,29.6,28.0,28.3,29.6,27.2,宝光街道,高州市,茂名
77,59654,廉江,29.0,27.8,29.1,28.3,28.9,28.7,28.8,30.1,28.3,28.8,30.1,27.8,石城镇,廉江市,湛江
78,59655,化州,28.2,26.8,28.0,27.6,28.3,27.9,27.9,29.5,27.7,28.0,29.5,26.8,丽岗镇,化州市,茂名
79,59656,吴川,29.1,28.0,29.0,28.8,29.4,28.9,28.7,29.4,28.9,28.9,29.4,28.0,大山江街道,吴川市,湛江
80,59658,湛江,29.8,28.5,29.8,28.3,29.4,29.0,28.1,29.0,28.3,28.9,29.8,28.1,湖光镇,麻章区,湛江
81,59659,茂名,28.6,27.5,28.8,28.5,29.1,28.5,28.3,29.5,28.2,28.6,29.5,27.5,山阁镇,茂南区,茂名
82,59663,阳江,28.4,27.7,28.4,27.9,28.3,27.7,28.3,29.1,28.1,28.2,29.1,27.7,城南街道,江城区,阳江
83,59664,电白,28.8,27.7,28.9,28.6,29.2,28.5,28.3,29.1,28.7,28.6,29.2,27.7,七迳镇,电白区,茂名
84,59673,上川岛,29.2,28.2,29.2,29.0,29.0,28.2,28.8,29.7,29.2,28.9,29.7,28.2,川岛镇,台山市,江门
85,59750,雷州,30.0,29.3,30.3,28.5,29.6,29.0,28.1,29.1,28.1,29.1,30.3,28.1,西湖街道,雷州市,湛江
86,59754,徐闻,30.1,30.2,31.3,29.3,30.1,29.9,28.9,29.5,28.7,29.8,31.3,28.7,南山镇,徐闻县,湛江
,,,2026-06-1,2026-06-2,2026-06-3,2026-07-1,2026-07-2,2026-07-3,2026-08-1,2026-08-2,2026-08-3,,,,,,
,,Average,27.9,26.8,28.6,28.0,28.5,27.7,28.5,29.2,28.0,28.1,29.3,26.7,,,
,,Max,30.1,30.2,31.3,29.9,30.1,29.9,30.5,31.1,29.2,29.8,31.3,28.7,,,
,,Min,26.0,24.8,26.9,26.5,26.7,26.1,26.7,27.3,26.5,26.6,27.4,24.8,,,
