No.,Station Code,Station Name,2024 Q1,2024 Q2,2024 Q3,2024 Q4,2025 Q1,2025 Q2,2025 Q3,2025 Q4,2026 Q1,2026 Q2,2026 Q3,2026 Q4,Average,Max,Min,Township,County,City
1,57988,乐昌,12.9,24.3,28.6,17.9,13.5,23.8,28.0,18.6,14.5,24.7,27.9,,21.3,28.6,12.9,乐城街道,乐昌市,韶关
2,57989,仁化,13.1,24.2,28.3,16.9,12.6,23.5,27.9,17.8,14.0,24.7,27.7,,21.0,28.3,12.6,丹霞街道,仁化县,韶关
3,57996,南雄,13.3,24.2,28.7,17.6,13.2,24.0,28.3,18.5,14.6,24.9,28.1,,21.4,28.7,13.2,古市镇,南雄市,韶关
4,59071,连南,12.5,24.0,28.5,17.4,12.9,23.9,27.7,18.0,14.1,24.8,27.5,,21.0,28.5,12.5,三江镇,连南瑶族自治县,清远
5,59072,连州,12.5,24.2,28.7,17.2,12.7,24.0,27.9,17.9,14.0,25.0,27.9,,21.1,28.7,12.5,连州镇,连州市,清远
6,59074,连山,12.9,23.8,27.2,16.5,12.2,23.2,26.4,17.2,13.8,24.3,26.9,,20.4,27.2,12.2,吉田镇,连山壮族瑶族自治县,清远
7,59075,阳山,13.2,24.0,28.2,18.3,13.9,24.1,27.5,18.5,15.1,24.9,27.2,,21.4,28.2,13.2,七拱镇,阳山县,清远
8,59081,乳源,13.2,24.5,28.8,17.9,13.5,24.0,28.3,18.6,14.8,24.9,28.0,,21.5,28.8,13.2,乳城镇,乳源瑶族自治县,韶关
9,59082,韶关,13.6,24.4,28.8,17.8,13.6,24.2,28.4,18.5,14.9,25.3,28.0,,21.6,28.8,13.6,马坝镇,曲江区,韶关
10,59087,佛冈,15.4,25.0,28.5,19.5,15.0,24.5,28.0,20.0,16.5,25.8,28.0,,22.4,28.5,15.0,石角镇,佛冈县,清远
11,59088,英德,15.0,25.0,29.2,19.4,15.1,24.8,28.7,20.0,16.4,25.9,28.3,,22.5,29.2,15.0,英城街道,英德市,清远
12,59090,始兴,13.4,24.2,28.7,17.5,13.3,23.8,28.2,18.5,14.7,24.8,28.2,,21.4,28.7,13.3,太平镇,始兴县,韶关
13,59094,翁源,14.7,24.3,28.2,18.3,14.1,23.9,27.7,19.1,15.6,25.0,27.6,,21.7,28.2,14.1,龙仙镇,翁源县,韶关
14,59096,连平,13.9,23.8,27.3,17.7,13.5,23.1,26.8,18.3,14.9,24.1,26.8,,20.9,27.3,13.5,元善镇,连平县,河源
15,59097,新丰,14.6,23.8,27.2,18.2,14.0,23.3,26.9,18.8,15.5,24.5,26.9,,21.2,27.2,14.0,丰城街道,新丰县,韶关
16,59099,和平,14.0,24.2,27.9,17.8,13.5,23.7,27.4,18.5,14.9,24.4,27.7,,21.3,27.9,13.5,阳明镇,和平县,河源
17,59106,平远,14.5,24.1,27.8,18.5,14.0,24.0,27.6,19.1,15.4,24.6,28.1,,21.6,28.1,14.0,大柘镇,平远县,梅州
18,59107,龙川,15.0,24.5,28.0,18.6,14.6,24.4,27.6,19.3,16.1,24.9,27.8,,21.9,28.0,14.6,老隆镇,龙川县,河源
19,59109,兴宁,15.9,25.2,28.9,19.5,15.2,25.4,28.6,20.2,16.3,24.7,27.9,,22.5,28.9,15.2,叶塘镇,兴宁市,梅州
20,59114,蕉岭,15.5,24.7,28.4,19.4,14.9,24.7,28.2,20.0,16.4,25.0,28.4,,22.3,28.4,14.9,蕉城镇,蕉岭县,梅州
21,59116,大埔,15.5,24.0,27.6,18.8,14.3,24.1,27.0,19.3,16.0,24.6,27.6,,21.7,27.6,14.3,湖寮镇,大埔县,梅州
22,59117,梅县,16.0,25.1,28.8,19.8,15.4,25.3,28.5,20.3,16.9,25.7,28.8,,22.8,28.8,15.4,程江镇,梅县区,梅州
23,59264,封开,15.4,25.4,28.2,19.1,15.1,25.4,28.0,19.6,17.0,26.2,28.0,,22.5,28.2,15.1,江口镇,封开县,肇庆
24,59268,郁南,16.1,25.8,28.6,19.5,15.7,25.8,28.3,20.1,17.7,26.6,28.3,,23.0,28.6,15.7,都城镇,郁南县,云浮
25,59269,德庆,15.7,25.4,27.9,19.2,15.6,25.2,27.8,19.8,17.5,26.1,27.8,,22.5,27.9,15.6,新圩镇,德庆县,肇庆
26,59270,怀集,15.0,24.9,28.5,19.2,14.9,24.8,28.1,19.6,16.5,25.8,28.0,,22.3,28.5,14.9,怀城街道,怀集县,肇庆
27,59271,广宁,15.7,25.4,28.6,19.3,15.4,25.1,28.0,19.8,17.1,26.0,28.2,,22.6,28.6,15.4,南街镇,广宁县,肇庆
28,59276,四会,16.1,25.7,28.7,19.5,15.6,25.3,28.2,19.9,17.0,26.1,28.0,,22.7,28.7,15.6,贞山街道,四会市,肇庆
29,59278,高要,17.0,26.1,28.9,20.8,16.8,25.7,28.5,21.1,18.3,26.5,28.3,,23.5,28.9,16.8,莲塘镇,高要区,肇庆
30,59279,三水,16.8,26.5,29.7,20.9,16.8,26.3,29.3,21.2,18.3,27.0,28.9,,23.8,29.7,16.8,云东海街道,三水区,佛山
31,59280,清远,16.1,25.3,29.0,20.3,16.2,25.1,28.6,20.8,17.6,25.9,28.1,,23.0,29.0,16.1,东城街道,清城区,清远
32,59284,花都,17.0,26.1,29.7,21.0,17.0,26.0,29.4,21.7,18.6,26.8,29.1,,23.9,29.7,17.0,花城街道,花都区,广州
33,59285,从化,16.4,25.2,28.4,20.0,16.1,24.8,28.0,20.5,17.6,25.5,27.8,,22.8,28.4,16.1,江埔街道,从化区,广州
34,59287,广州,16.5,25.7,28.6,20.0,15.7,25.2,27.9,20.4,17.3,26.1,28.1,,22.9,28.6,15.7,长岭街道,黄埔区,广州
35,59288,南海,17.0,26.6,30.0,21.4,17.1,26.4,29.6,21.8,18.7,27.1,29.2,,24.1,30.0,17.0,狮山镇,南海区,佛山
36,59289,东莞,18.0,26.1,29.1,21.5,17.3,25.9,28.8,22.1,18.8,26.5,28.7,,23.9,29.1,17.3,南城街道,东莞市,东莞
37,59290,龙门,15.7,24.6,27.9,19.2,14.7,24.3,27.6,19.6,16.2,25.3,27.9,,22.1,27.9,14.7,龙田镇,龙门县,惠州
38,59293,河源,15.6,24.7,27.9,19.2,15.0,24.5,27.7,19.6,16.5,25.4,27.8,,22.2,27.9,15.0,仙塘镇,东源县,河源
39,59294,增城,17.1,25.6,28.7,20.3,16.1,25.2,28.2,20.8,17.6,26.0,28.2,,23.1,28.7,16.1,荔城街道,增城区,广州
40,59297,博罗,17.5,25.8,28.8,20.8,16.6,25.7,28.6,21.2,18.1,26.2,28.4,,23.4,28.8,16.6,罗阳街道,博罗县,惠州
41,59298,惠阳,17.3,25.5,28.7,20.9,16.7,25.5,28.4,21.5,18.3,25.9,28.3,,23.4,28.7,16.7,龙丰街道,惠城区,惠州
42,59303,五华,16.0,25.1,28.5,19.7,15.3,25.2,28.1,20.1,16.9,25.5,28.6,,22.6,28.6,15.3,水寨镇,五华县,梅州
43,59304,紫金,15.4,23.9,27.0,18.5,14.5,23.8,26.8,19.1,16.0,24.2,27.1,,21.5,27.1,14.5,紫城镇,紫金县,河源
44,59306,揭西,16.6,24.8,28.2,20.4,15.8,25.1,27.8,20.7,17.2,25.4,28.4,,22.8,28.4,15.8,河婆街道,揭西县,揭阳
45,59310,丰顺,17.0,25.1,28.7,21.1,16.1,25.5,28.4,21.3,17.3,25.9,28.8,,23.2,28.8,16.1,汤坑镇,丰顺县,梅州
46,59312,潮州,16.4,24.7,28.4,20.5,15.3,25.0,28.0,20.7,16.4,25.2,28.4,,22.6,28.4,15.3,红山农场,湘桥区,潮州
47,59313,饶平,15.9,24.3,28.3,20.4,15.0,24.5,27.9,20.9,16.0,24.8,28.1,,22.4,28.3,15.0,黄冈镇,饶平县,潮州
48,59314,普宁,16.9,25.0,28.6,21.0,16.1,25.5,28.4,21.5,17.3,25.5,28.7,,23.1,28.7,16.1,大坝镇,普宁市,揭阳
49,59315,揭阳,17.2,25.3,29.1,21.5,16.3,25.9,28.9,21.9,17.5,25.9,29.1,,23.5,29.1,16.3,曲溪街道,揭东区,揭阳
50,59316,汕头,17.5,25.9,30.1,22.3,16.7,26.4,29.6,22.8,17.7,26.4,29.7,,24.1,30.1,16.7,岐山街道,金平区,汕头
51,59317,惠来,17.2,25.2,28.4,21.4,16.1,25.2,28.2,21.9,17.2,25.3,28.4,,23.1,28.4,16.1,神泉镇,惠来县,揭阳
52,59318,潮阳,16.2,24.4,28.3,20.5,15.2,24.8,27.9,21.1,16.4,24.9,28.0,,22.5,28.3,15.2,河溪镇,潮阳区,汕头
53,59319,澄海,16.6,24.9,29.0,21.2,15.8,25.5,28.6,21.5,16.9,25.7,28.9,,23.1,29.0,15.8,上华镇,澄海区,汕头
54,59324,南澳,16.9,25.2,28.6,21.7,16.1,25.2,28.5,22.1,16.9,25.3,28.5,,23.2,28.6,16.1,后宅镇,南澳县,汕头
55,59456,信宜,17.8,26.5,28.3,21.4,17.4,26.0,28.0,21.8,19.2,26.5,28.0,,23.7,28.3,17.4,东镇街道,信宜市,茂名
56,59462,罗定,17.0,26.5,28.7,19.8,16.3,26.1,28.2,20.4,18.2,26.8,28.4,,23.3,28.7,16.3,素龙街道,罗定市,云浮
57,59469,阳春,17.4,26.1,28.1,20.9,17.0,25.5,27.7,21.3,18.8,26.1,27.8,,23.3,28.1,17.0,春城街道,阳春市,阳江
58,59470,新兴,16.6,25.9,28.2,19.8,16.2,25.5,28.1,20.2,17.6,26.3,27.9,,22.9,28.2,16.2,车岗镇,新兴县,云浮
59,59471,云浮,16.5,26.0,28.7,20.2,16.5,25.8,28.4,20.6,17.6,25.9,27.6,,23.1,28.7,16.5,云城街道,云城区,云浮
60,59473,鹤山,16.9,26.0,28.6,21.2,16.7,25.8,28.5,21.5,18.3,26.4,28.2,,23.5,28.6,16.7,雅瑶镇,鹤山市,江门
61,59475,开平,17.6,26.6,28.9,21.2,17.0,26.0,28.6,21.5,18.6,26.7,28.4,,23.7,28.9,17.0,长沙街道,开平市,江门
62,59476,新会,18.0,26.9,29.5,22.1,17.7,26.4,29.2,22.5,19.4,26.9,28.8,,24.3,29.5,17.7,会城街道,新会区,江门
63,59477,恩平,17.2,25.9,28.1,20.2,16.3,25.4,27.7,20.9,18.0,26.0,27.7,,23.0,28.1,16.3,大田镇,恩平市,江门
64,59478,台山,18.0,26.8,29.1,21.7,17.5,26.4,28.9,22.2,19.2,27.0,28.8,,24.1,29.1,17.5,台城街道,台山市,江门
65,59480,顺德,18.0,26.6,29.6,21.9,17.8,26.3,29.1,22.3,19.2,26.7,28.8,,24.2,29.6,17.8,大良街道,顺德区,佛山
66,59481,番禺,18.0,26.3,29.6,21.8,17.7,26.2,29.2,22.2,19.2,26.7,28.8,,24.2,29.6,17.7,东环街道,番禺区,广州
67,59485,中山,17.6,26.0,28.5,21.2,17.0,25.6,28.3,21.7,18.7,26.1,27.9,,23.5,28.5,17.0,东区街道,中山市,中山
68,59487,斗门,18.4,26.9,29.6,22.3,17.8,26.3,29.1,22.4,19.2,26.8,28.7,,24.3,29.6,17.8,白蕉镇,斗门区,珠海
69,59488,珠海,18.3,26.5,29.2,22.1,17.5,26.0,28.9,22.4,19.1,26.5,28.6,,24.1,29.2,17.5,狮山街道,香洲区,珠海
70,59492,惠东,17.4,25.5,28.3,20.5,16.2,25.3,28.0,21.0,17.7,25.9,28.6,,23.1,28.6,16.2,大岭镇,惠东县,惠州
71,59493,深圳,18.7,26.4,28.8,21.8,17.5,25.9,28.5,22.2,18.8,26.4,28.4,,23.9,28.8,17.5,香蜜湖街道,福田区,深圳
72,59500,海丰,17.6,25.0,28.0,21.2,16.1,24.9,27.8,21.3,17.3,25.3,28.1,,23.0,28.1,16.1,海城镇,海丰县,汕尾
73,59501,汕尾,18.3,26.0,29.0,22.2,17.0,25.9,28.8,22.5,18.2,26.1,28.8,,23.9,29.0,17.0,香洲街道,城区,汕尾
74,59502,陆丰,17.4,25.4,28.5,21.2,16.2,25.5,28.4,21.4,17.5,25.8,28.7,,23.3,28.7,16.2,河东镇,陆丰市,汕尾
75,59650,遂溪,18.6,27.5,28.7,21.7,17.7,26.6,28.2,21.9,19.8,27.4,28.7,,24.3,28.7,17.7,遂城街道,遂溪县,湛江
76,59653,高州,18.4,26.9,28.6,21.5,17.5,26.3,28.2,21.9,19.5,26.9,28.5,,24.0,28.6,17.5,宝光街道,高州市,茂名
77,59654,廉江,18.3,27.2,28.8,21.8,17.6,26.5,28.6,22.1,19.7,27.3,28.8,,24.2,28.8,17.6,石城镇,廉江市,湛江
78,59655,化州,19.1,27.5,29.3,22.5,17.8,26.0,27.8,22.0,19.5,26.5,28.1,,24.2,29.3,17.8,丽岗镇,化州市,茂名
79,59656,吴川,18.9,27.2,29.0,22.1,17.8,26.4,28.4,22.2,19.7,27.1,29.0,,24.3,29.0,17.8,大山江街道,吴川市,湛江
80,59658,湛江,18.8,27.6,28.7,22.0,17.7,26.7,28.3,22.1,19.9,27.6,28.8,,24.4,28.8,17.7,湖光镇,麻章区,湛江
81,59659,茂名,19.0,27.2,28.9,21.9,17.9,26.6,28.4,22.2,19.8,27.1,28.7,,24.3,28.9,17.9,山阁镇,茂南区,茂名
82,59663,阳江,18.2,26.5,28.8,21.8,17.5,25.7,28.0,22.0,19.1,26.4,28.2,,23.8,28.8,17.5,城南街道,江城区,阳江
83,59664,电白,19.2,27.2,29.0,22.3,18.2,26.5,28.3,22.5,19.8,27.0,28.8,,24.4,29.0,18.2,七迳镇,电白区,茂名
84,59673,上川岛,18.4,27.0,29.1,22.1,17.6,26.2,28.9,22.4,19.3,27.0,28.8,,24.3,29.1,17.6,川岛镇,台山市,江门
85,59750,雷州,19.0,27.9,28.8,22.0,17.7,26.8,28.5,21.9,20.1,28.1,28.9,,24.5,28.9,17.7,西湖街道,雷州市,湛江
86,59754,徐闻,20.7,28.5,29.4,22.9,18.8,27.3,28.9,22.7,20.8,28.6,29.6,,25.3,29.6,18.8,南山镇,徐闻县,湛江
,,,2024 Q1,2024 Q2,2024 Q3,2024 Q4,2025 Q1,2025 Q2,2025 Q3,2025 Q4,2026 Q1,2026 Q2,2026 Q3,2026 Q4,,,,,,
,,Average,16.5,25.6,28.6,20.3,15.9,25.3,28.2,20.7,17.4,25.9,28.3,,23.0,28.6,15.9,,,
,,Max,20.7,28.5,30.1,22.9,18.8,27.3,29.6,22.8,20.8,28.6,29.7,,25.3,30.1,18.8,,,
,,Min,12.5,23.8,27.0,16.5,12.2,23.1,26.4,17.2,13.8,24.1,26.8,,20.4,27.1,12.2,,,
