No.,Station Code,Station Name,2026-9-14 9:00,2026-9-14 10:00,2026-9-14 11:00,2026-9-14 12:00,2026-9-14 13:00,2026-9-14 14:00,2026-9-14 15:00,2026-9-14 16:00,2026-9-14 17:00,2026-9-14 18:00,2026-9-14 19:00,2026-9-14 20:00,2026-9-14 21:00,2026-9-14 22:00,2026-9-14 23:00,2026-9-15 0:00,2026-9-15 1:00,2026-9-15 2:00,2026-9-15 3:00,2026-9-15 4:00,2026-9-15 5:00,2026-9-15 6:00,2026-9-15 7:00,2026-9-15 8:00,Average,Max,Min,Township,County,City
1,57988,乐昌,28.3,29.4,31.2,31.5,31.6,32.4,31.8,31.7,29.0,27.8,27.2,26.7,26.4,26.5,26.2,25.6,25.0,24.8,24.2,23.9,23.8,23.9,24.2,24.8,27.4,32.4,23.8,乐城街道,乐昌市,韶关
2,57989,仁化,27.7,30.7,31.5,31.3,30.9,31.8,32.1,31.7,32.6,30.5,28.1,26.8,26.0,25.4,24.6,23.7,23.3,22.7,22.4,21.9,21.7,21.7,22.3,24.7,26.9,32.6,21.7,丹霞街道,仁化县,韶关
3,57996,南雄,29.4,30.4,31.6,31.9,32.0,33.0,32.5,33.1,32.2,30.8,29.7,28.0,27.5,27.3,27.2,26.5,26.1,25.7,24.6,23.7,23.4,23.5,24.0,24.3,28.3,33.1,23.4,古市镇,南雄市,韶关
4,59071,连南,25.7,28.3,29.8,30.5,31.5,32.4,32.1,32.1,31.7,30.2,28.6,27.2,26.3,25.9,25.4,24.5,24.1,23.7,23.2,22.9,22.8,22.6,22.9,25.2,27.1,32.4,22.6,三江镇,连南瑶族自治县,清远
5,59072,连州,26.6,28.5,29.9,31.2,31.7,32.2,32.9,32.9,32.6,30.1,28.5,27.5,26.4,26.1,25.6,24.8,23.9,23.6,23.1,22.8,22.6,22.2,22.8,24.5,27.2,32.9,22.2,连州镇,连州市,清远
6,59074,连山,24.9,28.1,30.0,31.0,31.3,32.1,32.2,31.8,31.1,29.1,27.2,26.1,25.3,24.2,24.1,23.3,23.0,22.6,22.0,21.5,21.3,21.5,21.7,22.7,26.2,32.2,21.3,吉田镇,连山壮族瑶族自治县,清远
7,59075,阳山,27.6,28.7,30.2,31.3,33.1,32.6,30.7,27.7,29.2,28.3,27.1,26.6,26.6,26.2,26.6,25.3,24.5,23.7,23.2,22.7,22.3,22.2,22.7,23.9,26.8,33.1,22.2,七拱镇,阳山县,清远
8,59081,乳源,28.4,29.4,31.5,31.7,32.0,32.0,32.3,32.8,32.0,30.8,29.2,28.6,27.6,26.8,26.0,25.9,25.2,24.4,24.2,24.0,24.1,24.4,24.4,25.6,28.1,32.8,24.0,乳城镇,乳源瑶族自治县,韶关
9,59082,韶关,27.9,28.9,30.5,31.3,32.3,32.7,33.0,32.7,32.2,31.5,30.5,29.3,28.6,26.5,25.6,24.8,24.4,23.9,23.6,23.4,23.1,23.0,23.2,24.2,27.8,33.0,23.0,马坝镇,曲江区,韶关
10,59087,佛冈,29.7,30.8,30.8,31.4,32.7,32.4,32.6,33.4,33.0,32.5,30.3,28.6,27.5,27.0,26.4,26.3,26.3,26.1,25.2,24.4,24.8,24.8,24.6,26.4,28.7,33.4,24.4,石角镇,佛冈县,清远
11,59088,英德,29.4,30.4,30.6,31.9,33.0,33.5,34.0,34.1,33.3,32.1,30.8,30.1,28.9,28.6,28.2,27.6,27.2,27.2,26.7,25.9,25.5,25.1,25.5,27.0,29.4,34.1,25.1,英城街道,英德市,清远
12,59090,始兴,29.3,30.2,31.1,32.7,32.3,31.9,32.2,33.1,33.1,31.0,29.7,29.1,27.7,27.2,25.6,25.3,23.7,23.6,23.6,22.9,23.1,22.9,23.2,24.5,27.9,33.1,22.9,太平镇,始兴县,韶关
13,59094,翁源,28.2,28.6,29.5,30.2,32.0,31.7,31.2,32.2,32.1,30.8,29.6,28.7,28.0,27.3,26.7,26.5,26.1,24.8,25.2,24.9,24.5,24.2,24.8,25.8,28.1,32.2,24.2,龙仙镇,翁源县,韶关
14,59096,连平,28.9,28.3,29.5,30.0,30.6,32.0,31.3,30.9,30.8,29.8,28.2,26.5,26.3,26.2,26.2,26.9,26.5,25.1,23.7,23.5,22.9,22.9,23.9,25.5,27.4,32.0,22.9,元善镇,连平县,河源
15,59097,新丰,26.7,29.6,30.3,31.4,31.9,32.6,32.8,33.0,31.6,30.8,29.2,28.1,26.1,25.3,25.3,24.4,24.4,23.8,23.4,23.0,22.8,22.2,22.7,23.5,27.3,33.0,22.2,丰城街道,新丰县,韶关
16,59099,和平,28.8,28.9,29.6,29.6,30.6,31.4,31.9,31.8,31.6,30.5,29.5,28.6,28.0,28.4,27.9,27.8,27.1,26.5,25.5,24.8,24.8,25.0,25.8,26.4,28.4,31.9,24.8,阳明镇,和平县,河源
17,59106,平远,29.9,31.3,31.1,33.5,33.4,33.9,29.9,26.1,26.1,25.9,26.0,25.6,25.1,25.0,25.1,24.6,24.2,23.8,23.6,23.3,23.4,23.5,23.9,24.0,26.8,33.9,23.3,大柘镇,平远县,梅州
18,59107,龙川,27.9,29.8,30.5,31.6,28.7,25.3,28.7,30.9,31.8,26.0,25.0,25.4,25.0,24.5,24.7,24.6,24.7,24.4,24.3,23.9,23.9,23.9,24.1,25.5,26.5,31.8,23.9,老隆镇,龙川县,河源
19,59109,兴宁,29.9,31.4,32.1,33.0,29.7,28.3,31.7,29.3,30.9,27.3,26.7,25.8,25.4,25.2,24.2,24.2,23.7,23.4,23.6,23.3,23.4,23.2,23.4,24.3,26.8,33.0,23.2,叶塘镇,兴宁市,梅州
20,59114,蕉岭,28.8,29.2,30.6,32.6,32.4,33.9,31.8,28.9,29.7,28.9,27.4,26.3,25.9,25.5,24.9,24.6,24.3,24.1,23.8,23.8,23.8,23.9,24.1,25.7,27.3,33.9,23.8,蕉城镇,蕉岭县,梅州
21,59116,大埔,25.5,27.1,29.6,30.9,31.6,32.2,26.5,26.3,26.5,26.1,25.6,25.1,25.0,24.5,24.2,24.1,24.1,23.8,23.5,23.5,23.5,23.3,23.3,24.0,25.8,32.2,23.3,湖寮镇,大埔县,梅州
22,59117,梅县,29.9,29.8,31.9,32.9,34.1,34.4,34.9,33.8,24.7,25.4,25.4,25.5,25.2,24.9,25.0,24.8,24.8,24.6,24.6,24.6,24.6,24.5,25.0,25.7,27.5,34.9,24.5,程江镇,梅县区,梅州
23,59264,封开,25.4,27.4,29.7,30.7,30.4,31.5,32.3,31.7,31.6,30.9,29.0,26.8,26.3,25.2,24.9,24.2,24.4,23.9,23.7,23.6,23.3,23.2,23.5,24.6,27.0,32.3,23.2,江口镇,封开县,肇庆
24,59268,郁南,25.8,28.6,30.3,31.4,31.8,26.6,29.5,30.1,31.7,30.5,26.4,25.0,24.1,24.0,24.4,24.2,24.0,23.8,23.6,23.5,23.5,23.5,23.7,24.1,26.4,31.8,23.5,都城镇,郁南县,云浮
25,59269,德庆,25.6,27.7,29.6,30.9,29.6,29.0,32.3,31.4,30.0,25.6,24.2,24.3,24.0,23.8,23.9,24.0,23.8,23.8,23.7,23.4,23.4,23.4,23.5,23.8,26.0,32.3,23.4,新圩镇,德庆县,肇庆
26,59270,怀集,26.5,28.3,29.9,31.2,32.1,32.3,33.5,33.8,33.9,29.4,26.9,26.7,26.3,26.1,25.9,25.8,25.1,24.4,24.2,23.7,23.4,23.5,23.6,25.2,27.6,33.9,23.4,怀城街道,怀集县,肇庆
27,59271,广宁,27.4,28.4,29.5,30.4,31.3,32.2,33.2,33.7,33.2,32.7,30.4,28.8,28.1,27.5,25.2,25.2,24.7,24.5,24.4,24.2,23.9,24.0,24.1,24.8,28.0,33.7,23.9,南街镇,广宁县,肇庆
28,59276,四会,26.7,28.8,30.3,29.9,31.6,32.2,32.7,32.8,32.9,31.4,28.8,27.9,27.6,27.1,27.3,26.4,25.7,25.1,24.8,24.8,24.3,24.4,24.7,25.3,28.1,32.9,24.3,贞山街道,四会市,肇庆
29,59278,高要,26.3,28.4,30.5,30.4,31.2,31.6,32.1,32.5,31.7,27.2,25.7,25.6,25.9,25.5,25.7,25.6,25.4,25.1,24.9,24.7,24.7,24.5,24.7,25.5,27.3,32.5,24.5,莲塘镇,高要区,肇庆
30,59279,三水,29.1,30.2,30.7,31.7,32.3,32.7,33.3,33.5,28.7,27.9,27.0,27.9,27.6,27.5,27.2,27.1,26.6,26.1,25.8,26.1,25.7,25.9,26.2,26.9,28.5,33.5,25.7,云东海街道,三水区,佛山
31,59280,清远,29.7,29.7,30.0,31.1,32.1,32.3,33.1,33.4,32.6,32.1,30.9,30.2,30.4,29.2,29.0,29.0,27.6,27.5,26.9,27.1,26.6,26.0,26.8,27.0,29.6,33.4,26.0,东城街道,清城区,清远
32,59284,花都,30.3,30.5,31.7,32.4,32.5,34.2,33.1,33.4,31.8,30.4,29.2,28.8,28.7,28.5,27.6,27.7,27.6,27.5,27.1,27.1,26.7,26.4,26.7,27.4,29.5,34.2,26.4,花城街道,花都区,广州
33,59285,从化,29.0,29.8,29.9,30.7,30.6,31.6,26.8,27.2,28.5,28.9,27.7,27.6,26.4,26.4,26.1,25.8,25.2,25.0,24.8,24.7,24.4,24.3,24.3,24.8,27.1,31.6,24.3,江埔街道,从化区,广州
34,59287,广州,29.2,30.5,31.3,32.1,33.3,31.8,33.1,28.3,27.3,27.4,27.1,26.4,26.9,26.2,25.8,25.4,25.2,25.0,24.7,24.5,24.2,24.3,24.5,25.6,27.5,33.3,24.2,长岭街道,黄埔区,广州
35,59288,南海,29.2,30.3,30.7,31.9,32.6,32.6,32.7,28.7,25.2,25.3,26.2,26.3,26.4,26.4,26.5,26.4,26.3,26.1,26.0,26.0,25.8,25.8,26.2,26.9,27.8,32.7,25.2,狮山镇,南海区,佛山
36,59289,东莞,29.1,29.7,30.3,30.8,32.1,31.7,25.8,25.9,26.2,26.2,26.4,26.1,23.7,23.6,24.0,24.4,24.3,24.5,24.4,24.7,25.0,25.2,25.4,26.1,26.5,32.1,23.6,南城街道,东莞市,东莞
37,59290,龙门,29.2,30.6,31.1,31.4,30.8,32.8,33.3,33.3,32.6,32.5,28.4,26.9,25.8,25.3,24.8,24.9,24.8,24.5,24.3,24.0,23.7,23.7,23.8,24.6,27.8,33.3,23.7,龙田镇,龙门县,惠州
38,59293,河源,28.5,30.1,30.2,31.1,32.8,33.0,32.0,31.9,31.1,28.6,27.6,27.6,26.7,26.0,25.7,25.4,25.3,25.4,24.6,24.1,23.7,23.5,23.9,25.3,27.7,33.0,23.5,仙塘镇,东源县,河源
39,59294,增城,28.6,29.2,31.3,31.9,33.1,32.1,31.4,32.6,30.4,29.8,28.0,27.8,25.8,25.1,25.0,25.3,25.1,24.9,24.7,24.5,24.3,24.4,24.6,25.4,27.7,33.1,24.3,荔城街道,增城区,广州
40,59297,博罗,28.0,29.0,30.7,30.9,27.6,27.9,31.6,32.1,30.4,29.4,25.8,25.3,25.3,25.1,25.3,25.0,25.0,24.9,24.5,24.4,24.2,24.2,24.7,25.4,26.9,32.1,24.2,罗阳街道,博罗县,惠州
41,59298,惠阳,27.9,28.4,29.4,30.8,31.4,30.5,30.4,32.3,31.3,24.5,24.5,24.8,24.6,24.9,25.3,24.7,24.9,24.9,24.6,24.6,24.7,24.6,24.8,25.8,26.9,32.3,24.5,龙丰街道,惠城区,惠州
42,59303,五华,27.8,29.6,30.5,31.6,32.5,32.4,29.3,29.9,31.9,28.1,25.0,25.0,25.1,24.8,24.5,24.1,24.3,24.2,23.9,23.8,23.6,23.6,24.0,25.0,26.9,32.5,23.6,水寨镇,五华县,梅州
43,59304,紫金,27.4,28.2,29.3,30.5,30.8,32.3,28.9,26.8,29.7,29.0,27.4,24.4,24.4,23.9,23.9,23.7,23.4,23.5,23.3,23.3,23.2,22.6,22.9,24.1,26.1,32.3,22.6,紫城镇,紫金县,河源
44,59306,揭西,28.9,30.0,30.6,31.9,32.6,30.8,31.5,33.6,30.3,25.8,25.7,26.0,25.2,25.1,25.2,25.2,24.9,24.8,24.5,24.5,24.7,24.7,25.0,26.5,27.4,33.6,24.5,河婆街道,揭西县,揭阳
45,59310,丰顺,27.9,29.7,30.4,32.3,33.3,34.3,34.2,33.0,30.4,26.9,25.1,25.6,25.5,25.6,25.6,25.4,25.2,25.4,25.4,25.2,25.2,25.3,25.5,27.4,27.9,34.3,25.1,汤坑镇,丰顺县,梅州
46,59312,潮州,28.4,29.2,31.0,31.0,31.5,32.8,31.6,31.2,30.3,28.2,27.0,26.6,26.7,26.3,25.8,26.0,25.8,25.9,25.7,25.8,25.2,24.4,24.3,27.1,27.8,32.8,24.3,红山农场,湘桥区,潮州
47,59313,饶平,28.4,30.7,31.4,31.4,32.1,32.3,31.8,30.6,29.6,28.6,27.6,27.5,27.2,27.0,26.7,26.5,26.6,26.5,26.1,26.0,25.5,25.4,26.3,28.1,28.3,32.3,25.4,黄冈镇,饶平县,潮州
48,59314,普宁,26.2,28.4,30.2,30.9,32.5,32.6,32.0,31.0,29.6,29.0,28.7,28.6,28.2,27.5,27.4,26.6,26.2,25.7,25.4,25.3,25.4,25.4,25.5,27.0,28.1,32.6,25.3,大坝镇,普宁市,揭阳
49,59315,揭阳,27.8,29.3,30.7,30.8,32.8,33.9,32.4,31.2,30.6,29.7,28.8,28.8,28.0,27.4,27.2,27.1,26.3,26.4,26.3,26.4,26.1,25.7,26.2,28.3,28.7,33.9,25.7,曲溪街道,揭东区,揭阳
50,59316,汕头,29.2,30.6,30.0,30.5,32.0,32.2,31.8,32.1,30.7,30.2,29.7,29.3,28.9,28.9,28.8,28.7,28.6,28.5,28.5,28.4,28.4,28.1,27.9,29.5,29.6,32.2,27.9,岐山街道,金平区,汕头
51,59317,惠来,29.5,30.1,31.5,29.8,30.2,31.0,30.9,30.7,29.8,28.2,27.2,27.2,27.1,27.1,27.0,26.9,26.5,26.4,26.4,26.2,26.3,26.3,26.4,28.6,28.2,31.5,26.2,神泉镇,惠来县,揭阳
52,59318,潮阳,28.4,29.1,29.9,31.5,30.3,31.0,30.4,30.1,29.1,27.5,27.3,27.1,27.1,27.1,27.1,26.7,26.6,26.4,26.4,26.7,26.8,26.4,27.0,28.4,28.1,31.5,26.4,河溪镇,潮阳区,汕头
53,59319,澄海,28.3,29.8,30.7,30.3,31.7,31.9,31.4,30.3,29.1,28.1,27.7,27.7,27.7,27.4,27.1,27.4,27.2,27.1,27.0,26.8,26.4,26.3,26.4,28.6,28.4,31.9,26.3,上华镇,澄海区,汕头
54,59324,南澳,29.6,30.9,31.0,30.9,32.2,31.7,31.3,30.7,29.7,28.2,28.0,28.0,27.7,27.8,27.6,27.3,27.2,27.1,27.0,27.0,26.9,26.4,27.1,28.2,28.7,32.2,26.4,后宅镇,南澳县,汕头
55,59456,信宜,27.2,28.2,30.4,30.4,25.1,25.1,25.2,25.2,25.0,25.0,24.9,24.7,24.6,24.8,24.8,24.6,24.6,24.5,24.5,24.6,24.2,24.1,24.3,25.0,25.5,30.4,24.1,东镇街道,信宜市,茂名
56,59462,罗定,25.9,27.3,28.8,30.6,31.5,31.5,32.0,25.9,25.9,25.0,24.2,24.0,23.8,24.0,23.9,24.0,23.9,23.8,23.7,23.5,23.4,23.3,23.5,24.0,25.7,32.0,23.3,素龙街道,罗定市,云浮
57,59469,阳春,26.9,28.2,29.6,30.2,30.1,28.9,27.3,24.8,24.3,23.5,23.4,23.6,23.8,24.1,23.6,23.8,23.7,23.6,23.5,23.5,23.4,23.5,23.5,24.2,25.2,30.2,23.4,春城街道,阳春市,阳江
58,59470,新兴,25.7,29.1,28.9,31.1,30.6,31.5,31.7,30.7,26.4,25.3,25.4,25.1,25.1,25.0,25.0,24.6,24.5,24.2,24.0,23.8,23.7,23.8,24.0,24.6,26.4,31.7,23.7,车岗镇,新兴县,云浮
59,59471,云浮,25.7,27.4,28.5,30.0,30.3,30.8,30.7,30.5,25.3,25.2,24.8,25.0,24.6,24.0,24.5,24.3,24.0,23.9,23.7,23.4,23.5,23.6,23.5,24.3,25.9,30.8,23.4,云城街道,云城区,云浮
60,59473,鹤山,27.8,28.6,30.4,30.8,26.8,29.2,25.1,26.1,25.4,25.5,25.5,25.4,25.4,25.2,25.3,25.2,25.4,25.2,25.2,25.2,25.2,25.1,25.3,26.1,26.3,30.8,25.1,雅瑶镇,鹤山市,江门
61,59475,开平,28.8,29.1,30.4,31.2,30.8,32.1,25.3,26.4,26.2,25.8,25.5,25.5,25.4,25.4,25.3,25.2,25.1,25.1,25.0,25.1,25.2,25.4,25.3,25.7,26.7,32.1,25.0,长沙街道,开平市,江门
62,59476,新会,28.4,29.1,30.2,31.8,29.4,26.1,27.2,28.0,27.3,27.1,26.8,26.5,26.4,26.3,26.3,25.9,25.9,26.2,26.2,25.9,25.8,25.5,25.4,26.6,27.1,31.8,25.4,会城街道,新会区,江门
63,59477,恩平,27.1,28.8,29.9,31.0,31.9,32.3,31.3,23.6,24.2,24.3,24.6,24.5,24.6,24.3,24.7,24.5,24.5,24.3,24.2,24.2,23.9,24.0,24.1,24.4,26.1,32.3,23.6,大田镇,恩平市,江门
64,59478,台山,28.6,29.8,30.7,31.2,32.0,31.7,25.0,25.2,25.5,25.5,25.6,25.5,25.6,25.5,25.2,25.4,25.5,25.3,25.2,25.4,25.1,24.9,24.9,25.8,26.7,32.0,24.9,台城街道,台山市,江门
65,59480,顺德,28.2,31.3,30.4,31.6,31.8,28.2,27.1,23.2,24.8,25.3,25.3,25.5,25.6,25.4,25.9,25.7,25.7,24.8,25.2,25.5,25.4,25.7,25.8,26.4,26.7,31.8,23.2,大良街道,顺德区,佛山
66,59481,番禺,29.3,30.1,31.7,30.6,31.1,32.2,25.3,24.1,24.4,24.9,25.9,25.6,25.7,25.4,26.0,26.0,25.4,25.7,25.6,25.7,25.4,25.9,25.8,26.6,26.9,32.2,24.1,东环街道,番禺区,广州
67,59485,中山,28.1,29.2,29.7,29.3,30.6,25.1,24.7,24.7,25.2,25.3,25.0,25.1,25.1,24.9,24.7,25.3,24.6,23.7,23.8,24.0,24.1,24.2,24.4,25.2,25.7,30.6,23.7,东区街道,中山市,中山
68,59487,斗门,28.9,29.3,30.4,30.9,28.5,29.6,27.2,25.7,26.3,26.5,26.3,26.2,26.2,26.2,25.9,26.0,25.9,25.2,24.7,24.9,24.9,24.9,25.2,26.4,26.8,30.9,24.7,白蕉镇,斗门区,珠海
69,59488,珠海,29.5,29.3,31.1,31.1,31.0,29.4,27.8,27.7,28.4,27.9,27.2,27.1,27.0,27.0,27.1,27.0,26.6,25.6,25.4,25.4,25.2,25.1,25.4,26.0,27.5,31.1,25.1,狮山街道,香洲区,珠海
70,59492,惠东,27.0,28.8,29.7,31.0,31.5,32.2,31.7,32.6,30.8,24.9,24.6,24.3,24.8,24.7,25.0,25.0,25.0,24.8,24.7,24.8,24.9,24.8,25.0,25.7,27.0,32.6,24.3,大岭镇,惠东县,惠州
71,59493,深圳,28.2,29.5,31.1,31.2,25.8,25.0,25.5,26.7,26.4,26.6,26.2,25.7,24.7,24.6,24.4,24.4,24.4,24.3,24.8,25.0,24.5,24.9,25.2,26.0,26.0,31.2,24.3,香蜜湖街道,福田区,深圳
72,59500,海丰,28.0,29.9,30.6,32.8,32.9,32.7,32.4,29.7,28.2,27.6,27.5,27.4,26.9,26.6,26.0,25.5,25.4,25.1,25.0,24.6,24.9,25.0,25.5,27.5,27.8,32.9,24.6,海城镇,海丰县,汕尾
73,59501,汕尾,28.7,29.4,29.7,29.5,30.5,29.4,30.2,29.4,28.9,28.8,28.5,28.3,28.3,27.1,26.7,26.5,26.7,26.7,26.7,26.9,25.6,26.1,27.2,28.6,28.1,30.5,25.6,香洲街道,城区,汕尾
74,59502,陆丰,28.4,30.8,31.2,32.3,32.8,32.0,30.6,29.2,28.6,28.1,28.1,27.6,27.2,26.4,26.2,26.0,25.9,25.6,25.7,25.7,25.6,25.4,25.9,27.2,28.0,32.8,25.4,河东镇,陆丰市,汕尾
75,59650,遂溪,25.7,26.4,27.0,28.0,28.6,28.7,28.9,28.8,28.6,28.3,27.7,27.1,25.7,25.5,25.2,25.1,24.9,24.5,24.5,24.5,24.7,24.7,24.8,25.3,26.4,28.9,24.5,遂城街道,遂溪县,湛江
76,59653,高州,27.1,29.3,30.8,30.1,30.7,30.7,29.0,24.9,24.5,24.6,24.8,24.8,24.7,24.7,24.6,24.6,24.4,24.2,24.3,24.3,24.2,24.1,24.3,24.6,26.0,30.8,24.1,宝光街道,高州市,茂名
77,59654,廉江,26.5,27.4,27.7,28.8,29.2,29.1,28.0,29.4,29.2,27.3,25.8,25.3,25.3,25.3,25.3,25.2,24.9,24.9,24.9,24.9,24.7,24.6,24.7,25.4,26.4,29.4,24.6,石城镇,廉江市,湛江
78,59655,化州,26.5,28.3,28.9,28.7,27.2,29.0,29.4,29.2,26.4,25.7,25.0,24.6,24.8,24.7,24.7,24.7,24.5,24.5,24.7,24.9,24.5,24.7,24.5,25.0,26.0,29.4,24.5,丽岗镇,化州市,茂名
79,59656,吴川,27.3,28.2,29.0,29.1,30.0,29.2,29.0,28.7,29.2,28.5,27.7,26.5,26.1,25.9,25.8,25.5,25.4,25.2,25.3,25.1,25.0,24.9,25.1,25.6,27.0,30.0,24.9,大山江街道,吴川市,湛江
80,59658,湛江,26.1,26.9,27.4,27.7,27.9,27.8,28.0,28.0,27.7,27.3,26.8,26.6,26.5,26.6,26.3,25.7,25.6,25.6,25.4,25.5,25.2,24.9,25.0,26.3,26.5,28.0,24.9,湖光镇,麻章区,湛江
81,59659,茂名,27.1,29.4,30.8,30.5,31.0,31.7,28.0,27.2,25.7,25.6,25.2,25.2,25.0,25.1,24.9,24.7,24.6,24.3,24.3,24.4,24.2,24.4,24.5,25.0,26.4,31.7,24.2,山阁镇,茂南区,茂名
82,59663,阳江,27.5,28.9,29.9,30.4,30.4,26.1,27.2,27.9,27.3,24.8,24.9,25.0,24.9,24.8,25.0,24.7,24.3,24.1,24.3,24.3,24.6,24.5,24.3,24.7,26.0,30.4,24.1,城南街道,江城区,阳江
83,59664,电白,26.9,28.6,29.5,29.6,30.2,30.2,30.0,29.4,29.2,27.2,25.9,25.7,25.8,25.7,25.6,25.6,25.3,25.1,24.8,24.6,24.6,24.6,24.7,25.3,26.8,30.2,24.6,七迳镇,电白区,茂名
84,59673,上川岛,28.6,29.2,29.9,30.3,29.6,29.3,29.3,28.5,28.2,27.9,27.5,27.3,27.0,26.9,26.4,26.0,26.1,25.9,26.0,26.3,24.9,24.6,24.8,25.3,27.3,30.3,24.6,川岛镇,台山市,江门
85,59750,雷州,26.0,26.6,27.0,27.3,27.4,28.0,27.6,27.7,27.7,27.5,27.1,26.8,26.5,26.4,26.3,26.4,26.1,25.6,25.5,25.3,25.1,24.9,25.0,25.9,26.5,28.0,24.9,西湖街道,雷州市,湛江
86,59754,徐闻,26.8,27.2,27.1,27.3,27.6,27.8,27.8,27.9,27.7,27.6,27.2,27.0,26.8,26.7,26.7,26.8,26.7,26.9,26.8,26.5,26.3,26.1,25.9,27.0,27.0,27.9,25.9,南山镇,徐闻县,湛江
,,,2026-9-14 9:00,2026-9-14 10:00,2026-9-14 11:00,2026-9-14 12:00,2026-9-14 13:00,2026-9-14 14:00,2026-9-14 15:00,2026-9-14 16:00,2026-9-14 17:00,2026-9-14 18:00,2026-9-14 19:00,2026-9-14 20:00,2026-9-14 21:00,2026-9-14 22:00,2026-9-14 23:00,2026-9-15 0:00,2026-9-15 1:00,2026-9-15 2:00,2026-9-15 3:00,2026-9-15 4:00,2026-9-15 5:00,2026-9-15 6:00,2026-9-15 7:00,2026-9-15 8:00,,,,,,
,,Average,27.9,29.2,30.2,30.9,31.0,31.0,30.4,29.8,29.2,28.0,27.0,26.6,26.2,25.9,25.7,25.5,25.3,25.0,24.8,24.7,24.5,24.4,24.7,25.7,27.2,32.1,24.3,,,
,,Max,30.3,31.4,32.1,33.5,34.1,34.4,34.9,34.1,33.9,32.7,30.9,30.2,30.4,29.2,29.0,29.0,28.6,28.5,28.5,28.4,28.4,28.1,27.9,29.5,29.6,34.9,27.9,,,
,,Min,24.9,26.4,27.0,27.3,25.1,25.0,24.7,23.2,24.2,23.5,23.4,23.6,23.7,23.6,23.6,23.3,23.0,22.6,22.0,21.5,21.3,21.5,21.7,22.7,25.2,27.9,21.3,,,
