"V_PRCODE","REGION","CITY","COUNTY","TOWN","STACODE","STANAME","LONGITUDE","LATITUDE","DATESTT","INLAND","V02301"
广东,粤北,韶关,乐昌市,乐城街道,"57988",乐昌,113.437864,25.114294,1959-01-01 00:00:00,1,"A,K,Q,l"
广东,粤北,韶关,仁化县,丹霞街道,"57989",仁化,113.743206,25.060105,1962-01-01 00:00:00,1,"A,I,K,Q,R1,d,k,l"
广东,粤北,韶关,南雄市,古市镇,"57996",南雄,114.161078,24.992917,1955-01-01 00:00:00,1,"A,I,K,Q,d,k,l"
广东,粤北,清远,连南瑶族自治县,三江镇,"59071",连南,112.197681,24.71775,1962-01-01 00:00:00,1,"A,K,Q,l"
广东,粤北,清远,连州市,连州镇,"59072",连州,112.469881,24.784951,1953-01-01 00:00:00,1,"A,I,K,Q,R1,d,k,l"
广东,粤北,清远,连山壮族瑶族自治县,吉田镇,"59074",连山,112.024937,24.535603,1962-01-01 00:00:00,1,"A,K,Q,e,l"
广东,粤北,清远,阳山县,七拱镇,"59075",阳山,112.656596,24.23686,1957-01-01 00:00:00,1,"A,K,Q,l"
广东,粤北,韶关,乳源瑶族自治县,乳城镇,"59081",乳源,113.239311,24.815267,1965-01-01 00:00:00,1,"A,K,Q,l"
广东,粤北,韶关,曲江区,马坝镇,"59082",韶关,113.632974,24.631289,1951-01-01 00:00:00,1,"A,I,K,Q,R1,Y,l"
广东,粤北,清远,佛冈县,石角镇,"59087",佛冈,113.42342,23.799617,1957-01-01 00:00:00,1,"A,K,Q,d,l"
广东,粤北,清远,英德市,英城街道,"59088",英德,113.376222,24.212924,1960-01-01 00:00:00,1,"A,K,Q,k,l"
广东,粤北,韶关,始兴县,太平镇,"59090",始兴,114.034031,25.005785,1965-01-01 00:00:00,1,"A,I,K,Q,l"
广东,粤北,韶关,翁源县,龙仙镇,"59094",翁源,114.132058,24.294523,1959-01-01 00:00:00,1,"A,K,Q,l"
广东,粤北,河源,连平县,元善镇,"59096",连平,114.529447,24.326615,1953-01-01 00:00:00,1,"A,I,K,Q,l"
广东,粤北,韶关,新丰县,丰城街道,"59097",新丰,114.133196,24.043085,1959-01-01 00:00:00,1,"A,K,Q,R1,d,l"
广东,粤北,河源,和平县,阳明镇,"59099",和平,114.870877,24.404001,1957-01-01 00:00:00,1,"A,K,Q,k,l"
广东,粤北,梅州,平远县,大柘镇,"59106",平远,115.775846,24.546255,1960-01-01 00:00:00,1,"A,K,Q,d,l"
广东,粤北,河源,龙川县,老隆镇,"59107",龙川,115.185319,24.140942,1960-01-01 00:00:00,1,"A,K,Q,d,l"
广东,粤北,梅州,兴宁市,叶塘镇,"59109",兴宁,115.636331,24.282283,1959-01-01 00:00:00,1,"A,K,Q,l,z94"
广东,粤北,梅州,蕉岭县,蕉城镇,"59114",蕉岭,116.262781,24.647847,1965-01-01 00:00:00,1,"A,K,Q,k,l"
广东,粤北,梅州,大埔县,湖寮镇,"59116",大埔,116.685328,24.381843,1958-01-01 00:00:00,1,"A,K,Q,e"
广东,粤北,梅州,梅县区,程江镇,"59117",梅县,115.985437,24.314607,1953-01-01 00:00:00,1,"A,I,K,Q,R1,l,p,r"
广东,珠三角,肇庆,封开县,江口镇,"59264",封开,111.433565,23.34267,1962-01-01 00:00:00,1,"A,I,K,Q,l"
广东,粤西,云浮,郁南县,都城镇,"59268",郁南,111.529184,23.30405,1962-01-01 00:00:00,1,"A,I,K,Q,k,l"
广东,珠三角,肇庆,德庆县,新圩镇,"59269",德庆,111.870183,23.173665,1957-01-01 00:00:00,1,"A,K,Q,l"
广东,珠三角,肇庆,怀集县,怀城街道,"59270",怀集,112.22374,24.006235,1957-01-01 00:00:00,1,"A,K,Q,k,l"
广东,珠三角,肇庆,广宁县,南街镇,"59271",广宁,112.37257,23.576538,1957-01-01 00:00:00,1,"A,I,K,Q,l"
广东,珠三角,肇庆,四会市,贞山街道,"59276",四会,112.646012,23.375994,1959-01-01 00:00:00,1,"A,K,Q,l"
广东,珠三角,肇庆,高要区,莲塘镇,"59278",高要,112.509326,23.020593,1954-01-01 00:00:00,1,"A,I,K,Q,R1,Y,e,l"
广东,珠三角,佛山,三水区,云东海街道,"59279",三水,112.789352,23.162942,1957-01-01 00:00:00,1,"A,K,Q,l"
广东,粤北,清远,清城区,东城街道,"59280",清远,113.016681,23.644685,1957-01-01 00:00:00,1,"A,K,L,P,Q,R1,Y,d,k,l"
广东,珠三角,广州,花都区,花城街道,"59284",花都,113.179256,23.515772,1959-01-01 00:00:00,1,"A,K,Q,k,l"
广东,珠三角,广州,从化区,江埔街道,"59285",从化,113.572028,23.516689,1959-01-01 00:00:00,1,"A,I,K,Q,k,l"
广东,珠三角,广州,黄埔区,长岭街道,"59287",广州,113.574528,23.297741,1951-01-01 00:00:00,1,"A,K,Q,R0,S,Y,d,k,l,z"
广东,珠三角,佛山,南海区,狮山镇,"59288",南海,112.90997,23.170334,1957-01-01 00:00:00,1,"A,I,K,Q,Y,d,e,l,z96"
广东,珠三角,东莞,东莞市,南城街道,"59289",东莞,113.730106,23.063686,1957-01-01 00:00:00,1,"A,I,K,Q,R0,Y,l"
广东,珠三角,惠州,龙门县,龙田镇,"59290",龙门,114.298963,23.74613,1959-01-01 00:00:00,1,"A,I,K,Q,R1,d,k,l"
广东,粤北,河源,东源县,仙塘镇,"59293",河源,114.852917,23.771666,1953-01-01 00:00:00,1,"A,K,L,P,Q,R1,Y,k,l"
广东,珠三角,广州,增城区,荔城街道,"59294",增城,113.810373,23.290835,1958-01-01 00:00:00,1,"A,K,Q,k,l"
广东,珠三角,惠州,博罗县,罗阳街道,"59297",博罗,114.211665,23.174462,1957-01-01 00:00:00,1,"A,K,Q,R0,e,k,l"
广东,珠三角,惠州,惠城区,龙丰街道,"59298",惠阳,114.317421,23.139172,1953-01-01 00:00:00,1,"A,K,Q,R1,Y,d,l"
广东,粤北,梅州,五华县,水寨镇,"59303",五华,115.793439,23.902249,1957-01-01 00:00:00,1,"A,I,K,Q,k,l,p,r"
广东,粤北,河源,紫金县,紫城镇,"59304",紫金,115.136019,23.590287,1957-01-01 00:00:00,1,"A,I,K,Q,l"
广东,粤东,揭阳,揭西县,河婆街道,"59306",揭西,115.749419,23.514696,1967-01-01 00:00:00,1,"A,K,Q,e,l"
广东,粤北,梅州,丰顺县,汤坑镇,"59310",丰顺,116.259565,23.683348,1958-01-01 00:00:00,1,"A,K,Q,l"
广东,粤东,潮州,湘桥区,红山农场,"59312",潮州,116.716387,23.627039,1957-01-01 00:00:00,1,"A,K,Q,R1,e,k,l"
广东,粤东,潮州,饶平县,黄冈镇,"59313",饶平,117.076955,23.664381,1956-01-01 00:00:00,1,"A,I,K,Q,l"
广东,粤东,揭阳,普宁市,大坝镇,"59314",普宁,116.10455,23.44941,1959-01-01 00:00:00,1,"A,I,K,Q,l"
广东,粤东,揭阳,揭东区,曲溪街道,"59315",揭阳,116.347893,23.544351,1955-01-01 00:00:00,1,"A,K,Q,R1,l"
广东,粤东,汕头,金平区,岐山街道,"59316",汕头,116.734085,23.320947,1951-01-01 00:00:00,1,"A,K,L,P,Q,R1,S,k,l"
广东,粤东,揭阳,惠来县,神泉镇,"59317",惠来,116.268167,23.066532,1956-01-01 00:00:00,1,"A,K,k,l"
广东,粤东,汕头,潮阳区,河溪镇,"59318",潮阳,116.645928,23.242997,1959-01-01 00:00:00,1,"A,I,K,Q,l"
广东,粤东,汕头,澄海区,上华镇,"59319",澄海,116.711581,23.446159,1959-01-01 00:00:00,1,"A,K,Q,l"
广东,粤东,汕头,南澳县,后宅镇,"59324",南澳,117.018025,23.395417,1957-01-01 00:00:00,1,"A,K,Q,k,l"
广东,粤西,茂名,信宜市,东镇街道,"59456",信宜,110.841159,22.288621,1954-01-01 00:00:00,1,"A,I,K,Q,R1,k,l"
广东,粤西,云浮,罗定市,素龙街道,"59462",罗定,111.689682,22.796712,1958-01-01 00:00:00,1,"A,I,K,Q,k,l"
广东,粤西,阳江,阳春市,春城街道,"59469",阳春,111.775024,22.082039,1957-01-01 00:00:00,1,"A,K,Q,k,l"
广东,粤西,云浮,新兴县,车岗镇,"59470",新兴,112.261202,22.840867,1958-01-01 00:00:00,1,"A,K,Q,l"
广东,粤西,云浮,云城区,云城街道,"59471",云浮,111.993551,22.912267,1965-01-01 00:00:00,1,"A,K,Q,R1,Y,l"
广东,珠三角,江门,鹤山市,雅瑶镇,"59473",鹤山,112.999894,22.696533,1959-01-01 00:00:00,1,"A,K,Q,l"
广东,珠三角,江门,开平市,长沙街道,"59475",开平,112.620905,22.407141,1959-01-01 00:00:00,1,"A,K,Q,R1,Y,e,l"
广东,珠三角,江门,新会区,会城街道,"59476",新会,113.121877,22.500356,1957-01-01 00:00:00,1,"A,K,Q,R1,k,l"
广东,珠三角,江门,恩平市,大田镇,"59477",恩平,112.15619,22.32872,1962-01-01 00:00:00,1,"A,K,Q,d,l"
广东,珠三角,江门,台山市,台城街道,"59478",台山,112.872499,22.215238,1953-01-01 00:00:00,1,"A,I,K,Q,l,p,r"
广东,珠三角,佛山,顺德区,大良街道,"59480",顺德,113.254313,22.727524,1959-01-01 00:00:00,1,"A,K,Q,l"
广东,珠三角,广州,番禺区,东环街道,"59481",番禺,113.425002,22.996641,1960-01-01 00:00:00,1,"A,I,K,Q,R0,l"
广东,珠三角,中山,中山市,东区街道,"59485",中山,113.389618,22.491683,1955-01-01 00:00:00,1,"A,I,K,Q,R1,S,Y,e,k,l"
广东,珠三角,珠海,斗门区,白蕉镇,"59487",斗门,113.281035,22.295161,1967-01-01 00:00:00,1,"A,K,Q,l"
广东,珠三角,珠海,香洲区,狮山街道,"59488",珠海,113.545707,22.19228,1962-01-01 00:00:00,1,"A,K,Q,R1,S,Y,e,k,l"
广东,珠三角,惠州,惠东县,大岭镇,"59492",惠东,114.640895,23.026282,1962-01-01 00:00:00,1,"A,K,Q,l"
广东,珠三角,深圳,福田区,香蜜湖街道,"59493",深圳,113.992454,22.596803,1953-01-01 00:00:00,1,"A,K,Q,R0,S,Y"
广东,粤东,汕尾,海丰县,海城镇,"59500",海丰,115.26192,22.967575,1960-01-01 00:00:00,1,"0,A,K,Q,R1,k,l"
广东,粤东,汕尾,城区,香洲街道,"59501",汕尾,115.27063,22.771139,1953-01-01 00:00:00,1,"A,K,Q,l"
广东,粤东,汕尾,陆丰市,河东镇,"59502",陆丰,115.733285,22.994332,1959-01-01 00:00:00,1,"A,I,K,Q,l"
广东,粤西,湛江,遂溪县,遂城街道,"59650",遂溪,110.259863,21.415526,1961-01-01 00:00:00,1,"A,K,Q,l"
广东,粤西,茂名,高州市,宝光街道,"59653",高州,110.939874,21.917176,1958-01-01 00:00:00,1,"A,K,Q,l"
广东,粤西,湛江,廉江市,石城镇,"59654",廉江,110.372953,21.540409,1957-01-01 00:00:00,1,"A,K,Q,l"
广东,粤西,茂名,化州市,丽岗镇,"59655",化州,110.547296,21.692474,1956-01-01 00:00:00,1,"A,I,K,Q,l,z94"
广东,粤西,湛江,吴川市,大山江街道,"59656",吴川,110.806316,21.485758,1962-01-01 00:00:00,1,"A,K,Q,l"
广东,粤西,湛江,麻章区,湖光镇,"59658",湛江,110.277334,21.198426,1951-01-01 00:00:00,1,"A,K,Q,R1,S,k,l"
广东,粤西,茂名,茂南区,山阁镇,"59659",茂名,110.850667,21.807459,1973-01-01 00:00:00,1,"A,K,Q,R1,l"
广东,粤西,阳江,江城区,城南街道,"59663",阳江,112.040289,21.893345,1953-01-01 00:00:00,1,"A,I,K,L,P,Q,R1,d,e,l"
广东,粤西,茂名,电白区,七迳镇,"59664",电白,111.07746,21.570781,1957-01-01 00:00:00,1,"A,K,Q,d,e,k,l"
广东,珠三角,江门,台山市,川岛镇,"59673",上川岛,112.838419,21.696277,1958-01-01 00:00:00,1,"A,K,Q,k,l"
广东,粤西,湛江,雷州市,西湖街道,"59750",雷州,110.037104,20.887503,1960-01-01 00:00:00,1,"A,K,Q,l"
广东,粤西,湛江,徐闻县,南山镇,"59754",徐闻,110.192228,20.293623,1957-01-01 00:00:00,1,"A,I,K,Q,k,l,z96"
