"V_PRCODE","REGION","V_CITY","V_COUNTY","V_TOWN"
广东,珠三角,东莞,东莞市,东城街道
广东,珠三角,东莞,东莞市,高埗镇
广东,珠三角,东莞,东莞市,清溪镇
广东,珠三角,东莞,东莞市,莞城街道
广东,珠三角,东莞,东莞市,洪梅镇
广东,珠三角,东莞,东莞市,石碣镇
广东,珠三角,东莞,东莞市,樟木头镇
广东,珠三角,东莞,东莞市,中堂镇
广东,珠三角,东莞,东莞市,厚街镇
广东,珠三角,东莞,东莞市,茶山镇
广东,珠三角,东莞,东莞市,生态园
广东,珠三角,东莞,东莞市,常平镇
广东,珠三角,东莞,东莞市,望牛墩镇
广东,珠三角,东莞,东莞市,沙田镇
广东,珠三角,东莞,东莞市,东坑镇
广东,珠三角,东莞,东莞市,大岭山镇
广东,珠三角,东莞,东莞市,大朗镇
广东,珠三角,东莞,东莞市,桥头镇
广东,珠三角,东莞,东莞市,塘厦镇
广东,珠三角,东莞,东莞市,麻涌镇
广东,珠三角,东莞,东莞市,石排镇
广东,珠三角,东莞,东莞市,虎门镇
广东,珠三角,东莞,东莞市,南城街道
广东,珠三角,东莞,东莞市,滨海湾
广东,珠三角,东莞,东莞市,黄江镇
广东,珠三角,东莞,东莞市,企石镇
广东,珠三角,东莞,东莞市,石龙镇
广东,珠三角,东莞,东莞市,万江街道
广东,珠三角,东莞,,
广东,珠三角,东莞,东莞市,道滘镇
广东,珠三角,东莞,东莞市,凤岗镇
广东,珠三角,东莞,东莞市,长安镇
广东,珠三角,东莞,东莞市,横沥镇
广东,珠三角,东莞,东莞市,松山湖科技产业园区
广东,珠三角,东莞,东莞市,寮步镇
广东,珠三角,东莞,东莞市,谢岗镇
广东,珠三角,中山,中山市,大涌镇
广东,珠三角,中山,中山市,南朗街道
广东,珠三角,中山,中山市,黄圃镇
广东,珠三角,中山,中山市,火炬开发区街道
广东,珠三角,中山,中山市,西区街道
广东,珠三角,中山,中山市,石岐街道
广东,珠三角,中山,中山市,坦洲镇
广东,珠三角,中山,中山市,三角镇
广东,珠三角,中山,中山市,南区街道
广东,珠三角,中山,中山市,三乡镇
广东,珠三角,中山,中山市,板芙镇
广东,珠三角,中山,中山市,中山港街道
广东,珠三角,中山,中山市,五桂山街道
广东,珠三角,中山,中山市,东凤镇
广东,珠三角,中山,中山市,东区街道
广东,珠三角,中山,中山市,小榄镇
广东,珠三角,中山,中山市,古镇镇
广东,珠三角,中山,中山市,神湾镇
广东,珠三角,中山,中山市,南头镇
广东,珠三角,中山,中山市,横栏镇
广东,珠三角,中山,中山市,沙溪镇
广东,珠三角,中山,中山市,阜沙镇
广东,珠三角,中山,中山市,港口镇
广东,珠三角,中山,中山市,民众街道
广东,粤西,云浮,新兴县,车岗镇
广东,粤西,云浮,罗定市,龙湾镇
广东,粤西,云浮,罗定市,生江镇
广东,粤西,云浮,罗定市,太平镇
广东,粤西,云浮,郁南县,平台镇
广东,粤西,云浮,郁南县,河口镇
广东,粤西,云浮,新兴县,簕竹镇
广东,粤西,云浮,罗定市,双东街道
广东,粤西,云浮,罗定市,加益镇
广东,粤西,云浮,罗定市,分界镇
广东,粤西,云浮,郁南县,南江口镇
广东,粤西,云浮,郁南县,东坝镇
广东,粤西,云浮,云城区,前锋镇
广东,粤西,云浮,云安区,高村镇
广东,粤西,云浮,新兴县,大江镇
广东,粤西,云浮,新兴县,天堂镇
广东,粤西,云浮,罗定市,泗纶镇
广东,粤西,云浮,罗定市,罗镜镇
广东,粤西,云浮,罗定市,苹塘镇
广东,粤西,云浮,罗定市,金鸡镇
广东,粤西,云浮,郁南县,历洞镇
广东,粤西,云浮,云安区,白石镇
广东,粤西,云浮,新兴县,水台镇
广东,粤西,云浮,罗定市,黎少镇
广东,粤西,云浮,罗定市,朗塘镇
广东,粤西,云浮,罗定市,船步镇
广东,粤西,云浮,罗定市,围底镇
广东,粤西,云浮,郁南县,千官镇
广东,粤西,云浮,云城区,云城街道
广东,粤西,云浮,云城区,腰古镇
广东,粤西,云浮,云安区,都杨镇
广东,粤西,云浮,新兴县,新城镇
广东,粤西,云浮,郁南县,桂圩镇
广东,粤西,云浮,郁南县,通门镇
广东,粤西,云浮,郁南县,大方镇
广东,粤西,云浮,云城区,高峰街道
广东,粤西,云浮,云城区,南盛镇
广东,粤西,云浮,罗定市,连州镇
广东,粤西,云浮,罗定市,附城街道
广东,粤西,云浮,郁南县,都城镇
广东,粤西,云浮,郁南县,宝珠镇
广东,粤西,云浮,云安区,石城镇
广东,粤西,云浮,云安区,六都镇
广东,粤西,云浮,新兴县,东成镇
广东,粤西,云浮,新兴县,稔村镇
广东,粤西,云浮,新兴县,河头镇
广东,粤西,云浮,罗定市,素龙街道
广东,粤西,云浮,罗定市,罗平镇
广东,粤西,云浮,郁南县,连滩镇
广东,粤西,云浮,郁南县,大湾镇
广东,粤西,云浮,云城区,安塘街道
广东,粤西,云浮,新兴县,太平镇
广东,粤西,云浮,罗定市,榃滨镇
广东,粤西,云浮,罗定市,罗城街道
广东,粤西,云浮,罗定市,华石镇
广东,粤西,云浮,郁南县,宋桂镇
广东,粤西,云浮,郁南县,建城镇
广东,粤西,云浮,云城区,河口街道
广东,粤西,云浮,云城区,思劳镇
广东,粤西,云浮,云安区,镇安镇
广东,粤西,云浮,云安区,富林镇
广东,粤西,云浮,新兴县,里洞镇
广东,粤西,云浮,新兴县,六祖镇
广东,珠三角,佛山,,
广东,珠三角,佛山,顺德区,北滘镇
广东,珠三角,佛山,顺德区,均安镇
广东,珠三角,佛山,三水区,云东海街道
广东,珠三角,佛山,南海区,桂城街道
广东,珠三角,佛山,禅城区,南庄镇
广东,珠三角,佛山,高明区,杨和镇
广东,珠三角,佛山,三水区,三水农场镇级
广东,珠三角,佛山,禅城区,石湾镇街道
广东,珠三角,佛山,顺德区,龙江镇
广东,珠三角,佛山,顺德区,容桂街道
广东,珠三角,佛山,高明区,荷城街道
广东,珠三角,佛山,三水区,乐平镇
广东,珠三角,佛山,南海区,狮山镇
广东,珠三角,佛山,南海区,九江镇
广东,珠三角,佛山,禅城区,张槎街道
广东,珠三角,佛山,顺德区,乐从镇
广东,珠三角,佛山,顺德区,伦教街道
广东,珠三角,佛山,顺德区,杏坛镇
广东,珠三角,佛山,三水区,芦苞镇
广东,珠三角,佛山,三水区,南山镇
广东,珠三角,佛山,三水区,白坭镇
广东,珠三角,佛山,高明区,更合镇
广东,珠三角,佛山,南海区,大沥镇
广东,珠三角,佛山,南海区,丹灶镇
广东,珠三角,佛山,禅城区,祖庙街道
广东,珠三角,佛山,顺德区,陈村镇
广东,珠三角,佛山,顺德区,勒流街道
广东,珠三角,佛山,高明区,明城镇
广东,珠三角,佛山,三水区,大塘镇
广东,珠三角,佛山,三水区,西南街道
广东,珠三角,佛山,南海区,里水镇
广东,珠三角,佛山,顺德区,大良街道
广东,珠三角,佛山,南海区,西樵镇
广东,珠三角,广州,白云区,京溪街道
广东,珠三角,广州,花都区,赤坭镇
广东,珠三角,广州,花都区,花东镇
广东,珠三角,广州,荔湾区,中南街道
广东,珠三角,广州,荔湾区,石围塘街道
广东,珠三角,广州,荔湾区,华林街道
广东,珠三角,广州,越秀区,建设街道
广东,珠三角,广州,黄埔区,龙湖街道
广东,珠三角,广州,黄埔区,穗东街道
广东,珠三角,广州,黄埔区,联和街道
广东,珠三角,广州,从化区,城郊街道
广东,珠三角,广州,南沙区,珠江街道
广东,珠三角,广州,南沙区,万顷沙镇
广东,珠三角,广州,增城区,正果镇
广东,珠三角,广州,天河区,黄村街道
广东,珠三角,广州,海珠区,琶洲街道
广东,珠三角,广州,番禺区,钟村街道
广东,珠三角,广州,番禺区,大龙街道
广东,珠三角,广州,番禺区,石碁镇
广东,珠三角,广州,番禺区,
广东,珠三角,广州,番禺区,新造镇
广东,珠三角,广州,白云区,均禾街道
广东,珠三角,广州,白云区,金沙街道
广东,珠三角,广州,白云区,大源街道
广东,珠三角,广州,白云区,龙归街道
广东,珠三角,广州,花都区,炭步镇
广东,珠三角,广州,荔湾区,海龙街道
广东,珠三角,广州,荔湾区,多宝街道
广东,珠三角,广州,荔湾区,岭南街道
广东,珠三角,广州,荔湾区,桥中街道
广东,珠三角,广州,荔湾区,站前街道
广东,珠三角,广州,荔湾区,茶滘街道
广东,珠三角,广州,天河区,凤凰街道
广东,珠三角,广州,白云区,白云湖街道
广东,珠三角,广州,花都区,秀全街道
广东,珠三角,广州,花都区,花山镇
广东,珠三角,广州,荔湾区,金花街道
广东,珠三角,广州,荔湾区,逢源街道
广东,珠三角,广州,荔湾区,冲口街道
广东,珠三角,广州,荔湾区,南源街道
广东,珠三角,广州,越秀区,梅花村街道
广东,珠三角,广州,黄埔区,南岗街道
广东,珠三角,广州,黄埔区,九佛街道
广东,珠三角,广州,从化区,鳌头镇
广东,珠三角,广州,从化区,街口街道
广东,珠三角,广州,南沙区,东涌镇
广东,珠三角,广州,南沙区,横沥镇
广东,珠三角,广州,增城区,增江街道
广东,珠三角,广州,增城区,永宁街道
广东,珠三角,广州,天河区,冼村街道
广东,珠三角,广州,天河区,石牌街道
广东,珠三角,广州,海珠区,江南中街道
广东,珠三角,广州,海珠区,海幢街道
广东,珠三角,广州,番禺区,洛浦街道
广东,珠三角,广州,番禺区,化龙镇
广东,珠三角,广州,番禺区,石壁街道
广东,珠三角,广州,白云区,钟落潭镇
广东,珠三角,广州,白云区,永平街道
广东,珠三角,广州,白云区,云城街道
广东,珠三角,广州,白云区,松洲街道
广东,珠三角,广州,荔湾区,白鹤洞街道
广东,珠三角,广州,越秀区,东山街道
广东,珠三角,广州,越秀区,北京街道
广东,珠三角,广州,黄埔区,长岭街道
广东,珠三角,广州,黄埔区,鱼珠街道
广东,珠三角,广州,黄埔区,九龙镇
广东,珠三角,广州,从化区,吕田镇
广东,珠三角,广州,从化区,良口镇
广东,珠三角,广州,南沙区,黄阁镇
广东,珠三角,广州,增城区,新塘镇
广东,珠三角,广州,天河区,天河南街道
广东,珠三角,广州,天河区,棠下街道
广东,珠三角,广州,海珠区,华洲街道
广东,珠三角,广州,海珠区,官洲街道
广东,珠三角,广州,海珠区,南石头街道
广东,珠三角,广州,海珠区,凤阳街道
广东,珠三角,广州,海珠区,江海街道
广东,珠三角,广州,番禺区,小谷围街道
广东,珠三角,广州,荔湾区,沙面街道
广东,珠三角,广州,荔湾区,花地街道
广东,珠三角,广州,黄埔区,萝岗街道
广东,珠三角,广州,从化区,太平镇
广东,珠三角,广州,南沙区,南沙街道
广东,珠三角,广州,增城区,仙村镇
广东,珠三角,广州,增城区,中新镇
广东,珠三角,广州,增城区,小楼镇
广东,珠三角,广州,增城区,荔湖街道
广东,珠三角,广州,海珠区,新港街道
广东,珠三角,广州,海珠区,南洲街道
广东,珠三角,广州,海珠区,滨江街道
广东,珠三角,广州,番禺区,南村镇
广东,珠三角,广州,番禺区,东环街道
广东,珠三角,广州,番禺区,沙湾街道
广东,珠三角,广州,番禺区,市桥街道
广东,珠三角,广州,白云区,太和镇
广东,珠三角,广州,白云区,石井街道
广东,珠三角,广州,白云区,石门街道
广东,珠三角,广州,增城区,派潭镇
广东,珠三角,广州,增城区,石滩镇
广东,珠三角,广州,增城区,宁西街道
广东,珠三角,广州,天河区,天园街道
广东,珠三角,广州,天河区,新塘街道
广东,珠三角,广州,番禺区,沙头街道
广东,珠三角,广州,白云区,同和街道
广东,珠三角,广州,白云区,人和镇
广东,珠三角,广州,白云区,黄石街道
广东,珠三角,广州,花都区,梯面镇
广东,珠三角,广州,越秀区,洪桥街道
广东,珠三角,广州,越秀区,白云街道
广东,珠三角,广州,黄埔区,新龙镇
广东,珠三角,广州,黄埔区,黄埔街道
广东,珠三角,广州,天河区,龙洞街道
广东,珠三角,广州,南沙区,龙穴街道
广东,珠三角,广州,增城区,朱村街道
广东,珠三角,广州,天河区,五山街道
广东,珠三角,广州,天河区,猎德街道
广东,珠三角,广州,天河区,林和街道
广东,珠三角,广州,海珠区,素社街道
广东,珠三角,广州,番禺区,石楼镇
广东,珠三角,广州,白云区,江高镇
广东,珠三角,广州,白云区,景泰街道
广东,珠三角,广州,白云区,三元里街道
广东,珠三角,广州,白云区,鹤龙街道
广东,珠三角,广州,白云区,新市街道
广东,珠三角,广州,花都区,新华街道
广东,珠三角,广州,荔湾区,东漖街道
广东,珠三角,广州,荔湾区,龙津街道
广东,珠三角,广州,荔湾区,彩虹街道
广东,珠三角,广州,荔湾区,昌华街道
广东,珠三角,广州,越秀区,大东街道
广东,珠三角,广州,黄埔区,长洲街道
广东,珠三角,广州,黄埔区,大沙街道
广东,珠三角,广州,黄埔区,红山街道
广东,珠三角,广州,黄埔区,云埔街道
广东,珠三角,广州,黄埔区,生物岛
广东,珠三角,广州,海珠区,瑞宝街道
广东,珠三角,广州,海珠区,赤岗街道
广东,珠三角,广州,白云区,棠景街道
广东,珠三角,广州,花都区,狮岭镇
广东,珠三角,广州,花都区,新雅街道
广东,珠三角,广州,花都区,花城街道
广东,珠三角,广州,荔湾区,东沙街道
广东,珠三角,广州,荔湾区,西村街道
广东,珠三角,广州,越秀区,登峰街道
广东,珠三角,广州,黄埔区,永和街道
广东,珠三角,广州,黄埔区,夏港街道
广东,珠三角,广州,,
广东,珠三角,广州,从化区,温泉镇
广东,珠三角,广州,从化区,江埔街道
广东,珠三角,广州,南沙区,大岗镇
广东,珠三角,广州,天河区,车陂街道
广东,珠三角,广州,南沙区,港湾街道
广东,珠三角,广州,南沙区,榄核镇
广东,珠三角,广州,增城区,荔城街道
广东,珠三角,广州,天河区,前进街道
广东,珠三角,广州,天河区,长兴街道
广东,珠三角,广州,番禺区,桥南街道
广东,珠三角,广州,番禺区,大石街道
广东,珠三角,广州,番禺区,沙湾镇
广东,珠三角,广州,白云区,同德街道
广东,珠三角,广州,白云区,嘉禾街道
广东,珠三角,惠州,惠阳区,沙田镇
广东,珠三角,惠州,龙门县,麻榨镇
广东,珠三角,惠州,龙门县,地派镇
广东,珠三角,惠州,龙门县,龙田镇
广东,珠三角,惠州,仲恺区,惠环街道
广东,珠三角,惠州,博罗县,罗浮山管委会
广东,珠三角,惠州,博罗县,石湾镇
广东,珠三角,惠州,大亚湾区,澳头街道
广东,珠三角,惠州,惠东县,白盆珠镇
广东,珠三角,惠州,惠东县,高潭镇
广东,珠三角,惠州,惠东县,宝口镇
广东,珠三角,惠州,惠城区,潼湖镇
广东,珠三角,惠州,惠阳区,良井镇
广东,珠三角,惠州,惠阳区,秋长街道
广东,珠三角,惠州,龙门县,龙潭镇
广东,珠三角,惠州,仲恺区,陈江街道
广东,珠三角,惠州,仲恺区,沥林镇
广东,珠三角,惠州,博罗县,柏塘镇
广东,珠三角,惠州,博罗县,麻陂镇
广东,珠三角,惠州,博罗县,湖镇镇
广东,珠三角,惠州,博罗县,福田镇
广东,珠三角,惠州,博罗县,杨侨镇
广东,珠三角,惠州,博罗县,公庄镇
广东,珠三角,惠州,惠东县,吉隆镇
广东,珠三角,惠州,惠东县,安墩镇
广东,珠三角,惠州,惠东县,大岭镇
广东,珠三角,惠州,惠城区,小金口街道
广东,珠三角,惠州,惠州海面,马鞭洲
广东,珠三角,惠州,惠州海面,喜洲岛
广东,珠三角,惠州,惠城区,潼湖军垦农场
广东,珠三角,惠州,惠阳区,永湖镇
广东,珠三角,惠州,惠阳区,三和街道
广东,珠三角,惠州,龙门县,龙江镇
广东,珠三角,惠州,龙门县,蓝田瑶族乡
广东,珠三角,惠州,仲恺区,
广东,珠三角,惠州,博罗县,罗阳镇
广东,珠三角,惠州,博罗县,水东陂林场
广东,珠三角,惠州,惠东县,铁涌镇
广东,珠三角,惠州,惠城区,马安镇
广东,珠三角,惠州,惠阳区,平潭镇
广东,珠三角,惠州,龙门县,平陵镇
广东,珠三角,惠州,龙门县,永汉镇
广东,珠三角,惠州,,
广东,珠三角,惠州,博罗县,龙溪镇
广东,珠三角,惠州,博罗县,博罗县显岗水库管理局
广东,珠三角,惠州,博罗县,汤泉林场
广东,珠三角,惠州,大亚湾区,东升岛
广东,珠三角,惠州,大亚湾区,西区街道
广东,珠三角,惠州,惠城区,水口街道
广东,珠三角,惠州,惠城区,江北街道
广东,珠三角,惠州,惠城区,河南岸街道
广东,珠三角,惠州,惠城区,桥东街道
广东,珠三角,惠州,惠州海面,惠东南海域
广东,珠三角,惠州,惠城区,惠环街道
广东,珠三角,惠州,惠东县,黄埠镇
广东,珠三角,惠州,惠城区,芦洲镇
广东,珠三角,惠州,惠城区,龙丰街道
广东,珠三角,惠州,惠州海面,沱泞列岛
广东,珠三角,惠州,惠城区,陈江街道
广东,珠三角,惠州,惠阳区,澳头街道
广东,珠三角,惠州,仲恺区,潼湖镇
广东,珠三角,惠州,博罗县,园洲镇
广东,珠三角,惠州,博罗县,长宁镇
广东,珠三角,惠州,惠东县,梁化镇
广东,珠三角,惠州,惠东县,平海镇
广东,珠三角,惠州,惠东县,平海镇港口管委会
广东,珠三角,惠州,惠东县,多祝镇
广东,珠三角,惠州,惠城区,桥西街道
广东,珠三角,惠州,惠州海面,辣甲岛
广东,珠三角,惠州,龙门县,龙城街道
广东,珠三角,惠州,仲恺区,潼侨道
广东,珠三角,惠州,博罗县,杨村镇
广东,珠三角,惠州,博罗县,观音阁镇
广东,珠三角,惠州,博罗县,白芒林场
广东,珠三角,惠州,大亚湾区,
广东,珠三角,惠州,大亚湾区,霞涌街道
广东,珠三角,惠州,惠东县,平山街道
广东,珠三角,惠州,惠阳区,西区街道
广东,珠三角,惠州,惠阳区,新圩镇
广东,珠三角,惠州,仲恺区,潼侨镇
广东,珠三角,惠州,博罗县,泰美镇
广东,珠三角,惠州,博罗县,龙华镇
广东,珠三角,惠州,博罗县,鸡笼山林场
广东,珠三角,惠州,博罗县,镇级争议地
广东,珠三角,惠州,惠东县,稔山镇
广东,珠三角,惠州,惠东县,白花镇
广东,珠三角,惠州,惠东县,惠东南海域
广东,珠三角,惠州,惠城区,横沥镇
广东,珠三角,惠州,惠城区,三栋镇
广东,珠三角,惠州,惠州海面,小星山岛
广东,珠三角,惠州,博罗县,罗阳街道
广东,珠三角,惠州,惠东县,
广东,珠三角,惠州,惠城区,汝湖镇
广东,珠三角,惠州,惠城区,江南街道
广东,珠三角,惠州,惠阳区,新墟镇
广东,珠三角,惠州,惠阳区,淡水街道
广东,珠三角,惠州,惠阳区,镇隆镇
广东,珠三角,惠州,龙门县,龙华镇
广东,珠三角,惠州,博罗县,石坝镇
广东,珠三角,惠州,博罗县,梅花林场
广东,珠三角,惠州,博罗县,象头山林场
广东,珠三角,惠州,博罗县,横河镇
广东,珠三角,惠州,大亚湾区,中海壳牌石油化工业区（澳头）中海壳牌石油化
广东,粤东,揭阳,揭东区,埔田镇
广东,粤东,揭阳,揭东区,新亨镇
广东,粤东,揭阳,揭东区,玉湖镇
广东,粤东,揭阳,揭西县,龙潭镇
广东,粤东,揭阳,揭西县,京溪园镇
广东,粤东,揭阳,普宁市,船埔镇
广东,粤东,揭阳,普宁市,麒麟镇
广东,粤东,揭阳,普宁市,梅林镇
广东,粤东,揭阳,普宁市,马鞍山农场
广东,粤东,揭阳,普宁市,大坪镇
广东,粤东,揭阳,普宁市,洪阳镇
广东,粤东,揭阳,榕城区,梅云街道
广东,粤东,揭阳,惠来县,岐石镇
广东,粤东,揭阳,惠来县,葵潭农场
广东,粤东,揭阳,揭东区,桂岭镇
广东,粤东,揭阳,揭西县,大溪镇
广东,粤东,揭阳,揭西县,河婆街道
广东,粤东,揭阳,揭西县,南山镇
广东,粤东,揭阳,揭西县,塔头镇
广东,粤东,揭阳,普宁市,云落镇
广东,粤东,揭阳,普宁市,大坝镇
广东,粤东,揭阳,普宁市,高埔镇
广东,粤东,揭阳,榕城区,仙桥街道
广东,粤东,揭阳,普宁市,后溪乡
广东,粤东,揭阳,惠来县,靖海镇
广东,粤东,揭阳,揭东区,玉滘镇
广东,粤东,揭阳,揭西县,钱坑镇
广东,粤东,揭阳,揭西县,五经富镇
广东,粤东,揭阳,揭西县,东园镇
广东,粤东,揭阳,普宁市,流沙东街道
广东,粤东,揭阳,普宁市,广太镇
广东,粤东,揭阳,普宁市,军埠镇
广东,粤东,揭阳,榕城区,东阳街道
广东,粤东,揭阳,榕城区,西马街道
广东,粤东,揭阳,惠来县,葵潭镇
广东,粤东,揭阳,惠来县,侨园镇
广东,粤东,揭阳,揭东区,曲溪街道
广东,粤东,揭阳,揭西县,棉湖镇
广东,粤东,揭阳,普宁市,大池农场
广东,粤东,揭阳,普宁市,流沙南街道
广东,粤东,揭阳,普宁市,燎原街道
广东,粤东,揭阳,榕城区,登岗镇
广东,粤东,揭阳,惠来县,华湖镇
广东,粤东,揭阳,惠来县,东埔农场
广东,粤东,揭阳,惠来县,仙庵镇
广东,粤东,揭阳,揭东区,云路镇
广东,粤东,揭阳,揭东区,磐东街道
广东,粤东,揭阳,揭西县,灰寨镇
广东,粤东,揭阳,普宁市,占陇镇
广东,粤东,揭阳,榕城区,凤美街道
广东,粤东,揭阳,榕城区,京冈街道
广东,粤东,揭阳,榕城区,新兴街道
广东,粤东,揭阳,惠来县,东港镇
广东,粤东,揭阳,惠来县,隆江镇
广东,粤东,揭阳,揭东区,锡场镇
广东,粤东,揭阳,揭东区,白塔镇
广东,粤东,揭阳,揭西县,凤江镇
广东,粤东,揭阳,揭西县,五云镇
广东,粤东,揭阳,普宁市,梅塘镇
广东,粤东,揭阳,惠来县,周田镇
广东,粤东,揭阳,惠来县,东陇镇
广东,粤东,揭阳,惠来县,鳌江镇
广东,粤东,揭阳,揭东区,月城镇
广东,粤东,揭阳,揭东区,龙尾镇
广东,粤东,揭阳,揭东区,霖磐镇
广东,粤东,揭阳,普宁市,大南山街道
广东,粤东,揭阳,普宁市,下架山镇
广东,粤东,揭阳,普宁市,普侨镇
广东,粤东,揭阳,普宁市,赤岗镇
广东,粤东,揭阳,惠来县,神泉镇
广东,粤东,揭阳,惠来县,前詹镇
广东,粤东,揭阳,惠来县,惠城镇
广东,粤东,揭阳,惠来县,青坑林场
广东,粤东,揭阳,揭西县,金和镇
广东,粤东,揭阳,揭西县,坪上镇
广东,粤东,揭阳,揭西县,上砂镇
广东,粤东,揭阳,揭西县,良田乡
广东,粤东,揭阳,普宁市,大坪农场
广东,粤东,揭阳,普宁市,里湖镇
广东,粤东,揭阳,普宁市,南溪镇
广东,粤东,揭阳,普宁市,南径镇
广东,粤东,揭阳,普宁市,鲘溪乡
广东,粤东,揭阳,普宁市,池尾街道
广东,粤东,揭阳,榕城区,东兴街道
广东,粤东,揭阳,榕城区,地都镇
广东,粤东,揭阳,榕城区,进贤门街道
广东,粤东,揭阳,榕城区,砲台镇
广东,粤东,揭阳,惠来县,溪西镇
广东,粤北,梅州,五华县,梅林镇
广东,粤北,梅州,五华县,华城镇
广东,粤北,梅州,兴宁市,黄陂镇
广东,粤北,梅州,兴宁市,石马镇
广东,粤北,梅州,大埔县,大东镇
广东,粤北,梅州,大埔县,三河镇
广东,粤北,梅州,大埔县,洲瑞林场
广东,粤北,梅州,梅县区,雁洋镇
广东,粤北,梅州,梅县区,南口镇
广东,粤北,梅州,梅县区,石扇镇
广东,粤北,梅州,蕉岭县,长潭镇
广东,粤北,梅州,蕉岭县,三圳镇
广东,粤北,梅州,丰顺县,大龙华镇
广东,粤北,梅州,丰顺县,潭江镇
广东,粤北,梅州,丰顺县,潘田镇
广东,粤北,梅州,五华县,龙村镇
广东,粤北,梅州,五华县,周江镇
广东,粤北,梅州,兴宁市,宁新街道
广东,粤北,梅州,兴宁市,兴田街道
广东,粤北,梅州,兴宁市,黄槐镇
广东,粤北,梅州,兴宁市,罗岗镇
广东,粤北,梅州,兴宁市,刁坊镇
广东,粤北,梅州,大埔县,光德镇
广东,粤北,梅州,梅县区,城东镇
广东,粤北,梅州,梅江区,三角镇
广东,粤北,梅州,丰顺县,?隍镇
广东,粤北,梅州,丰顺县,黄金镇
广东,粤北,梅州,兴宁市,大坪镇
广东,粤北,梅州,兴宁市,水口镇
广东,粤北,梅州,兴宁市,新圩镇
广东,粤北,梅州,大埔县,银江镇
广东,粤北,梅州,大埔县,百侯镇
广东,粤北,梅州,平远县,上举镇
广东,粤北,梅州,梅县区,石坑镇
广东,粤北,梅州,梅县区,松口镇
广东,粤北,梅州,梅县区,松源镇
广东,粤北,梅州,梅江区,西郊街道
广东,粤北,梅州,丰顺县,丰良镇
广东,粤北,梅州,兴宁市,龙田镇
广东,粤北,梅州,兴宁市,合水镇
广东,粤北,梅州,兴宁市,叶塘镇
广东,粤北,梅州,大埔县,西河镇
广东,粤北,梅州,大埔县,大麻镇
广东,粤北,梅州,大埔县,桃源镇
广东,粤北,梅州,大埔县,枫朗镇
广东,粤北,梅州,平远县,热柘镇
广东,粤北,梅州,梅县区,隆文镇
广东,粤北,梅州,梅县区,梅州市梅南林场
广东,粤北,梅州,蕉岭县,华侨农场
广东,粤北,梅州,蕉岭县,南磜镇
广东,粤北,梅州,丰顺县,龙岗镇
广东,粤北,梅州,丰顺县,汤南镇
广东,粤北,梅州,五华县,水寨镇
广东,粤北,梅州,五华县,横陂镇
广东,粤北,梅州,五华县,长布镇
广东,粤北,梅州,兴宁市,新陂镇
广东,粤北,梅州,大埔县,高陂镇
广东,粤北,梅州,平远县,差干镇
广东,粤北,梅州,平远县,河头镇
广东,粤北,梅州,平远县,八尺镇
广东,粤北,梅州,梅县区,水车镇
广东,粤北,梅州,梅县区,梅南镇
广东,粤北,梅州,梅江区,金山街道
广东,粤北,梅州,梅江区,西阳镇
广东,粤北,梅州,丰顺县,埔寨镇
广东,粤北,梅州,丰顺县,砂田镇
广东,粤北,梅州,丰顺县,小胜镇
广东,粤北,梅州,丰顺县,北斗镇
广东,粤北,梅州,五华县,华阳镇
广东,粤北,梅州,兴宁市,罗浮镇
广东,粤北,梅州,大埔县,茶阳镇
广东,粤北,梅州,平远县,东石镇
广东,粤北,梅州,平远县,仁居镇
广东,粤北,梅州,平远县,长田镇
广东,粤北,梅州,梅县区,大坪镇
广东,粤北,梅州,梅县区,程江镇
广东,粤北,梅州,梅江区,城北镇
广东,粤北,梅州,蕉岭县,蓝坊镇
广东,粤北,梅州,蕉岭县,广福镇
广东,粤北,梅州,丰顺县,八乡山镇
广东,粤北,梅州,丰顺县,建桥镇
广东,粤北,梅州,五华县,棉洋镇
广东,粤北,梅州,兴宁市,福兴街道
广东,粤北,梅州,兴宁市,坭陂镇
广东,粤北,梅州,兴宁市,宁中镇
广东,粤北,梅州,大埔县,湖寮镇
广东,粤北,梅州,大埔县,洲瑞镇
广东,粤北,梅州,大埔县,青溪镇
广东,粤北,梅州,平远县,石正镇
广东,粤北,梅州,平远县,泗水镇
广东,粤北,梅州,梅县区,梅西镇
广东,粤北,梅州,梅县区,白渡镇
广东,粤北,梅州,梅江区,长沙镇
广东,粤北,梅州,蕉岭县,文福镇
广东,粤北,梅州,蕉岭县,南礤镇
广东,粤北,梅州,蕉岭县,蕉城镇
广东,粤北,梅州,丰顺县,汤坑镇
广东,粤北,梅州,丰顺县,汤西镇
广东,粤北,梅州,五华县,岐岭镇
广东,粤北,梅州,五华县,郭田镇
广东,粤北,梅州,五华县,双华镇
广东,粤北,梅州,兴宁市,径南镇
广东,粤北,梅州,兴宁市,永和镇
广东,粤北,梅州,平远县,中行镇
广东,粤北,梅州,平远县,大柘镇
广东,粤北,梅州,梅县区,丙村镇
广东,粤北,梅州,梅县区,桃尧镇
广东,粤北,梅州,梅县区,畲江镇
广东,粤北,梅州,蕉岭县,新铺镇
广东,粤北,梅州,丰顺县,留隍镇
广东,粤北,梅州,五华县,安流镇
广东,粤北,梅州,五华县,转水镇
广东,粤北,梅州,五华县,潭下镇
广东,粤北,梅州,五华县,河东镇
广东,粤东,汕头,澄海区,凤翔街道
广东,粤东,汕头,澄海区,莲华镇
广东,粤东,汕头,濠江区,礐石街道
广东,粤东,汕头,濠江区,玉新街道
广东,粤东,汕头,金平区,鮀莲街道
广东,粤东,汕头,龙湖区,鸥汀街道
广东,粤东,汕头,潮南区,井都镇
广东,粤东,汕头,潮南区,成田镇
广东,粤东,汕头,潮南区,红场镇
广东,粤东,汕头,潮阳区,贵屿镇
广东,粤东,汕头,潮阳区,河溪镇
广东,粤东,汕头,澄海区,溪南镇
广东,粤东,汕头,澄海区,莲下镇
广东,粤东,汕头,龙湖区,新海街道
广东,粤东,汕头,,
广东,粤东,汕头,南澳县,深澳镇
广东,粤东,汕头,南澳县,云澳镇
广东,粤东,汕头,南澳县,后宅镇
广东,粤东,汕头,潮南区,陇田镇
广东,粤东,汕头,潮阳区,金灶镇
广东,粤东,汕头,潮阳区,关埠镇
广东,粤东,汕头,澄海区,莲上镇
广东,粤东,汕头,濠江区,达濠街道
广东,粤东,汕头,龙湖区,珠池街道
广东,粤东,汕头,龙湖区,龙祥街道
广东,粤东,汕头,潮南区,两英镇
广东,粤东,汕头,澄海区,盐鸿镇
广东,粤东,汕头,澄海区,东里镇
广东,粤东,汕头,濠江区,广澳街道
广东,粤东,汕头,金平区,石砲台街道
广东,粤东,汕头,龙湖区,金霞街道
广东,粤东,汕头,龙湖区,龙腾街道
广东,粤东,汕头,潮南区,峡山街道
广东,粤东,汕头,潮阳区,谷饶镇
广东,粤东,汕头,潮阳区,城南街道
广东,粤东,汕头,潮阳区,金浦街道
广东,粤东,汕头,南澳县,南澳县海岛国家森林公园管理委员会
广东,粤东,汕头,南澳县,黄花山森林公园管委
广东,粤东,汕头,潮南区,雷岭镇
广东,粤东,汕头,潮南区,司马浦镇
广东,粤东,汕头,潮阳区,铜盂镇
广东,粤东,汕头,潮阳区,海门镇
广东,粤东,汕头,潮阳区,西胪镇
广东,粤东,汕头,澄海区,隆都镇
广东,粤东,汕头,潮南区,仙城镇
广东,粤东,汕头,澄海区,澄华街道
广东,粤东,汕头,濠江区,河浦街道
广东,粤东,汕头,金平区,鮀江街道
广东,粤东,汕头,龙湖区,外砂街道
广东,粤东,汕头,南澳县,南澳黄花山国家森林公园
广东,粤东,汕头,金平区,岐山街道
广东,粤东,汕头,澄海区,上华镇
广东,粤东,汕头,澄海区,广益街道
广东,粤东,汕头,潮南区,胪岗镇
广东,粤东,汕头,潮南区,陈店镇
广东,粤东,汕头,潮阳区,文光街道
广东,粤东,汕头,潮阳区,棉北街道
广东,粤东,汕头,潮阳区,和平镇
广东,粤东,汕尾,陆丰市,甲西镇
广东,粤东,汕尾,城区,捷胜镇
广东,粤东,汕尾,城区,东涌镇
广东,粤东,汕尾,城区,凤山街道
广东,粤东,汕尾,陆丰市,河东镇
广东,粤东,汕尾,海丰县,梅陇农场
广东,粤东,汕尾,城区,田墘街道
广东,粤东,汕尾,海丰县,海城镇
广东,粤东,汕尾,海丰县,公平镇
广东,粤东,汕尾,红海湾开发区,遮浪街道
广东,粤东,汕尾,陆丰市,碣石镇
广东,粤东,汕尾,陆丰市,河西街道
广东,粤东,汕尾,陆丰市,陂洋镇
广东,粤东,汕尾,陆丰市,甲东镇
广东,粤东,汕尾,陆丰市,东海街道
广东,粤东,汕尾,陆河县,南万镇
广东,粤东,汕尾,陆河县,螺溪镇
广东,粤东,汕尾,,
广东,粤东,汕尾,城区,红草镇
广东,粤东,汕尾,海丰县,黄羌林场
广东,粤东,汕尾,陆丰市,大安农场
广东,粤东,汕尾,陆丰市,城东街道
广东,粤东,汕尾,陆河县,河口镇
广东,粤东,汕尾,陆丰市,铜锣湖农场
广东,粤东,汕尾,海丰县,陶河镇
广东,粤东,汕尾,陆丰市,汕尾市华侨管理区
广东,粤东,汕尾,陆丰市,甲子镇
广东,粤东,汕尾,城区,香洲街道
广东,粤东,汕尾,城区,
广东,粤东,汕尾,海丰县,可塘镇
广东,粤东,汕尾,海丰县,黄羌镇
广东,粤东,汕尾,海丰县,平东镇
广东,粤东,汕尾,陆丰市,桥冲镇
广东,粤东,汕尾,陆丰市,湖东镇
广东,粤东,汕尾,陆丰市,大安镇
广东,粤东,汕尾,陆丰市,金厢镇
广东,粤东,汕尾,陆丰市,西南镇
广东,粤东,汕尾,陆河县,上护镇
广东,粤东,汕尾,陆河县,新田镇
广东,粤东,汕尾,海丰县,鹅埠街道
广东,粤东,汕尾,海丰县,附城镇
广东,粤东,汕尾,陆丰市,上英镇
广东,粤东,汕尾,陆丰市,博美镇
广东,粤东,汕尾,陆丰市,南塘镇
广东,粤东,汕尾,陆河县,东坑镇
广东,粤东,汕尾,城区,马宫街道
广东,粤东,汕尾,城区,新港街道
广东,粤东,汕尾,海丰县,赤石街道
广东,粤东,汕尾,海丰县,城东镇
广东,粤东,汕尾,海丰县,联安镇
广东,粤东,汕尾,海丰县,梅陇镇
广东,粤东,汕尾,海丰县,赤坑镇
广东,粤东,汕尾,海丰县,大湖镇
广东,粤东,汕尾,陆丰市,八万镇
广东,粤东,汕尾,陆丰市,星都经济开发试验区
广东,粤东,汕尾,陆丰市,潭西镇
广东,粤东,汕尾,陆丰市,内湖镇
广东,粤东,汕尾,陆河县,河田镇
广东,粤东,汕尾,陆河县,水唇镇
广东,粤东,汕尾,城区,东洲街道
广东,粤东,汕尾,城区,遮浪街道
广东,粤东,汕尾,陆河县,国营吉溪林场场部
广东,珠三角,江门,江海区,外海街道
广东,珠三角,江门,台山市,端芬镇
广东,珠三角,江门,台山市,广海镇
广东,珠三角,江门,开平市,大沙镇
广东,珠三角,江门,开平市,国营镇海林场
广东,珠三角,江门,开平市,三埠街道
广东,珠三角,江门,新会区,大泽镇
广东,珠三角,江门,恩平市,大田镇
广东,珠三角,江门,恩平市,恩城街道
广东,珠三角,江门,恩平市,东成镇
广东,珠三角,江门,恩平市,牛江镇
广东,珠三角,江门,新会区,会城街道
广东,珠三角,江门,蓬江区,杜阮镇
广东,珠三角,江门,鹤山市,址山镇
广东,珠三角,江门,台山市,深井镇
广东,珠三角,江门,开平市,花身蚕水库与苍城镇争议地
广东,珠三角,江门,开平市,马冈镇
广东,珠三角,江门,新会区,
广东,珠三角,江门,恩平市,沙湖镇
广东,珠三角,江门,开平市,狮山水库
广东,珠三角,江门,开平市,蚬冈镇
广东,珠三角,江门,开平市,沙塘镇
广东,珠三角,江门,开平市,县国有单位
广东,珠三角,江门,恩平市,大槐镇
广东,珠三角,江门,蓬江区,潮连街道
广东,珠三角,江门,新会区,古井镇
广东,珠三角,江门,江海区,礼乐街道
广东,珠三角,江门,蓬江区,棠下镇
广东,珠三角,江门,鹤山市,古劳镇
广东,珠三角,江门,台山市,冲蒌镇
广东,珠三角,江门,台山市,水步镇
广东,珠三角,江门,开平市,塘口镇
广东,珠三角,江门,恩平市,圣堂镇
广东,珠三角,江门,蓬江区,环市街道
广东,珠三角,江门,蓬江区,荷塘镇
广东,珠三角,江门,恩平市,君堂镇
广东,珠三角,江门,新会区,司前镇
广东,珠三角,江门,鹤山市,宅梧镇
广东,珠三角,江门,鹤山市,龙口镇
广东,珠三角,江门,台山市,北陡镇
广东,珠三角,江门,台山市,川岛镇
广东,珠三角,江门,台山市,赤溪镇
广东,珠三角,江门,台山市,海宴镇
广东,珠三角,江门,台山市,三合镇
广东,珠三角,江门,开平市,龙胜镇
广东,珠三角,江门,开平市,赤坎镇
广东,珠三角,江门,开平市,苍城镇
广东,珠三角,江门,开平市,长沙街道
广东,珠三角,江门,新会区,睦洲镇
广东,珠三角,江门,恩平市,横陂镇
广东,珠三角,江门,新会区,三江镇
广东,珠三角,江门,新会区,罗坑镇
广东,珠三角,江门,新会区,双水镇
广东,珠三角,江门,鹤山市,双合镇
广东,珠三角,江门,鹤山市,桃源镇
广东,珠三角,江门,鹤山市,沙坪街道
广东,珠三角,江门,台山市,都斛镇
广东,珠三角,江门,台山市,汶村镇
广东,珠三角,江门,台山市,台城街道
广东,珠三角,江门,开平市,大沙河水库
广东,珠三角,江门,开平市,赤水镇
广东,珠三角,江门,开平市,金鸡镇
广东,珠三角,江门,恩平市,西坑水库
广东,珠三角,江门,恩平市,那吉镇
广东,珠三角,江门,恩平市,良西镇
广东,珠三角,江门,新会区,崖门镇
广东,珠三角,江门,新会区,沙堆镇
广东,珠三角,江门,台山市,白沙镇
广东,珠三角,江门,台山市,海宴华侨农场
广东,珠三角,江门,开平市,水口镇
广东,珠三角,江门,开平市,百合镇
广东,珠三角,江门,开平市,国营石榴塘农场
广东,珠三角,江门,开平市,月山镇
广东,珠三角,江门,恩平市,河排林场
广东,珠三角,江门,新会区,大鳌镇
广东,珠三角,江门,蓬江区,白沙街道
广东,珠三角,江门,台山市,大江镇
广东,珠三角,江门,台山市,四九镇
广东,珠三角,江门,台山市,斗山镇
广东,珠三角,江门,鹤山市,鹤城镇
广东,珠三角,江门,鹤山市,共和镇
广东,珠三角,江门,鹤山市,雅瑶镇
广东,粤北,河源,紫金县,敬梓镇
广东,粤北,河源,紫金县,中坝镇
广东,粤北,河源,连平县,内莞镇
广东,粤北,河源,连平县,大湖镇
广东,粤北,河源,东源县,黄村镇
广东,粤北,河源,和平县,公白镇
广东,粤北,河源,和平县,长塘镇
广东,粤北,河源,紫金县,柏埔镇
广东,粤北,河源,紫金县,凤安镇
广东,粤北,河源,东源县,半江镇
广东,粤北,河源,东源县,漳溪乡
广东,粤北,河源,紫金县,九和镇
广东,粤北,河源,连平县,元善镇
广东,粤北,河源,连平县,陂头镇
广东,粤北,河源,龙川县,回龙镇
广东,粤北,河源,龙川县,老隆镇
广东,粤北,河源,东源县,曾田镇
广东,粤北,河源,东源县,黄田镇
广东,粤北,河源,和平县,彭寨镇
广东,粤北,河源,和平县,大坝镇
广东,粤北,河源,和平县,阳明镇
广东,粤北,河源,和平县,贝墩镇
广东,粤北,河源,和平县,青州镇
广东,粤北,河源,和平县,下车镇
广东,粤北,河源,和平县,浰源镇
广东,粤北,河源,紫金县,苏区镇
广东,粤北,河源,连平县,田源镇
广东,粤北,河源,东源县,漳溪畲族乡
广东,粤北,河源,源城区,东埔街道
广东,粤北,河源,东源县,顺天镇
广东,粤北,河源,和平县,合水镇
广东,粤北,河源,龙川县,通衢镇
广东,粤北,河源,连平县,溪山镇
广东,粤北,河源,源城区,高埔岗街道
广东,粤北,河源,源城区,新江街道
广东,粤北,河源,紫金县,瓦溪镇
广东,粤北,河源,紫金县,蓝塘镇
广东,粤北,河源,紫金县,古竹镇
广东,粤北,河源,连平县,三角镇
广东,粤北,河源,连平县,油溪镇
广东,粤北,河源,龙川县,黄石镇
广东,粤北,河源,东源县,灯塔镇
广东,粤北,河源,东源县,柳城镇
广东,粤北,河源,和平县,东水镇
广东,粤北,河源,源城区,上城街道
广东,粤北,河源,源城区,源西街道
广东,粤北,河源,龙川县,新田镇
广东,粤北,河源,龙川县,赤光镇
广东,粤北,河源,紫金县,水墩镇
广东,粤北,河源,龙川县,岩镇镇
广东,粤北,河源,和平县,林寨镇
广东,粤北,河源,连平县,隆街镇
广东,粤北,河源,连平县,高莞镇
广东,粤北,河源,龙川县,鹤市镇
广东,粤北,河源,龙川县,细坳镇
广东,粤北,河源,东源县,上莞镇
广东,粤北,河源,东源县,新回龙镇
广东,粤北,河源,源城区,源南镇
广东,粤北,河源,紫金县,上义镇
广东,粤北,河源,龙川县,佗城镇
广东,粤北,河源,龙川县,义都镇
广东,粤北,河源,东源县,新港镇
广东,粤北,河源,东源县,蓝口镇
广东,粤北,河源,源城区,临江镇
广东,粤北,河源,紫金县,紫城镇
广东,粤北,河源,紫金县,好义镇
广东,粤北,河源,紫金县,义容镇
广东,粤北,河源,连平县,上坪镇
广东,粤北,河源,连平县,忠信镇
广东,粤北,河源,龙川县,上坪镇
广东,粤北,河源,龙川县,铁场镇
广东,粤北,河源,龙川县,贝岭镇
广东,粤北,河源,龙川县,龙母镇
广东,粤北,河源,东源县,义合镇
广东,粤北,河源,东源县,康禾镇
广东,粤北,河源,和平县,热水镇
广东,粤北,河源,紫金县,黄塘镇
广东,粤北,河源,东源县,仙塘镇
广东,粤北,河源,和平县,优胜镇
广东,粤北,河源,和平县,古寨镇
广东,粤北,河源,紫金县,龙窝镇
广东,粤北,河源,龙川县,紫市镇
广东,粤北,河源,龙川县,黄布镇
广东,粤北,河源,龙川县,丰稔镇
广东,粤北,河源,东源县,叶潭镇
广东,粤北,河源,东源县,骆湖镇
广东,粤北,河源,和平县,礼士镇
广东,粤北,河源,龙川县,登云镇
广东,粤北,河源,龙川县,坪山林场
广东,粤北,河源,东源县,双江镇
广东,粤北,河源,东源县,涧头镇
广东,粤北,河源,和平县,上陵镇
广东,粤北,河源,源城区,埔前镇
广东,粤北,河源,龙川县,黎咀镇
广东,粤北,河源,龙川县,四都镇
广东,粤北,河源,龙川县,车田镇
广东,粤北,河源,龙川县,麻布岗镇
广东,粤北,河源,东源县,船塘镇
广东,粤北,河源,东源县,锡场镇
广东,粤北,河源,紫金县,临江镇
广东,粤北,河源,紫金县,南岭镇
广东,粤北,河源,龙川县,田心镇
广东,粤北,河源,连平县,绣缎镇
广东,粤北,河源,东源县,新丰江林场
广东,珠三角,深圳,深汕特别合作区,小漠镇
广东,珠三角,深圳,盐田区,盐田街道
广东,珠三角,深圳,盐田区,海山街道
广东,珠三角,深圳,罗湖区,东晓街道
广东,珠三角,深圳,龙华区,民治街道
广东,珠三角,深圳,龙华区,观澜街道
广东,珠三角,深圳,龙岗区,南湾街道
广东,珠三角,深圳,龙岗区,龙城街道
广东,珠三角,深圳,南山区,桃源街道
广东,珠三角,深圳,坪山区,龙田街道
广东,珠三角,深圳,坪山区,碧岭街道
广东,珠三角,深圳,宝安区,沙井街道
广东,珠三角,深圳,宝安区,新桥街道
广东,珠三角,深圳,深汕特别合作区,鲘门镇
广东,珠三角,深圳,盐田区,梅沙街道
广东,珠三角,深圳,福田区,沙头街道
广东,珠三角,深圳,罗湖区,东湖街道
广东,珠三角,深圳,罗湖区,清水河街道
广东,珠三角,深圳,罗湖区,莲塘街道
广东,珠三角,深圳,龙华区,观湖街道
广东,珠三角,深圳,龙华区,大浪街道
广东,珠三角,深圳,龙岗区,宝龙街道
广东,珠三角,深圳,龙岗区,南澳街道
广东,珠三角,深圳,南山区,招商街道
广东,珠三角,深圳,南山区,粤海街道
广东,珠三角,深圳,大鹏新区,大鹏办
广东,珠三角,深圳,宝安区,福海街道
广东,珠三角,深圳,深汕特别合作区,小漠
广东,珠三角,深圳,福田区,梅林街道
广东,珠三角,深圳,福田区,福保街道
广东,珠三角,深圳,福田区,福田街道
广东,珠三角,深圳,福田区,华富街道
广东,珠三角,深圳,龙华区,龙华街道
广东,珠三角,深圳,龙岗区,横岗街道
广东,珠三角,深圳,深汕特别合作区,鹅埠镇
广东,珠三角,深圳,福田区,园岭街道
广东,珠三角,深圳,龙华区,福城街道
广东,珠三角,深圳,龙岗区,龙岗街道
广东,珠三角,深圳,龙岗区,吉华街道
广东,珠三角,深圳,光明区,凤凰街道
广东,珠三角,深圳,坪山区,石井街道
广东,珠三角,深圳,福田区,莲花街道
广东,珠三角,深圳,福田区,香蜜湖街道
广东,珠三角,深圳,罗湖区,翠竹街道
广东,珠三角,深圳,罗湖区,南湖街道
广东,珠三角,深圳,龙岗区,园山街道
广东,珠三角,深圳,光明区,马田街道
广东,珠三角,深圳,坪山区,坑梓街道
广东,珠三角,深圳,宝安区,福永街道
广东,珠三角,深圳,深汕特别合作区,赤石镇
广东,珠三角,深圳,深汕特别合作区,鹅埠
广东,珠三角,深圳,罗湖区,东门街道
广东,珠三角,深圳,龙岗区,平湖街道
广东,珠三角,深圳,龙岗区,坂田街道
广东,珠三角,深圳,龙岗区,坪地街道
广东,珠三角,深圳,龙岗区,布吉街道
广东,珠三角,深圳,光明区,光明街道
广东,珠三角,深圳,光明区,新湖街道
广东,珠三角,深圳,南山区,南头街道
广东,珠三角,深圳,宝安区,燕罗街道
广东,珠三角,深圳,深汕特别合作区,赤石
广东,珠三角,深圳,光明区,玉塘街道
广东,珠三角,深圳,南山区,蛇口街道
广东,珠三角,深圳,南山区,南山街道
广东,珠三角,深圳,南山区,西丽街道
广东,珠三角,深圳,宝安区,石岩街道
广东,珠三角,深圳,宝安区,西乡街道
广东,珠三角,深圳,宝安区,航城街道
广东,珠三角,深圳,盐田区,沙头角街道
广东,珠三角,深圳,福田区,南园街道
广东,珠三角,深圳,罗湖区,笋岗街道
广东,珠三角,深圳,龙岗区,葵涌街道
广东,珠三角,深圳,,
广东,珠三角,深圳,光明区,公明街道
广东,珠三角,深圳,大鹏新区,南澳街道
广东,珠三角,深圳,宝安区,新安街道
广东,珠三角,深圳,深汕特别合作区,鲘门
广东,珠三角,深圳,福田区,华强北街道
广东,珠三角,深圳,罗湖区,桂园街道
广东,珠三角,深圳,罗湖区,黄贝街道
广东,珠三角,深圳,龙岗区,大鹏街道
广东,珠三角,深圳,南山区,沙河街道
广东,珠三角,深圳,坪山区,坪山街道
广东,珠三角,深圳,坪山区,马峦街道
广东,珠三角,深圳,大鹏新区,葵涌办
广东,珠三角,深圳,大鹏新区,南澳办
广东,珠三角,深圳,宝安区,松岗街道
广东,粤北,清远,清城区,清远市国营银盏林场
广东,粤北,清远,佛冈县,龙山镇
广东,粤北,清远,清城区,东城街道
广东,粤北,清远,英德市,英红镇
广东,粤北,清远,英德市,大湾镇
广东,粤北,清远,英德市,西牛镇
广东,粤北,清远,英德市,白沙镇
广东,粤北,清远,英德市,石牯塘镇
广东,粤北,清远,英德市,黎溪镇
广东,粤北,清远,连州市,九陂镇
广东,粤北,清远,连州市,连州镇
广东,粤北,清远,阳山县,小江镇
广东,粤北,清远,佛冈县,汤塘镇
广东,粤北,清远,清城区,龙塘镇
广东,粤北,清远,英德市,黄花镇
广东,粤北,清远,连山壮族瑶族自治县,永和镇
广东,粤北,清远,连山壮族瑶族自治县,太保镇
广东,粤北,清远,连州市,瑶安瑶族乡
广东,粤北,清远,阳山县,阳城镇
广东,粤北,清远,连山壮族瑶族自治县,禾洞镇
广东,粤北,清远,连山壮族瑶族自治县,禾洞农林场
广东,粤北,清远,连州市,东陂镇
广东,粤北,清远,清城,飞来峡
广东,粤北,清远,连州市,龙坪林场
广东,粤北,清远,阳山县,阳山县与乳源瑶族自治县争议地
广东,粤北,清远,佛冈县,石角镇
广东,粤北,清远,佛冈县,水头镇
广东,粤北,清远,佛冈县,迳头镇
广东,粤北,清远,清城区,石角镇
广东,粤北,清远,清新区,三坑镇
广东,粤北,清远,清新区,太平镇
广东,粤北,清远,清新区,笔架林场
广东,粤北,清远,英德市,石灰铺镇
广东,粤北,清远,英德市,桥头镇
广东,粤北,清远,连南瑶族自治县,大坪镇
广东,粤北,清远,连山壮族瑶族自治县,福堂镇
广东,粤北,清远,连州市,大路边镇
广东,粤北,清远,连州市,星子镇
广东,粤北,清远,连州市,三水瑶族乡
广东,粤北,清远,英德市,下太镇
广东,粤北,清远,连南瑶族自治县,三排镇
广东,粤北,清远,清新区,笔架山林场
广东,粤北,清远,清新区,浸潭镇
广东,粤北,清远,清新区,龙颈镇
广东,粤北,清远,英德市,英城街道
广东,粤北,清远,英德市,望埠镇
广东,粤北,清远,英德市,连江口镇
广东,粤北,清远,连南瑶族自治县,三江镇
广东,粤北,清远,连南瑶族自治县,香坪镇
广东,粤北,清远,连山壮族瑶族自治县,上帅镇
广东,粤北,清远,阳山县,青莲镇
广东,粤北,清远,清城区,洲心街道
广东,粤北,清远,清城区,横荷街道
广东,粤北,清远,清新区,山塘镇
广东,粤北,清远,英德市,东华镇
广东,粤北,清远,英德市,横石水镇
广东,粤北,清远,英德市,大洞镇
广东,粤北,清远,英德市,波罗镇
广东,粤北,清远,英德市,含光镇
广东,粤北,清远,连山壮族瑶族自治县,小三江镇
广东,粤北,清远,连州市,保安镇
广东,粤北,清远,英德市,九龙镇
广东,粤北,清远,清城,石角
广东,粤北,清远,清新区,石潭镇
广东,粤北,清远,清新区,太和镇
广东,粤北,清远,英德市,水边镇
广东,粤北,清远,英德市,横石塘镇
广东,粤北,清远,英德市,大站镇
广东,粤北,清远,连南瑶族自治县,大麦山镇
广东,粤北,清远,连州市,龙坪镇
广东,粤北,清远,连州市,西江镇
广东,粤北,清远,阳山县,七拱镇
广东,粤北,清远,阳山县,岭背镇
广东,粤北,清远,阳山县,黄坌镇
广东,粤北,清远,阳山县,大崀镇
广东,粤北,清远,阳山县,江英镇
广东,粤北,清远,清新区,禾云镇
广东,粤北,清远,英德市,青塘镇
广东,粤北,清远,英德市,浛洸镇
广东,粤北,清远,连南瑶族自治县,寨岗镇
广东,粤北,清远,连山壮族瑶族自治县,吉田镇
广东,粤北,清远,阳山县,杨梅镇
广东,粤北,清远,阳山县,黎埠镇
广东,粤北,清远,佛冈县,羊角山林场
广东,粤北,清远,清城区,迎咀水库
广东,粤北,清远,佛冈县,高岗镇
广东,粤北,清远,清城区,飞来峡镇
广东,粤北,清远,清城区,凤城街道
广东,粤北,清远,清城区,源潭镇
广东,粤北,清远,英德市,沙口镇
广东,粤北,清远,连南瑶族自治县,涡水镇
广东,粤北,清远,连州市,丰阳镇
广东,粤北,清远,连州市,西岸镇
广东,粤北,清远,阳山县,秤架瑶族乡
广东,粤北,清远,阳山县,杜步镇
广东,粤北,清远,阳山县,太平镇
广东,粤北,清远,清城,龙塘
广东,粤西,湛江,吴川市,黄坡镇
广东,粤西,湛江,吴川市,海滨街道
广东,粤西,湛江,坡头区,坡头镇
广东,粤西,湛江,廉江市,青平镇
广东,粤西,湛江,吴川市,覃巴镇
广东,粤西,湛江,坡头区,南调街道
广东,粤西,湛江,徐闻县,
广东,粤西,湛江,遂溪县,附城镇
广东,粤西,湛江,徐闻县,新寮镇
广东,粤西,湛江,遂溪县,江洪镇
广东,粤西,湛江,霞山区,新兴街道
广东,粤西,湛江,赤坎区,寸金街道
广东,粤西,湛江,遂溪县,乌塘镇
广东,粤西,湛江,遂溪县,洋青镇
广东,粤西,湛江,雷州市,东里镇
广东,粤西,湛江,雷州市,龙门镇
广东,粤西,湛江,雷州市,乌石镇
广东,粤西,湛江,麻章区,东山镇
广东,粤西,湛江,吴川市,吴阳镇
广东,粤西,湛江,廉江市,石角镇
广东,粤西,湛江,廉江市,城北街道
广东,粤西,湛江,徐闻县,南山镇
广东,粤西,湛江,吴川市,振文镇
广东,粤西,湛江,廉江市,城南街道
广东,粤西,湛江,廉江市,罗州街道
广东,粤西,湛江,徐闻县,角尾乡
广东,粤西,湛江,遂溪县,界炮镇
广东,粤西,湛江,雷州市,覃斗镇
广东,粤西,湛江,徐闻县,迈陈镇
广东,粤西,湛江,雷州市,调风镇
广东,粤西,湛江,雷州市,松竹镇
广东,粤西,湛江,雷州市,雷高镇
广东,粤西,湛江,遂溪县,遂城街道
广东,粤西,湛江,雷州市,杨家镇
广东,粤西,湛江,霞山区,新园街道
广东,粤西,湛江,麻章区,太平镇
广东,粤西,湛江,麻章区,麻章镇
广东,粤西,湛江,坡头区,官渡镇
广东,粤西,湛江,廉江市,长山镇
广东,粤西,湛江,廉江市,塘蓬镇
广东,粤西,湛江,廉江市,良垌镇
广东,粤西,湛江,廉江市,石岭镇
广东,粤西,湛江,廉江市,横山镇
广东,粤西,湛江,徐闻县,西连镇
广东,粤西,湛江,徐闻县,前山镇
广东,粤西,湛江,廉江市,石城镇
广东,粤西,湛江,廉江市,石颈镇
广东,粤西,湛江,赤坎区,调顺街道
广东,粤西,湛江,遂溪县,建新镇
广东,粤西,湛江,霞山区,海滨街道
广东,粤西,湛江,徐闻县,徐城街道
广东,粤西,湛江,遂溪县,黄略镇
广东,粤西,湛江,遂溪县,草潭镇
广东,粤西,湛江,雷州市,沈塘镇
广东,粤西,湛江,霞山区,爱国街道
广东,粤西,湛江,麻章区,东简镇
广东,粤西,湛江,吴川市,梅菉街道
广东,粤西,湛江,廉江市,高桥镇
广东,粤西,湛江,廉江市,车板镇
广东,粤西,湛江,廉江市,吉水镇
广东,粤西,湛江,徐闻县,龙塘镇
广东,粤西,湛江,徐闻县,下洋镇
广东,粤西,湛江,吴川市,塘尾街道
广东,粤西,湛江,徐闻县,海安镇
广东,粤西,湛江,遂溪县,遂城镇
广东,粤西,湛江,雷州市,唐家镇
广东,粤西,湛江,雷州市,西湖街道
广东,粤西,湛江,麻章区,硇洲镇
广东,粤西,湛江,吴川市,兰石镇
广东,粤西,湛江,吴川市,浅水镇
广东,粤西,湛江,廉江市,雅塘镇
广东,粤西,湛江,廉江市,安铺镇
广东,粤西,湛江,廉江市,河唇镇
广东,粤西,湛江,徐闻县,锦和镇
广东,粤西,湛江,遂溪县,乐民镇
广东,粤西,湛江,麻章区,东简街道
广东,粤西,湛江,麻章区,民安镇
广东,粤西,湛江,麻章区,东山街道
广东,粤西,湛江,吴川市,大山江街道
广东,粤西,湛江,遂溪县,广前公司
广东,粤西,湛江,雷州市,白沙镇
广东,粤西,湛江,雷州市,客路镇
广东,粤西,湛江,雷州市,英利镇
广东,粤西,湛江,霞山区,友谊街道
广东,粤西,湛江,吴川市,长岐镇
广东,粤西,湛江,廉江市,新民镇
广东,粤西,湛江,吴川市,王村港镇
广东,粤西,湛江,坡头区,龙头镇
广东,粤西,湛江,坡头区,乾塘镇
广东,粤西,湛江,雷州市,附城镇
广东,粤西,湛江,霞山区,海头街道
广东,粤西,湛江,遂溪县,河头镇
广东,粤西,湛江,雷州市,南兴镇
广东,粤西,湛江,雷州市,北和镇
广东,粤西,湛江,吴川市,塘缀镇
广东,粤西,湛江,坡头区,南三镇
广东,粤西,湛江,廉江市,和寮镇
广东,粤西,湛江,徐闻县,下桥镇
广东,粤西,湛江,遂溪县,城月镇
广东,粤西,湛江,遂溪县,北坡镇
广东,粤西,湛江,遂溪县,港门镇
广东,粤西,湛江,雷州市,纪家镇
广东,粤西,湛江,雷州市,企水镇
广东,粤西,湛江,麻章区,湖光镇
广东,粤西,湛江,吴川市,樟铺镇
广东,粤西,湛江,廉江市,营仔镇
广东,粤西,湛江,徐闻县,曲界镇
广东,粤西,湛江,徐闻县,城北乡
广东,粤西,湛江,徐闻县,和安镇
广东,粤西,湛江,,
广东,粤西,湛江,吴川市,
广东,粤西,湛江,吴川市,博铺街道
广东,粤西,湛江,坡头区,麻斜街道
广东,粤西,湛江,遂溪县,岭北镇
广东,粤西,湛江,赤坎区,中华街道
广东,粤西,湛江,赤坎区,沙湾街道
广东,粤西,湛江,遂溪县,杨柑镇
广东,粤东,潮州,湘桥区,金山街道
广东,粤东,潮州,饶平县,高堂镇
广东,粤东,潮州,饶平县,浮山镇
广东,粤东,潮州,湘桥区,城西街道
广东,粤东,潮州,潮安区,江东镇
广东,粤东,潮州,饶平县,所城镇
广东,粤东,潮州,潮安区,浮洋镇
广东,粤东,潮州,饶平县,汤溪镇
广东,粤东,潮州,湘桥区,凤新街道
广东,粤东,潮州,湘桥区,磷溪镇
广东,粤东,潮州,饶平县,海山镇
广东,粤东,潮州,饶平县,汫洲镇
广东,粤东,潮州,湘桥区,太平街道
广东,粤东,潮州,潮安区,登塘镇
广东,粤东,潮州,饶平县,建饶镇
广东,粤东,潮州,饶平县,黄冈镇
广东,粤东,潮州,潮安区,沙溪镇
广东,粤东,潮州,湘桥区,桥东街道
广东,粤东,潮州,湘桥区,西新街道
广东,粤东,潮州,饶平县,新塘镇
广东,粤东,潮州,湘桥区,意溪镇
广东,粤东,潮州,饶平县,钱东镇
广东,粤东,潮州,潮安区,归湖镇
广东,粤东,潮州,潮安区,庵埠镇
广东,粤东,潮州,饶平县,上饶镇
广东,粤东,潮州,饶平县,东山镇
广东,粤东,潮州,饶平县,柘林镇
广东,粤东,潮州,饶平县,大埕镇
广东,粤东,潮州,湘桥区,红山农场
广东,粤东,潮州,潮安区,古巷镇
广东,粤东,潮州,潮安区,金石镇
广东,粤东,潮州,潮安区,凤塘镇
广东,粤东,潮州,饶平县,三饶镇
广东,粤东,潮州,饶平县,樟溪镇
广东,粤东,潮州,饶平县,饶洋镇
广东,粤东,潮州,潮安区,东凤镇
广东,粤东,潮州,饶平县,
广东,粤东,潮州,湘桥区,铁铺镇
广东,粤东,潮州,潮安区,赤凤镇
广东,粤东,潮州,饶平县,韩江林场
广东,粤东,潮州,饶平县,新丰镇
广东,粤东,潮州,饶平县,联饶镇
广东,粤东,潮州,潮安区,文祠镇
广东,粤东,潮州,潮安区,凤凰镇
广东,粤东,潮州,饶平县,浮滨镇
广东,粤东,潮州,饶平县,新圩镇
广东,粤东,潮州,湘桥区,官塘镇
广东,粤东,潮州,潮安区,彩塘镇
广东,粤东,潮州,潮安区,龙湖镇
广东,粤东,潮州,潮安区,枫溪镇
广东,珠三角,珠海,斗门区,井岸镇
广东,珠三角,珠海,香洲区,前山街道
广东,珠三角,珠海,香洲区,吉大街道
广东,珠三角,珠海,香洲区,桂山镇
广东,珠三角,珠海,金湾区,西城街道
广东,珠三角,珠海,香洲区,担杆镇
广东,珠三角,珠海,香洲区,湾仔街道
广东,珠三角,珠海,香洲区,狮山街道
广东,珠三角,珠海,香洲区,珠海市大镜山水库
广东,珠三角,珠海,斗门区,白蕉镇
广东,珠三角,珠海,金湾区,平沙镇
广东,珠三角,珠海,香洲区,唐家湾镇
广东,珠三角,珠海,香洲区,翠香街道
广东,珠三角,珠海,香洲区,横琴镇
广东,珠三角,珠海,香洲区,
广东,珠三角,珠海,香洲区,香湾街道
广东,珠三角,珠海,香洲区,南屏镇
广东,珠三角,珠海,香洲区,横琴
广东,珠三角,珠海,斗门区,白藤街道
广东,珠三角,珠海,金湾区,三灶镇
广东,珠三角,珠海,香洲区,梅华街道
广东,珠三角,珠海,香洲区,淇澳
广东,珠三角,珠海,斗门区,斗门区围垦公司雷蛛垦区
广东,珠三角,珠海,斗门区,斗门镇
广东,珠三角,珠海,斗门区,莲洲镇
广东,珠三角,珠海,金湾区,南水镇
广东,珠三角,珠海,香洲区,拱北街道
广东,珠三角,珠海,香洲区,万山镇
广东,珠三角,珠海,斗门区,赤鼻岛
广东,珠三角,珠海,斗门区,乾务镇
广东,珠三角,珠海,金湾区,红旗镇
广东,珠三角,肇庆,鼎湖区,坑口街道
广东,珠三角,肇庆,四会市,黄田镇
广东,珠三角,肇庆,四会市,迳口镇
广东,珠三角,肇庆,四会市,大旺街道
广东,珠三角,肇庆,封开县,河儿口镇
广东,珠三角,肇庆,封开县,平凤镇
广东,珠三角,肇庆,广宁县,南街街道
广东,珠三角,肇庆,德庆县,回龙镇
广东,珠三角,肇庆,德庆县,高良镇
广东,珠三角,肇庆,怀集县,闸岗镇
广东,珠三角,肇庆,高要区,白诸镇
广东,珠三角,肇庆,四会市,贞山街道
广东,珠三角,肇庆,四会市,龙甫镇
广东,珠三角,肇庆,四会市,罗源镇
广东,珠三角,肇庆,封开县,大玉口镇
广东,珠三角,肇庆,德庆县,悦城镇
广东,珠三角,肇庆,怀集县,中洲镇
广东,珠三角,肇庆,怀集县,下帅壮族瑶族乡
广东,珠三角,肇庆,端州区,黄岗街道
广东,珠三角,肇庆,高要区,河台镇
广东,珠三角,肇庆,封开县,江口街道
广东,珠三角,肇庆,怀集县,桥头镇
广东,珠三角,肇庆,怀集县,岗坪镇
广东,珠三角,肇庆,怀集县,连麦镇
广东,珠三角,肇庆,高要区,大湾镇
广东,珠三角,肇庆,高要区,小湘镇
广东,珠三角,肇庆,封开县,金装镇
广东,珠三角,肇庆,广宁县,古水镇
广东,珠三角,肇庆,广宁县,螺岗镇
广东,珠三角,肇庆,广宁县,江屯镇
广东,珠三角,肇庆,广宁县,五和镇
广东,珠三角,肇庆,高要区,蛟塘镇
广东,珠三角,肇庆,封开县,大洲镇
广东,珠三角,肇庆,广宁县,南街镇
广东,珠三角,肇庆,鼎湖区,凤凰镇
广东,珠三角,肇庆,四会市,大旺华侨农场
广东,珠三角,肇庆,封开县,渔涝镇
广东,珠三角,肇庆,封开县,罗董镇
广东,珠三角,肇庆,广宁县,赤坑镇
广东,珠三角,肇庆,怀集县,大岗镇
广东,珠三角,肇庆,怀集县,甘洒镇
广东,珠三角,肇庆,广宁县,坑口镇
广东,珠三角,肇庆,高要区,禄步镇
广东,珠三角,肇庆,高要区,新桥镇
广东,珠三角,肇庆,高要区,活道镇
广东,珠三角,肇庆,高要区,水南镇
广东,珠三角,肇庆,高要区,南岸街道
广东,珠三角,肇庆,高要区,金利镇
广东,珠三角,肇庆,封开县,南丰镇
广东,珠三角,肇庆,广宁县,石咀镇
广东,珠三角,肇庆,怀集县,怀城镇
广东,珠三角,肇庆,端州区,城东街道
广东,珠三角,肇庆,鼎湖区,莲花镇
广东,珠三角,肇庆,鼎湖区,沙浦镇
广东,珠三角,肇庆,封开县,连都镇
广东,珠三角,肇庆,德庆县,永丰镇
广东,珠三角,肇庆,德庆县,武垄镇
广东,珠三角,肇庆,德庆县,德城街道
广东,珠三角,肇庆,德庆县,新圩镇
广东,珠三角,肇庆,怀集县,汶朗镇
广东,珠三角,肇庆,怀集县,梁村镇
广东,珠三角,肇庆,高要区,金渡镇
广东,珠三角,肇庆,鼎湖区,永安镇
广东,珠三角,肇庆,德庆县,播植镇
广东,珠三角,肇庆,端州区,睦岗街道
广东,珠三角,肇庆,高要区,莲塘镇
广东,珠三角,肇庆,四会市,威整镇
广东,珠三角,肇庆,封开县,莲都镇
广东,珠三角,肇庆,封开县,长安镇
广东,珠三角,肇庆,广宁县,木格镇
广东,珠三角,肇庆,广宁县,潭布镇
广东,珠三角,肇庆,德庆县,莫村镇
广东,珠三角,肇庆,怀集县,怀城街道
广东,珠三角,肇庆,怀集县,蓝钟镇
广东,珠三角,肇庆,怀集县,诗洞镇
广东,珠三角,肇庆,高要区,白土镇
广东,珠三角,肇庆,鼎湖区,桂城街道
广东,珠三角,肇庆,封开县,江川镇
广东,珠三角,肇庆,怀集县,坳仔镇
广东,珠三角,肇庆,高要区,回龙镇
广东,珠三角,肇庆,四会市,东城街道
广东,珠三角,肇庆,广宁县,横山镇
广东,珠三角,肇庆,德庆县,官圩镇
广东,珠三角,肇庆,怀集县,马宁镇
广东,珠三角,肇庆,怀集县,凤岗镇
广东,珠三角,肇庆,怀集县,洽水镇
广东,珠三角,肇庆,怀集县,永固镇
广东,珠三角,肇庆,封开县,白垢镇
广东,珠三角,肇庆,怀集县,幸福街道
广东,珠三角,肇庆,四会市,城中街道
广东,珠三角,肇庆,四会市,江谷镇
广东,珠三角,肇庆,端州区,城西街道
广东,珠三角,肇庆,鼎湖区,广利街道
广东,珠三角,肇庆,四会市,石狗镇
广东,珠三角,肇庆,四会市,大沙镇
广东,珠三角,肇庆,封开县,长岗镇
广东,珠三角,肇庆,封开县,都平镇
广东,珠三角,肇庆,封开县,杏花镇
广东,珠三角,肇庆,封开县,江口镇
广东,珠三角,肇庆,广宁县,宾亨镇
广东,珠三角,肇庆,广宁县,洲仔镇
广东,珠三角,肇庆,广宁县,北市镇
广东,珠三角,肇庆,广宁县,排沙镇
广东,珠三角,肇庆,德庆县,凤村镇
广东,珠三角,肇庆,怀集县,冷坑镇
广东,珠三角,肇庆,高要区,蚬岗镇
广东,珠三角,肇庆,四会市,下茆镇
广东,珠三角,肇庆,四会市,地豆镇
广东,珠三角,肇庆,德庆县,九市镇
广东,珠三角,肇庆,德庆县,马圩镇
广东,珠三角,肇庆,德庆县,三叉顶林场
广东,珠三角,肇庆,高要区,乐城镇
广东,粤西,茂名,信宜市,玉都街道
广东,粤西,茂名,信宜市,贵子镇
广东,粤西,茂名,化州市,林尘镇
广东,粤西,茂名,化州市,播扬镇
广东,粤西,茂名,电白区,罗坑镇
广东,粤西,茂名,电白区,博贺镇
广东,粤西,茂名,茂南区,山阁镇
广东,粤西,茂名,茂南区,袂花镇
广东,粤西,茂名,高州市,大坡镇
广东,粤西,茂名,高州市,云潭镇
广东,粤西,茂名,高州市,南塘镇
广东,粤西,茂名,化州市,杨梅镇
广东,粤西,茂名,化州市,江湖镇
广东,粤西,茂名,电白区,沙院镇
广东,粤西,茂名,高州市,潘州街道
广东,粤西,茂名,信宜市,茶山镇
广东,粤西,茂名,化州市,河西街道
广东,粤西,茂名,电白区,南海街道
广东,粤西,茂名,高州市,山美街道
广东,粤西,茂名,信宜市,思贺镇
广东,粤西,茂名,信宜市,白石镇
广东,粤西,茂名,化州市,平定镇
广东,粤西,茂名,化州市,长岐镇
广东,粤西,茂名,电白区,沙琅镇
广东,粤西,茂名,电白区,黄岭镇
广东,粤西,茂名,电白区,那霍镇
广东,粤西,茂名,电白区,旦场镇
广东,粤西,茂名,高州市,东岸镇
广东,粤西,茂名,高州市,谢鸡镇
广东,粤西,茂名,化州市,丽岗镇
广东,粤西,茂名,滨海新区,博贺镇
广东,粤西,茂名,滨海新区,电城
广东,粤西,茂名,电白区,水东街道
广东,粤西,茂名,电白区,七迳镇
广东,粤西,茂名,电白区,坡心镇
广东,粤西,茂名,高州市,大井镇
广东,粤西,茂名,信宜市,平塘镇
广东,粤西,茂名,信宜市,池洞镇
广东,粤西,茂名,化州市,良光镇
广东,粤西,茂名,化州市,新安镇
广东,粤西,茂名,化州市,石湾街道
广东,粤西,茂名,电白区,高地街道
广东,粤西,茂名,茂南区,鳌头镇
广东,粤西,茂名,茂南区,金塘镇
广东,粤西,茂名,高州市,曹江镇
广东,粤西,茂名,高州市,荷塘镇
广东,粤西,茂名,高州市,泗水镇
广东,粤西,茂名,高州市,古丁镇
广东,粤西,茂名,化州市,鉴江街道
广东,粤西,茂名,电白区,电海街道
广东,粤西,茂名,高州市,镇江镇
广东,粤西,茂名,化州市,南盛街道
广东,粤西,茂名,电白区,树仔镇
广东,粤西,茂名,高州市,分界镇
广东,粤西,茂名,信宜市,丁堡镇
广东,粤西,茂名,信宜市,大成镇
广东,粤西,茂名,化州市,东山街道
广东,粤西,茂名,电白区,麻岗镇
广东,粤西,茂名,电白区,水东镇
广东,粤西,茂名,茂南区,茂南开发区、河东街道、红旗街道、
广东,粤西,茂名,高州市,沙田镇
广东,粤西,茂名,高州市,石仔岭街道
广东,粤西,茂名,高州市,潭头镇
广东,粤西,茂名,高州市,荷花镇
广东,粤西,茂名,化州市,下郭街道
广东,粤西,茂名,茂南区,新坡镇
广东,粤西,茂名,高州市,宝光街道
广东,粤西,茂名,高州市,石板镇
广东,粤西,茂名,信宜市,北界镇
广东,粤西,茂名,信宜市,朱砂镇
广东,粤西,茂名,信宜市,东镇街道
广东,粤西,茂名,信宜市,新宝镇
广东,粤西,茂名,信宜市,合水镇
广东,粤西,茂名,信宜市,洪冠镇
广东,粤西,茂名,信宜市,怀乡镇
广东,粤西,茂名,电白区,小良镇
广东,粤西,茂名,高州市,长坡镇
广东,粤西,茂名,高州市,石鼓镇
广东,粤西,茂名,高州市,平山镇
广东,粤西,茂名,化州市,宝圩镇
广东,粤西,茂名,化州市,中垌镇
广东,粤西,茂名,电白区,霞洞镇
广东,粤西,茂名,电白区,马踏镇
广东,粤西,茂名,电白区,望夫镇
广东,粤西,茂名,电白区,林头镇
广东,粤西,茂名,茂南区,镇盛镇
广东,粤西,茂名,茂南区,官渡街道
广东,粤西,茂名,高州市,新垌镇
广东,粤西,茂名,高州市,根子镇
广东,粤西,茂名,高州市,深镇镇
广东,粤西,茂名,信宜市,镇隆镇
广东,粤西,茂名,化州市,那务镇
广东,粤西,茂名,化州市,同庆镇
广东,粤西,茂名,化州市,官桥镇
广东,粤西,茂名,化州市,合江镇
广东,粤西,茂名,化州市,文楼镇
广东,粤西,茂名,电白区,观珠镇
广东,粤西,茂名,电白区,电城镇
广东,粤西,茂名,茂南区,高山镇
广东,粤西,茂名,茂南区,公馆镇
广东,粤西,茂名,茂南区,茂南区辖区
广东,粤西,茂名,高州市,马贵镇
广东,粤西,茂名,化州市,笪桥镇
广东,粤西,茂名,高州市,金山街道
广东,粤西,茂名,信宜市,金垌镇
广东,粤西,茂名,信宜市,钱排镇
广东,粤西,茂名,信宜市,水口镇
广东,粤西,茂名,电白区,羊角镇
广东,粤西,茂名,电白区,岭门镇
广东,粤西,茂名,茂南区,羊角镇
广东,粤西,阳江,阳春市,河西街道
广东,粤西,阳江,阳西县,织篢镇
广东,粤西,阳江,阳东区,新洲镇
广东,粤西,阳江,阳东区,东平镇
广东,粤西,阳江,阳东区,塘坪镇
广东,粤西,阳江,阳春市,春城街道
广东,粤西,阳江,阳春市,河朗镇
广东,粤西,阳江,阳西县,织?镇
广东,粤西,阳江,阳西县,程村镇
广东,粤西,阳江,江城区,南恩街道
广东,粤西,阳江,阳西县,阳西县岛屿
广东,粤西,阳江,阳西县,
广东,粤西,阳江,阳春市,双滘镇
广东,粤西,阳江,阳西县,织贡镇
广东,粤西,阳江,阳东区,红丰镇
广东,粤西,阳江,阳春市,陂面镇
广东,粤西,阳江,阳春市,三甲镇
广东,粤西,阳江,阳西县,塘口镇
广东,粤西,阳江,阳西县,沙扒镇
广东,粤西,阳江,江城区,白沙街道
广东,粤西,阳江,阳春市,合水镇
广东,粤西,阳江,阳春市,春湾镇
广东,粤西,阳江,阳春市,马水镇
广东,粤西,阳江,江城区,闸坡镇
广东,粤西,阳江,阳东区,大八镇
广东,粤西,阳江,阳东区,雅韶镇
广东,粤西,阳江,阳春市,石望镇
广东,粤西,阳江,阳西县,新圩镇
广东,粤西,阳江,阳西县,上洋镇
广东,粤西,阳江,江城区,平冈镇
广东,粤西,阳江,江城区,双捷镇
广东,粤西,阳江,阳东区,北惯镇
广东,粤西,阳江,阳西县,新墟镇
广东,粤西,阳江,阳东区,那龙镇
广东,粤西,阳江,阳春市,八甲镇
广东,粤西,阳江,阳春市,双窖镇
广东,粤西,阳江,阳西县,溪头镇
广东,粤西,阳江,江城区,城东街道
广东,粤西,阳江,阳东区,东城镇
广东,粤西,阳江,阳春市,河口镇
广东,粤西,阳江,阳春市,潭水镇
广东,粤西,阳江,阳春市,永宁镇
广东,粤西,阳江,阳西县,儒洞镇
广东,粤西,阳江,,
广东,粤西,阳江,江城区,埠场镇
广东,粤西,阳江,江城区,城西街道
广东,粤西,阳江,阳西县,织镇
广东,粤西,阳江,江城区,城北街道
广东,粤西,阳江,江城区,城南街道
广东,粤西,阳江,阳东区,大沟镇
广东,粤西,阳江,阳东区,合山镇
广东,粤西,阳江,阳春市,圭岗镇
广东,粤西,阳江,阳春市,松柏镇
广东,粤西,阳江,阳春市,岗美镇
广东,粤西,阳江,江城区,岗列街道
广东,粤北,韶关,乳源瑶族自治县,乳城镇
广东,粤北,韶关,乳源瑶族自治县,乳阳林业局
广东,粤北,韶关,乳源瑶族自治县,东坪镇
广东,粤北,韶关,南雄市,帽子峰镇
广东,粤北,韶关,始兴县,顿岗镇
广东,粤北,韶关,始兴县,马市镇
广东,粤北,韶关,始兴县,澄江镇
广东,粤北,韶关,新丰县,沙田镇
广东,粤北,韶关,翁源县,官渡镇
广东,粤北,韶关,翁源县,翁城镇
广东,粤北,韶关,曲江区,白土镇
广东,粤北,韶关,乐昌市,坪石镇
广东,粤北,韶关,乐昌市,长来镇
广东,粤北,韶关,仁化县,黄坑镇
广东,粤北,韶关,南雄市,主田镇
广东,粤北,韶关,南雄市,邓坊镇
广东,粤北,韶关,南雄市,全安镇
广东,粤北,韶关,始兴县,太平镇
广东,粤北,韶关,曲江区,枫湾镇
广东,粤北,韶关,武江区,重阳镇
广东,粤北,韶关,翁源县,龙仙镇
广东,粤北,韶关,新丰县,黄磜镇
广东,粤北,韶关,新丰县,
广东,粤北,韶关,乐昌市,云岩镇
广东,粤北,韶关,乐昌市,两江镇
广东,粤北,韶关,乐昌市,廊田镇
广东,粤北,韶关,乐昌市,大源镇
广东,粤北,韶关,乐昌市,秀水镇
广东,粤北,韶关,乳源瑶族自治县,大布镇
广东,粤北,韶关,仁化县,长江镇
广东,粤北,韶关,南雄市,坪田镇
广东,粤北,韶关,始兴县,沈所镇
广东,粤北,韶关,新丰县,回龙镇
广东,粤北,韶关,新丰县,遥田镇
广东,粤北,韶关,浈江区,花坪镇
广东,粤北,韶关,翁源县,新江镇
广东,粤北,韶关,武江区,新华街道
广东,粤北,韶关,翁源县,铁龙镇
广东,粤北,韶关,翁源县,铁龙林场
广东,粤北,韶关,乐昌市,梅花镇
广东,粤北,韶关,乳源瑶族自治县,一六镇
广东,粤北,韶关,乳源瑶族自治县,游溪镇
广东,粤北,韶关,仁化县,石塘镇
广东,粤北,韶关,仁化县,闻韶镇
广东,粤北,韶关,南雄市,雄州街道
广东,粤北,韶关,南雄市,江头镇
广东,粤北,韶关,南雄市,乌迳镇
广东,粤北,韶关,南雄市,油山镇
广东,粤北,韶关,南雄市,湖口镇
广东,粤北,韶关,浈江区,乐园镇
广东,粤北,韶关,武江区,惠民街道
广东,粤北,韶关,乐昌市,北乡镇
广东,粤北,韶关,乐昌市,九峰镇
广东,粤北,韶关,乳源瑶族自治县,桂头镇
广东,粤北,韶关,仁化县,丹霞街道
广东,粤北,韶关,南雄市,南亩镇
广东,粤北,韶关,南雄市,水口镇
广东,粤北,韶关,南雄市,澜河镇
广东,粤北,韶关,始兴县,司前镇
广东,粤北,韶关,新丰县,马头镇
广东,粤北,韶关,新丰县,黄礤镇
广东,粤北,韶关,曲江区,罗坑镇
广东,粤北,韶关,武江区,西联镇
广东,粤北,韶关,南雄市,古市镇
广东,粤北,韶关,乐昌市,沙坪镇
广东,粤北,韶关,乐昌市,五山镇
广东,粤北,韶关,乐昌市,白石镇
广东,粤北,韶关,乐昌市,三溪镇
广东,粤北,韶关,乳源瑶族自治县,洛阳镇
广东,粤北,韶关,乳源瑶族自治县,必背镇
广东,粤北,韶关,乐昌市,黄圃镇
广东,粤北,韶关,仁化县,城口镇
广东,粤北,韶关,仁化县,周田镇
广东,粤北,韶关,仁化县,大桥镇
广东,粤北,韶关,仁化县,扶溪镇
广东,粤北,韶关,南雄市,珠玑镇
广东,粤北,韶关,新丰县,丰城街道
广东,粤北,韶关,新丰县,梅坑镇
广东,粤北,韶关,曲江区,大塘镇
广东,粤北,韶关,曲江区,樟市镇
广东,粤北,韶关,曲江区,沙溪镇
广东,粤北,韶关,曲江区,马坝镇
广东,粤北,韶关,浈江区,新韶镇
广东,粤北,韶关,翁源县,周陂镇
广东,粤北,韶关,翁源县,坝仔镇
广东,粤北,韶关,翁源县,江尾镇
广东,粤北,韶关,始兴县,城南镇
广东,粤北,韶关,乐昌市,乐城街道
广东,粤北,韶关,乳源瑶族自治县,大桥镇
广东,粤北,韶关,仁化县,红山镇
广东,粤北,韶关,南雄市,黄坑镇
广东,粤北,韶关,南雄市,界址镇
广东,粤北,韶关,南雄市,百顺镇
广东,粤北,韶关,始兴县,隘子镇
广东,粤北,韶关,曲江区,乌石镇
广东,粤北,韶关,武江区,龙归镇
广东,粤北,韶关,武江区,西河镇
广东,粤北,韶关,武江区,江湾镇
广东,粤北,韶关,浈江区,犁市镇
广东,粤北,韶关,,
广东,粤北,韶关,浈江区,风采街道
广东,粤北,韶关,乐昌市,庆云镇
广东,粤北,韶关,仁化县,董塘镇
广东,粤北,韶关,始兴县,罗坝镇
广东,粤北,韶关,始兴县,深渡水乡
广东,粤北,韶关,始兴县,深渡水瑶族乡
广东,粤北,韶关,曲江区,小坑镇
广东,粤北,韶关,浈江区,十里亭镇
