"V_PRCODE","REGION","V_CITY","V_COUNTY"
广东,珠三角,东莞,东莞市
广东,珠三角,东莞,
广东,珠三角,中山,中山市
广东,粤西,云浮,云城区
广东,粤西,云浮,郁南县
广东,粤西,云浮,云安区
广东,粤西,云浮,罗定市
广东,粤西,云浮,新兴县
广东,珠三角,佛山,南海区
广东,珠三角,佛山,高明区
广东,珠三角,佛山,顺德区
广东,珠三角,佛山,禅城区
广东,珠三角,佛山,三水区
广东,珠三角,佛山,
广东,珠三角,广州,白云区
广东,珠三角,广州,从化区
广东,珠三角,广州,越秀区
广东,珠三角,广州,黄埔区
广东,珠三角,广州,天河区
广东,珠三角,广州,荔湾区
广东,珠三角,广州,南沙区
广东,珠三角,广州,番禺区
广东,珠三角,广州,增城区
广东,珠三角,广州,海珠区
广东,珠三角,广州,
广东,珠三角,广州,花都区
广东,珠三角,惠州,惠东县
广东,珠三角,惠州,
广东,珠三角,惠州,大亚湾区
广东,珠三角,惠州,龙门县
广东,珠三角,惠州,惠阳区
广东,珠三角,惠州,惠城区
广东,珠三角,惠州,仲恺区
广东,珠三角,惠州,博罗县
广东,珠三角,惠州,惠州海面
广东,粤东,揭阳,普宁市
广东,粤东,揭阳,揭东区
广东,粤东,揭阳,揭西县
广东,粤东,揭阳,惠来县
广东,粤东,揭阳,榕城区
广东,粤北,梅州,大埔县
广东,粤北,梅州,梅县区
广东,粤北,梅州,梅江区
广东,粤北,梅州,平远县
广东,粤北,梅州,蕉岭县
广东,粤北,梅州,五华县
广东,粤北,梅州,丰顺县
广东,粤北,梅州,兴宁市
广东,粤东,汕头,潮南区
广东,粤东,汕头,濠江区
广东,粤东,汕头,潮阳区
广东,粤东,汕头,金平区
广东,粤东,汕头,龙湖区
广东,粤东,汕头,
广东,粤东,汕头,南澳县
广东,粤东,汕头,澄海区
广东,粤东,汕尾,红海湾开发区
广东,粤东,汕尾,陆河县
广东,粤东,汕尾,海丰县
广东,粤东,汕尾,
广东,粤东,汕尾,陆丰市
广东,粤东,汕尾,城区
广东,珠三角,江门,台山市
广东,珠三角,江门,开平市
广东,珠三角,江门,江海区
广东,珠三角,江门,恩平市
广东,珠三角,江门,蓬江区
广东,珠三角,江门,鹤山市
广东,珠三角,江门,新会区
广东,粤北,河源,龙川县
广东,粤北,河源,源城区
广东,粤北,河源,东源县
广东,粤北,河源,紫金县
广东,粤北,河源,连平县
广东,粤北,河源,和平县
广东,珠三角,深圳,福田区
广东,珠三角,深圳,坪山区
广东,珠三角,深圳,光明区
广东,珠三角,深圳,龙岗区
广东,珠三角,深圳,大鹏新区
广东,珠三角,深圳,
广东,珠三角,深圳,宝安区
广东,珠三角,深圳,南山区
广东,珠三角,深圳,罗湖区
广东,珠三角,深圳,盐田区
广东,珠三角,深圳,龙华区
广东,珠三角,深圳,深汕特别合作区
广东,粤北,清远,清新区
广东,粤北,清远,英德市
广东,粤北,清远,连南瑶族自治县
广东,粤北,清远,佛冈县
广东,粤北,清远,清城区
广东,粤北,清远,连州市
广东,粤北,清远,清城
广东,粤北,清远,连山壮族瑶族自治县
广东,粤北,清远,阳山县
广东,粤西,湛江,
广东,粤西,湛江,坡头区
广东,粤西,湛江,霞山区
广东,粤西,湛江,赤坎区
广东,粤西,湛江,徐闻县
广东,粤西,湛江,吴川市
广东,粤西,湛江,廉江市
广东,粤西,湛江,遂溪县
广东,粤西,湛江,雷州市
广东,粤西,湛江,麻章区
广东,粤东,潮州,潮安区
广东,粤东,潮州,湘桥区
广东,粤东,潮州,饶平县
广东,珠三角,珠海,香洲区
广东,珠三角,珠海,斗门区
广东,珠三角,珠海,金湾区
广东,珠三角,肇庆,鼎湖区
广东,珠三角,肇庆,高要区
广东,珠三角,肇庆,广宁县
广东,珠三角,肇庆,端州区
广东,珠三角,肇庆,怀集县
广东,珠三角,肇庆,德庆县
广东,珠三角,肇庆,封开县
广东,珠三角,肇庆,四会市
广东,粤西,茂名,茂南区
广东,粤西,茂名,化州市
广东,粤西,茂名,电白区
广东,粤西,茂名,信宜市
广东,粤西,茂名,高州市
广东,粤西,茂名,滨海新区
广东,粤西,阳江,江城区
广东,粤西,阳江,阳春市
广东,粤西,阳江,阳东区
广东,粤西,阳江,
广东,粤西,阳江,阳西县
广东,粤北,韶关,乳源瑶族自治县
广东,粤北,韶关,曲江区
广东,粤北,韶关,南雄市
广东,粤北,韶关,武江区
广东,粤北,韶关,乐昌市
广东,粤北,韶关,新丰县
广东,粤北,韶关,浈江区
广东,粤北,韶关,翁源县
广东,粤北,韶关,仁化县
广东,粤北,韶关,
广东,粤北,韶关,始兴县
