"STACODE","STANAME","LONGITUDE","LATITUDE","COUNTY","CITY","PROV","DATESTT"
"45007",香港,114.185376,22.33173,,香港,香港,1947-01-01 00:00:00
"45011",澳门,113.601674,22.172008,,澳门,澳门,1952-01-01 00:00:00
"56444",德钦,98.816631,28.469346,德钦县,迪庆,云南,1954-01-01 00:00:00
"56483",绥江,103.919617,28.667443,绥江县,昭通,云南,1959-01-01 00:00:00
"56489",永善,103.597445,28.204276,永善县,昭通,云南,1959-01-01 00:00:00
"56497",盐津,104.185586,28.173672,盐津县,昭通,云南,1959-01-01 00:00:00
"56533",贡山,98.668604,27.807336,贡山独龙族怒族自治县,怒江,云南,1958-01-01 00:00:00
"56543",香格里拉,99.797926,27.789877,香格里拉市,迪庆,云南,1958-01-01 00:00:00
"56548",维西,99.345473,27.124832,维西傈僳族自治县,迪庆,云南,1955-01-01 00:00:00
"56567",宁蒗,100.954312,27.270031,宁蒗彝族自治县,丽江,云南,1959-01-01 00:00:00
"56582",大关,103.809435,27.8449,大关县,昭通,云南,1959-01-01 00:00:00
"56585",鲁甸,103.592129,27.156712,鲁甸县,昭通,云南,1959-01-01 00:00:00
"56586",昭阳,103.649732,27.408044,昭阳区,昭通,云南,1951-01-01 00:00:00
"56594",彝良,104.006785,27.558659,彝良县,昭通,云南,1959-01-01 00:00:00
"56595",镇雄,104.872691,27.459385,镇雄县,昭通,云南,1957-01-01 00:00:00
"56596",威信,105.059261,27.785077,威信县,昭通,云南,1959-01-01 00:00:00
"56598",赫章,104.729101,27.041336,赫章县,毕节,贵州,1959-01-01 00:00:00
"56641",福贡,98.810005,26.794112,福贡县,怒江,云南,1959-01-01 00:00:00
"56643",泸水,98.824896,25.854112,泸水市,怒江,云南,1977-01-01 00:00:00
"56645",兰坪,99.367141,26.504058,兰坪白族普米族自治县,怒江,云南,1957-01-01 00:00:00
"56646",剑川,99.854621,26.49763,剑川县,大理,云南,1957-01-01 00:00:00
"56649",洱源,99.905947,26.184024,洱源县,大理,云南,1957-01-01 00:00:00
"56651",玉龙,100.284204,26.7717,玉龙纳西族自治县,丽江,云南,1951-01-01 00:00:00
"56652",永胜,100.788715,26.734731,永胜县,丽江,云南,1957-01-01 00:00:00
"56654",鹤庆,100.143888,26.523086,鹤庆县,大理,云南,1959-01-01 00:00:00
"56664",华坪,101.188963,26.546363,华坪县,丽江,云南,1957-01-01 00:00:00
"56669",永仁,101.595758,26.081432,永仁县,楚雄,云南,1958-01-01 00:00:00
"56673",巧家,102.904646,26.986003,巧家县,昭通,云南,1959-01-01 00:00:00
"56684",会泽,103.208197,26.444613,会泽县,曲靖,云南,1953-01-01 00:00:00
"56688",东川,103.135514,26.004208,东川区,昆明,云南,1955-01-01 00:00:00
"56691",威宁,104.37095,26.818211,威宁彝族回族苗族自治县,毕节,贵州,1951-01-01 00:00:00
"56693",钟山,104.836409,26.659819,钟山区,六盘水,贵州,1957-01-01 00:00:00
"56697",宣威,104.177268,26.257207,宣威市,曲靖,云南,1958-01-01 00:00:00
"56739",腾冲,98.48091,24.923562,腾冲市,保山,云南,1951-01-01 00:00:00
"56742",云龙,99.366807,25.797062,云龙县,大理,云南,1958-01-01 00:00:00
"56745",漾濞,99.966604,25.627021,漾濞彝族自治县,大理,云南,1959-01-01 00:00:00
"56746",永平,99.535914,25.428597,永平县,大理,云南,1959-01-01 00:00:00
"56748",隆阳,99.13122,25.022774,隆阳区,保山,云南,1951-01-01 00:00:00
"56751",大理,100.11408,25.621157,大理市,大理,云南,1951-01-01 00:00:00
"56752",宾川,100.617546,25.767441,宾川县,大理,云南,1955-01-01 00:00:00
"56755",弥渡,100.30319,25.486426,弥渡县,大理,云南,1959-01-01 00:00:00
"56756",祥云,100.510779,25.450576,祥云县,大理,云南,1959-01-01 00:00:00
"56757",巍山,100.33762,25.178972,巍山彝族回族自治县,大理,云南,1957-01-01 00:00:00
"56761",大姚,101.336236,25.754424,大姚县,楚雄,云南,1959-01-01 00:00:00
"56763",元谋,101.851117,25.816772,元谋县,楚雄,云南,1956-01-01 00:00:00
"56764",姚安,101.177015,25.500003,姚安县,楚雄,云南,1958-01-01 00:00:00
"56766",牟定,101.477065,25.277014,牟定县,楚雄,云南,1959-01-01 00:00:00
"56767",南华,101.303879,25.175665,南华县,楚雄,云南,1959-01-01 00:00:00
"56768",楚雄,101.518914,25.124556,楚雄市,楚雄,云南,1953-01-01 00:00:00
"56772",富民,102.450266,25.170052,富民县,昆明,云南,1959-01-01 00:00:00
"56774",武定,102.364889,25.577148,武定县,楚雄,云南,1957-01-01 00:00:00
"56775",禄劝,102.536985,25.529813,禄劝彝族苗族自治县,昆明,云南,1959-01-01 00:00:00
"56777",禄丰,102.120683,25.184393,禄丰市,楚雄,云南,1957-01-01 00:00:00
"56778",西山,102.571733,25.051666,西山区,昆明,云南,1951-01-01 00:00:00
"56781",寻甸,103.259098,25.45831,寻甸回族彝族自治县,昆明,云南,1959-01-01 00:00:00
"56782",马龙,103.510055,25.36112,马龙区,曲靖,云南,1959-01-01 00:00:00
"56783",麒麟,103.783656,25.535882,麒麟区,曲靖,云南,1974-01-01 00:00:00
"56785",嵩明,103.122178,25.399665,嵩明县,昆明,云南,1955-01-01 00:00:00
"56786",沾益,103.856839,25.701738,沾益区,曲靖,云南,1951-01-01 00:00:00
"56788",陆良,103.626936,24.903831,陆良县,曲靖,云南,1957-01-01 00:00:00
"56790",富源,104.301359,25.660286,富源县,曲靖,云南,1959-01-01 00:00:00
"56792",普安,104.908739,25.787338,普安县,黔西南,贵州,1961-01-01 00:00:00
"56793",盘县,104.462857,25.736609,盘州市,六盘水,贵州,1951-01-01 00:00:00
"56835",陇川,97.719666,24.151565,陇川县,德宏,云南,1958-01-01 00:00:00
"56836",盈江,97.857501,24.744135,盈江县,德宏,云南,1954-01-01 00:00:00
"56838",瑞丽,97.851633,24.055083,瑞丽市,德宏,云南,1957-01-01 00:00:00
"56839",镇康,98.722366,23.855524,镇康县,临沧,云南,1961-01-01 00:00:00
"56840",梁河,98.175041,24.747246,梁河县,德宏,云南,1958-01-01 00:00:00
"56841",龙陵,98.737676,24.658709,龙陵县,保山,云南,1959-01-01 00:00:00
"56842",施甸,99.228378,24.732373,施甸县,保山,云南,1964-01-01 00:00:00
"56843",昌宁,99.655959,24.757322,昌宁县,保山,云南,1959-01-01 00:00:00
"56844",芒市,98.501722,24.504692,芒市,德宏,云南,1955-01-01 00:00:00
"56846",凤庆,99.9635,24.669149,凤庆县,临沧,云南,1959-01-01 00:00:00
"56849",永德,99.171965,24.036164,永德县,临沧,云南,1957-01-01 00:00:00
"56851",南涧,100.517952,25.120845,南涧彝族自治县,大理,云南,1962-01-01 00:00:00
"56854",云县,100.079508,24.401174,云县,临沧,云南,1957-01-01 00:00:00
"56856",景东,100.89427,24.47098,景东彝族自治县,普洱,云南,1956-01-01 00:00:00
"56862",双柏,101.555703,24.639847,双柏县,楚雄,云南,1959-01-01 00:00:00
"56863",安宁,102.575176,24.912104,安宁市,昆明,云南,1960-01-01 00:00:00
"56867",镇沅,101.124406,24.0044,镇沅彝族哈尼族拉祜族自治县,普洱,云南,1959-01-01 00:00:00
"56869",新平,102.070897,24.023462,新平彝族傣族自治县,玉溪,云南,1957-01-01 00:00:00
"56870",易门,102.138662,24.750774,易门县,玉溪,云南,1957-01-01 00:00:00
"56871",晋宁,102.607729,24.64208,晋宁区,昆明,云南,1957-01-01 00:00:00
"56872",西山,102.568682,24.97619,西山区,昆明,云南,1954-01-01 00:00:00
"56873",澄江,102.914467,24.752797,澄江市,玉溪,云南,1959-01-01 00:00:00
"56875",红塔,102.600068,24.292872,红塔区,玉溪,云南,1951-01-01 00:00:00
"56876",江川,102.807762,24.25833,江川区,玉溪,云南,1959-01-01 00:00:00
"56878",通海,102.801386,24.10686,通海县,玉溪,云南,1959-01-01 00:00:00
"56879",华宁,102.988687,24.203397,华宁县,玉溪,云南,1959-01-01 00:00:00
"56880",宜良,103.061043,24.794779,宜良县,昆明,云南,1959-01-01 00:00:00
"56881",石林,103.248812,24.715338,石林彝族自治县,昆明,云南,1959-01-01 00:00:00
"56882",呈贡,102.732042,24.973115,呈贡区,昆明,云南,1961-01-01 00:00:00
"56883",师宗,104.05112,24.744119,师宗县,曲靖,云南,1960-01-01 00:00:00
"56885",弥勒,103.486509,24.376208,弥勒市,红河,云南,1959-01-01 00:00:00
"56886",泸西,103.673509,24.56555,泸西县,红河,云南,1958-01-01 00:00:00
"56889",丘北,104.236924,23.956104,丘北县,文山,云南,1957-01-01 00:00:00
"56891",罗平,104.389036,24.864576,罗平县,曲靖,云南,1957-01-01 00:00:00
"56898",峨山,102.417329,24.112939,峨山彝族自治县,玉溪,云南,1960-01-01 00:00:00
"56944",沧源,99.309822,23.20763,沧源佤族自治县,临沧,云南,1959-01-01 00:00:00
"56946",耿马,99.354494,23.60917,耿马傣族佤族自治县,临沧,云南,1959-01-01 00:00:00
"56948",西盟,99.66703,22.621183,西盟佤族自治县,普洱,云南,1960-01-01 00:00:00
"56949",孟连,99.6478,22.324328,孟连傣族拉祜族佤族自治县,普洱,云南,1959-01-01 00:00:00
"56950",双江,99.792814,23.465654,双江拉祜族佤族布朗族傣族自治县,临沧,云南,1957-01-01 00:00:00
"56951",临翔,100.165175,23.869911,临翔区,临沧,云南,1954-01-01 00:00:00
"56952",景谷,100.722926,23.55955,景谷傣族彝族自治县,普洱,云南,1957-01-01 00:00:00
"56954",澜沧,99.912241,22.616741,澜沧拉祜族自治县,普洱,云南,1954-01-01 00:00:00
"56958",勐海,100.494754,21.992794,勐海县,西双版纳,云南,1959-01-01 00:00:00
"56959",景洪,100.720979,22.070665,景洪市,西双版纳,云南,1954-01-01 00:00:00
"56961",宁洱,101.109639,23.000401,宁洱哈尼族彝族自治县,普洱,云南,1959-01-01 00:00:00
"56962",墨江,101.637552,23.425151,墨江哈尼族自治县,普洱,云南,1957-01-01 00:00:00
"56964",思茅,101.089531,22.846668,思茅区,普洱,云南,1952-01-01 00:00:00
"56966",元江,102.033646,23.641982,元江哈尼族彝族傣族自治县,玉溪,云南,1954-01-01 00:00:00
"56969",勐腊,101.561994,21.424776,勐腊县,西双版纳,云南,1957-01-01 00:00:00
"56970",石屏,102.412856,23.75775,石屏县,红河,云南,1959-01-01 00:00:00
"56973",建水,102.762312,23.650996,建水县,红河,云南,1957-01-01 00:00:00
"56975",红河,102.447092,23.46085,红河县,红河,云南,1959-01-01 00:00:00
"56976",元阳,102.874359,23.172167,元阳县,红河,云南,1958-01-01 00:00:00
"56977",江城,101.899687,22.517993,江城哈尼族彝族自治县,普洱,云南,1957-01-01 00:00:00
"56978",绿春,102.340289,23.065523,绿春县,红河,云南,1960-01-01 00:00:00
"56982",开远,103.200779,23.777383,开远市,红河,云南,1955-01-01 00:00:00
"56984",个旧,103.208139,23.353178,个旧市,红河,云南,1958-01-01 00:00:00
"56985",蒙自,103.272416,23.43751,蒙自市,红河,云南,1951-01-01 00:00:00
"56986",屏边,103.770147,23.04332,屏边苗族自治县,红河,云南,1955-01-01 00:00:00
"56987",金平,103.203128,22.764809,金平苗族瑶族傣族自治县,红河,云南,1957-01-01 00:00:00
"56989",河口,103.866475,22.55203,河口瑶族自治县,红河,云南,1954-01-01 00:00:00
"56991",砚山,104.265628,23.678097,砚山县,文山,云南,1958-01-01 00:00:00
"56992",西畴,104.593164,23.375184,西畴县,文山,云南,1959-01-01 00:00:00
"56994",文山,104.293591,23.317464,文山市,文山,云南,1956-01-01 00:00:00
"56995",马关,104.407818,22.960273,马关县,文山,云南,1959-01-01 00:00:00
"56996",麻栗坡,104.632536,23.081291,麻栗坡县,文山,云南,1960-01-01 00:00:00
"57544",龙山,109.517578,29.429975,龙山县,湘西,湖南,1960-01-01 00:00:00
"57554",桑植,110.217885,29.322095,桑植县,张家界,湖南,1958-01-01 00:00:00
"57558",永定,110.323748,29.19449,永定区,张家界,湖南,1957-01-01 00:00:00
"57562",石门,111.405599,29.592705,石门县,常德,湖南,1960-01-01 00:00:00
"57564",慈利,111.176566,29.335614,慈利县,张家界,湖南,1957-01-01 00:00:00
"57565",澧县,111.634728,29.660455,澧县,常德,湖南,1958-01-01 00:00:00
"57566",临澧,111.573663,29.488322,临澧县,常德,湖南,1960-01-01 00:00:00
"57574",南县,112.475589,29.38298,南县,益阳,湖南,1959-01-01 00:00:00
"57575",华容,112.522466,29.494607,华容县,岳阳,湖南,1960-01-01 00:00:00
"57577",安乡,112.18087,29.33007,安乡县,常德,湖南,1960-01-01 00:00:00
"57584",岳阳楼,113.051089,29.325144,岳阳楼区,岳阳,湖南,1953-01-01 00:00:00
"57585",临湘,113.475527,29.502378,临湘市,岳阳,湖南,1959-01-01 00:00:00
"57598",修水,114.497113,29.034193,修水县,九江,江西,1953-01-01 00:00:00
"57606",桐梓,106.80356,28.199649,桐梓县,遵义,贵州,1951-01-01 00:00:00
"57609",赤水,105.803219,28.467,赤水市,遵义,贵州,1957-01-01 00:00:00
"57614",习水,106.291169,28.26594,习水县,遵义,贵州,1958-01-01 00:00:00
"57623",道真,107.674418,28.95833,道真仡佬族苗族自治县,遵义,贵州,1957-01-01 00:00:00
"57625",正安,107.519012,28.583376,正安县,遵义,贵州,1959-01-01 00:00:00
"57634",务川,107.82283,28.521385,务川仡佬族苗族自治县,遵义,贵州,1960-01-01 00:00:00
"57636",沿河,108.525405,28.561138,沿河土家族自治县,铜仁,贵州,1957-01-01 00:00:00
"57637",德江,108.160591,28.240929,德江县,铜仁,贵州,1959-01-01 00:00:00
"57640",花垣,109.489676,28.668471,花垣县,湘西,湖南,1956-01-01 00:00:00
"57642",保靖,109.67896,28.706983,保靖县,湘西,湖南,1960-01-01 00:00:00
"57643",永顺,109.869465,28.99967,永顺县,湘西,湖南,1958-01-01 00:00:00
"57646",古丈,109.881697,28.713663,古丈县,湘西,湖南,1960-01-01 00:00:00
"57647",松桃,109.142006,28.256742,松桃苗族自治县,铜仁,贵州,1957-01-01 00:00:00
"57649",吉首,109.647512,28.312029,吉首市,湘西,湖南,1958-01-01 00:00:00
"57655",沅陵,110.444668,28.36986,沅陵县,怀化,湖南,1953-01-01 00:00:00
"57657",泸溪,110.234331,28.14582,泸溪县,湘西,湖南,1960-01-01 00:00:00
"57658",辰溪,110.258987,27.955085,辰溪县,怀化,湖南,1958-01-01 00:00:00
"57661",桃源,111.560561,28.982726,桃源县,常德,湖南,1960-01-01 00:00:00
"57662",武陵,111.766355,29.036492,武陵区,常德,湖南,1951-01-01 00:00:00
"57663",汉寿,111.965671,29.015297,汉寿县,常德,湖南,1960-01-01 00:00:00
"57666",桃江,112.138907,28.501142,桃江县,益阳,湖南,1957-01-01 00:00:00
"57669",安化,111.329722,28.365654,安化县,益阳,湖南,1955-01-01 00:00:00
"57671",沅江,112.403496,28.747634,沅江市,益阳,湖南,1955-01-01 00:00:00
"57673",湘阴,112.889533,28.675204,湘阴县,岳阳,湖南,1958-01-01 00:00:00
"57674",赫山,112.394274,28.54064,赫山区,益阳,湖南,1960-01-01 00:00:00
"57678",宁乡,112.520368,28.297673,宁乡市,长沙,湖南,1959-01-01 00:00:00
"57679",长沙,113.208893,28.217419,长沙县,长沙,湖南,1951-01-01 00:00:00
"57680",汨罗,113.0571,28.939134,汨罗市,岳阳,湖南,1967-01-01 00:00:00
"57682",平江,113.494704,28.620326,平江县,岳阳,湖南,1957-01-01 00:00:00
"57687",岳麓,112.748968,28.188577,岳麓区,长沙,湖南,1970-01-01 00:00:00
"57688",浏阳,113.670318,28.098342,浏阳市,长沙,湖南,1960-01-01 00:00:00
"57694",铜鼓,114.376987,28.560099,铜鼓县,宜春,江西,1957-01-01 00:00:00
"57696",宜丰,114.677685,28.480894,宜丰县,宜春,江西,1959-01-01 00:00:00
"57698",万载,114.524998,28.131877,万载县,宜春,江西,1959-01-01 00:00:00
"57699",上高,114.961077,28.225031,上高县,宜春,江西,1957-01-01 00:00:00
"57707",七星关,105.203738,27.208173,七星关区,毕节,贵州,1951-01-01 00:00:00
"57708",大方,105.583335,27.11418,大方县,毕节,贵州,1957-01-01 00:00:00
"57710",仁怀,106.452173,27.777044,仁怀市,遵义,贵州,1960-01-01 00:00:00
"57712",汇川,107.032845,27.808978,汇川区,遵义,贵州,2005-01-01 00:00:00
"57714",金沙,106.232373,27.506706,金沙县,毕节,贵州,1960-01-01 00:00:00
"57717",播州,106.837601,27.494092,播州区,遵义,贵州,1960-01-01 00:00:00
"57718",息烽,106.799422,27.187657,息烽县,贵阳,贵州,1957-01-01 00:00:00
"57719",开阳,106.978608,27.031575,开阳县,贵阳,贵州,1961-01-01 00:00:00
"57720",绥阳,107.25226,27.911943,绥阳县,遵义,贵州,1958-01-01 00:00:00
"57722",湄潭,107.480573,27.839127,湄潭县,遵义,贵州,1951-01-01 00:00:00
"57723",凤冈,107.706551,28.034589,凤冈县,遵义,贵州,1959-01-01 00:00:00
"57728",瓮安,107.524998,26.942547,瓮安县,黔南,贵州,1960-01-01 00:00:00
"57729",余庆,107.961455,27.148125,余庆县,遵义,贵州,1960-01-01 00:00:00
"57731",思南,108.214586,27.991587,思南县,铜仁,贵州,1951-01-01 00:00:00
"57732",印江,108.409945,28.072151,印江土家族苗族自治县,铜仁,贵州,1959-01-01 00:00:00
"57734",石阡,108.193734,27.542028,石阡县,铜仁,贵州,1959-01-01 00:00:00
"57735",岑巩,108.8892,27.222659,岑巩县,黔东南,贵州,1960-01-01 00:00:00
"57736",江口,108.91398,27.79592,江口县,铜仁,贵州,1959-01-01 00:00:00
"57737",施秉,108.185097,27.093008,施秉县,黔东南,贵州,1957-01-01 00:00:00
"57738",镇远,108.464192,27.067179,镇远县,黔东南,贵州,1954-01-01 00:00:00
"57739",玉屏,108.958049,27.287914,玉屏侗族自治县,铜仁,贵州,1959-01-01 00:00:00
"57740",凤凰,109.664416,27.977519,凤凰县,湘西,湖南,1958-01-01 00:00:00
"57741",碧江,109.142835,27.711675,碧江区,铜仁,贵州,1951-01-01 00:00:00
"57742",万山,109.140427,27.523783,万山区,铜仁,贵州,1957-01-01 00:00:00
"57743",麻阳,109.864048,27.767395,麻阳苗族自治县,怀化,湖南,1959-01-01 00:00:00
"57744",新晃,109.247444,27.369119,新晃侗族自治县,怀化,湖南,1960-01-01 00:00:00
"57745",芷江,109.634473,27.540579,芷江侗族自治县,怀化,湖南,1951-01-01 00:00:00
"57749",鹤城,110.043011,27.64473,鹤城区,怀化,湖南,2003-01-01 00:00:00
"57752",溆浦,110.697708,27.903991,溆浦县,怀化,湖南,1955-01-01 00:00:00
"57754",洪江,109.739487,27.254958,洪江市,怀化,湖南,1959-01-01 00:00:00
"57758",洞口,110.598766,26.959233,洞口县,邵阳,湖南,1958-01-01 00:00:00
"57760",冷水江,111.518861,27.643443,冷水江市,娄底,湖南,1971-01-01 00:00:00
"57761",新化,111.269772,27.801807,新化县,娄底,湖南,1957-01-01 00:00:00
"57762",涟源,111.7785,27.660769,涟源市,娄底,湖南,1960-01-01 00:00:00
"57763",娄星,112.075291,27.751527,娄星区,娄底,湖南,1979-01-01 00:00:00
"57766",大祥,111.544447,27.163634,大祥区,邵阳,湖南,1951-01-01 00:00:00
"57767",隆回,111.024261,27.104382,隆回县,邵阳,湖南,1957-01-01 00:00:00
"57768",新邵,111.41041,27.294692,新邵县,邵阳,湖南,1960-01-01 00:00:00
"57769",邵东,111.680944,27.251135,邵东市,邵阳,湖南,1957-01-01 00:00:00
"57771",韶山,112.600836,27.836104,韶山市,湘潭,湖南,1958-01-01 00:00:00
"57772",湘乡,112.452283,27.793928,湘乡市,湘潭,湖南,1959-01-01 00:00:00
"57773",湘潭,112.877096,27.831039,湘潭县,湘潭,湖南,1957-01-01 00:00:00
"57774",双峰,112.29616,27.395445,双峰县,娄底,湖南,1957-01-01 00:00:00
"57776",南岳,112.778424,27.226822,南岳区,衡阳,湖南,1953-01-01 00:00:00
"57777",衡山,112.891269,27.314379,衡山县,衡阳,湖南,1960-01-01 00:00:00
"57778",衡东,113.019855,26.978627,衡东县,衡阳,湖南,1967-01-01 00:00:00
"57779",攸县,113.401502,27.025571,攸县,株洲,湖南,1960-01-01 00:00:00
"57780",荷塘,113.139182,27.79873,荷塘区,株洲,湖南,1955-01-01 00:00:00
"57781",醴陵,113.590928,27.703167,醴陵市,株洲,湖南,1956-01-01 00:00:00
"57783",上栗,113.727092,27.938949,上栗县,萍乡,江西,2012-01-01 00:00:00
"57786",萍乡,113.918062,27.581906,安源区,萍乡,江西,1955-01-01 00:00:00
"57789",莲花,113.975688,27.086822,莲花县,萍乡,江西,1957-01-01 00:00:00
"57792",分宜,114.649536,27.779795,分宜县,新余,江西,1959-01-01 00:00:00
"57793",袁州,114.333548,27.695561,袁州区,宜春,江西,1953-01-01 00:00:00
"57794",芦溪,113.930542,27.585998,芦溪县,萍乡,江西,2012-01-01 00:00:00
"57796",渝水,114.842375,27.91499,渝水区,新余,江西,1959-01-01 00:00:00
"57798",安福,114.53697,27.366877,安福县,吉安,江西,1958-01-01 00:00:00
"57799",吉安,114.865456,26.943827,吉安县,吉安,江西,1952-01-01 00:00:00
"57800",纳雍,105.369108,26.776826,纳雍县,毕节,贵州,1959-01-01 00:00:00
"57803",黔西,105.980902,27.000242,黔西市,毕节,贵州,1957-01-01 00:00:00
"57805",织金,105.690138,26.627213,织金县,毕节,贵州,1958-01-01 00:00:00
"57806",西秀,105.961631,26.320871,西秀区,安顺,贵州,1951-01-01 00:00:00
"57807",六枝,105.422565,26.239468,六枝特区,六盘水,贵州,1957-01-01 00:00:00
"57808",普定,105.82906,26.397183,普定县,安顺,贵州,1958-01-01 00:00:00
"57809",镇宁,105.714522,26.059888,镇宁布依族苗族自治县,安顺,贵州,1960-01-01 00:00:00
"57811",修文,106.608292,26.907117,修文县,贵阳,贵州,1963-01-01 00:00:00
"57813",清镇,106.528592,26.542212,清镇市,贵阳,贵州,1957-01-01 00:00:00
"57814",平坝,106.225436,26.369983,平坝区,安顺,贵州,1958-01-01 00:00:00
"57816",云岩,106.647111,26.501389,云岩区,贵阳,贵州,2016-01-01 00:00:00
"57818",长顺,106.367546,25.952888,长顺县,黔南,贵州,1961-01-01 00:00:00
"57821",福泉,107.448946,26.708088,福泉市,黔南,贵州,1957-01-01 00:00:00
"57822",黄平,107.905567,26.819393,黄平县,黔东南,贵州,1974-01-01 00:00:00
"57824",贵定,107.203006,26.612425,贵定县,黔南,贵州,1957-01-01 00:00:00
"57825",凯里,108.076701,26.498816,凯里市,黔东南,贵州,1958-01-01 00:00:00
"57827",都匀,107.477485,26.282407,都匀市,黔南,贵州,1957-01-01 00:00:00
"57828",麻江,107.485776,26.542359,麻江县,黔东南,贵州,1960-01-01 00:00:00
"57829",丹寨,107.869654,26.213609,丹寨县,黔东南,贵州,1957-01-01 00:00:00
"57832",三穗,108.625027,26.908748,三穗县,黔东南,贵州,1958-01-01 00:00:00
"57834",台江,108.326716,26.752602,台江县,黔东南,贵州,1959-01-01 00:00:00
"57835",剑河,108.338155,26.768493,剑河县,黔东南,贵州,1960-01-01 00:00:00
"57837",雷山,108.064871,26.35945,雷山县,黔东南,贵州,1960-01-01 00:00:00
"57839",黎平,109.160527,26.209088,黎平县,黔东南,贵州,1957-01-01 00:00:00
"57840",天柱,109.301808,26.968345,天柱县,黔东南,贵州,1959-01-01 00:00:00
"57841",靖州,109.70342,26.644889,靖州苗族侗族自治县,怀化,湖南,1962-01-01 00:00:00
"57842",会同,109.813317,26.866029,会同县,怀化,湖南,1958-01-01 00:00:00
"57844",锦屏,109.244415,26.578563,锦屏县,黔东南,贵州,1957-01-01 00:00:00
"57845",通道,109.738848,26.221685,通道侗族自治县,怀化,湖南,1957-01-01 00:00:00
"57846",绥宁,110.060581,26.553397,绥宁县,邵阳,湖南,1960-01-01 00:00:00
"57851",新宁,110.758204,26.386762,新宁县,邵阳,湖南,1957-01-01 00:00:00
"57853",武冈,110.650591,26.692559,武冈市,邵阳,湖南,1953-01-01 00:00:00
"57857",城步,110.288242,26.436689,城步苗族自治县,邵阳,湖南,1957-01-01 00:00:00
"57859",资源,110.584789,26.091325,资源县,桂林,广西,1957-01-01 00:00:00
"57860",邵阳,111.199741,26.960718,邵阳县,邵阳,湖南,1960-01-01 00:00:00
"57865",冷水滩,111.652344,26.569355,冷水滩区,永州,湖南,1981-01-01 00:00:00
"57866",零陵,111.546435,26.280805,零陵区,永州,湖南,1951-01-01 00:00:00
"57867",东安,111.309698,26.360073,东安县,永州,湖南,1960-01-01 00:00:00
"57868",祁阳,111.903318,26.647225,祁阳市,永州,湖南,1958-01-01 00:00:00
"57870",祁东,112.095555,26.707902,祁东县,衡阳,湖南,1960-01-01 00:00:00
"57871",衡阳,112.336427,26.987415,衡阳县,衡阳,湖南,1960-01-01 00:00:00
"57872",石鼓,112.543674,26.886872,石鼓区,衡阳,湖南,1951-01-01 00:00:00
"57874",常宁,112.399873,26.378738,常宁市,衡阳,湖南,1960-01-01 00:00:00
"57875",衡南,112.62249,26.771028,衡南县,衡阳,湖南,1955-01-01 00:00:00
"57876",耒阳,112.793985,26.33143,耒阳市,衡阳,湖南,1958-01-01 00:00:00
"57881",安仁,113.307217,26.698196,安仁县,郴州,湖南,1960-01-01 00:00:00
"57882",茶陵,113.507165,26.708141,茶陵县,株洲,湖南,1957-01-01 00:00:00
"57883",井冈山,114.369695,26.705762,井冈山市,吉安,江西,1957-01-01 00:00:00
"57886",炎陵,113.722584,26.389588,炎陵县,株洲,湖南,1958-01-01 00:00:00
"57887",永兴,113.207265,26.163611,永兴县,郴州,湖南,1960-01-01 00:00:00
"57889",桂东,114.02303,26.084981,桂东县,郴州,湖南,1958-01-01 00:00:00
"57891",永新,114.243855,26.988066,永新县,吉安,江西,1958-01-01 00:00:00
"57894",井冈山,114.079822,26.636255,井冈山市,吉安,江西,1959-01-01 00:00:00
"57895",万安,114.816975,26.540322,万安县,吉安,江西,1959-01-01 00:00:00
"57896",遂川,114.554082,26.256705,遂川县,吉安,江西,1951-01-01 00:00:00
"57899",泰和,114.921203,26.76277,泰和县,吉安,江西,1959-01-01 00:00:00
"57900",晴隆,105.175185,25.808817,晴隆县,黔西南,贵州,1959-01-01 00:00:00
"57902",兴仁,105.10451,25.451526,兴仁市,黔西南,贵州,1951-01-01 00:00:00
"57903",关岭,105.66008,26.034628,关岭布依族苗族自治县,安顺,贵州,1959-01-01 00:00:00
"57905",贞丰,105.708754,25.453764,贞丰县,黔西南,贵州,1960-01-01 00:00:00
"57906",望谟,106.07559,25.229642,望谟县,黔西南,贵州,1959-01-01 00:00:00
"57907",兴义,104.821499,25.103801,兴义市,黔西南,贵州,1957-01-01 00:00:00
"57908",安龙,105.529583,25.213715,安龙县,黔西南,贵州,1959-01-01 00:00:00
"57909",册亨,105.802501,24.91052,册亨县,黔西南,贵州,1956-01-01 00:00:00
"57910",紫云,106.029742,25.759406,紫云苗族布依族自治县,安顺,贵州,1959-01-01 00:00:00
"57911",白云,106.610588,26.62229,白云区,贵阳,贵州,1982-01-01 00:00:00
"57912",惠水,106.737211,26.23306,惠水县,黔南,贵州,1958-01-01 00:00:00
"57913",龙里,106.969442,26.547214,龙里县,黔南,贵州,1960-01-01 00:00:00
"57914",花溪,106.739815,26.437966,花溪区,贵阳,贵州,1960-01-01 00:00:00
"57915",乌当,106.826552,26.705328,乌当区,贵阳,贵州,1960-01-01 00:00:00
"57916",罗甸,106.82192,25.490611,罗甸县,黔南,贵州,1952-01-01 00:00:00
"57921",平塘,107.263972,25.81787,平塘县,黔南,贵州,1962-01-01 00:00:00
"57922",独山,107.573577,25.768855,独山县,黔南,贵州,1951-01-01 00:00:00
"57923",三都,107.931851,26.007016,三都水族自治县,黔南,贵州,1960-01-01 00:00:00
"57926",荔波,107.893652,25.442477,荔波县,黔南,贵州,1958-01-01 00:00:00
"57927",天峨,107.09118,24.96647,天峨县,河池,广西,1959-01-01 00:00:00
"57932",榕江,108.532186,25.880033,榕江县,黔东南,贵州,1954-01-01 00:00:00
"57936",从江,108.861118,25.74131,从江县,黔东南,贵州,1961-01-01 00:00:00
"57941",三江,109.512355,25.771151,三江侗族自治县,柳州,广西,1959-01-01 00:00:00
"57942",龙胜,110.021553,25.704058,龙胜各族自治县,桂林,广西,1957-01-01 00:00:00
"57947",融安,109.46716,25.220286,融安县,柳州,广西,1957-01-01 00:00:00
"57948",融水,109.24187,25.148315,融水苗族自治县,柳州,广西,1959-01-01 00:00:00
"57949",永福,110.090948,24.899586,永福县,桂林,广西,1957-01-01 00:00:00
"57954",临桂,110.228049,25.21878,临桂区,桂林,广西,1964-01-01 00:00:00
"57955",兴安,110.674932,25.623333,兴安县,桂林,广西,1957-01-01 00:00:00
"57956",灵川,110.351528,25.469496,灵川县,桂林,广西,1963-01-01 00:00:00
"57957",叠彩,110.262688,25.268933,叠彩区,桂林,广西,1951-01-01 00:00:00
"57958",雁山,110.222669,25.117113,雁山区,桂林,广西,1987-01-01 00:00:00
"57960",全州,111.127533,25.9124,全州县,桂林,广西,1957-01-01 00:00:00
"57962",双牌,111.676167,26.077497,双牌县,永州,湖南,1971-01-01 00:00:00
"57964",灌阳,111.221444,25.44842,灌阳县,桂林,广西,1957-01-01 00:00:00
"57965",道县,111.682447,25.539711,道县,永州,湖南,1960-01-01 00:00:00
"57966",宁远,111.985126,25.574801,宁远县,永州,湖南,1960-01-01 00:00:00
"57969",江永,111.391433,25.350937,江永县,永州,湖南,1960-01-01 00:00:00
"57971",新田,112.270028,25.98938,新田县,永州,湖南,1957-01-01 00:00:00
"57972",北湖,113.058154,25.680825,北湖区,郴州,湖南,1952-01-01 00:00:00
"57973",桂阳,112.763397,25.846892,桂阳县,郴州,湖南,1960-01-01 00:00:00
"57974",嘉禾,112.313497,25.489911,嘉禾县,郴州,湖南,1960-01-01 00:00:00
"57975",蓝山,112.132169,25.418042,蓝山县,永州,湖南,1958-01-01 00:00:00
"57976",宜章,112.991846,25.459129,宜章县,郴州,湖南,1958-01-01 00:00:00
"57978",临武,112.499554,25.214266,临武县,郴州,湖南,1960-01-01 00:00:00
"57981",资兴,113.241172,26.020318,资兴市,郴州,湖南,1960-01-01 00:00:00
"57985",汝城,113.778377,25.45545,汝城县,郴州,湖南,1959-01-01 00:00:00
"57988",乐昌,113.252911,25.142907,乐昌市,韶关,广东,1959-01-01 00:00:00
"57989",仁化,113.859509,25.140057,仁化县,韶关,广东,1962-01-01 00:00:00
"57990",崇义,114.333379,25.651169,崇义县,赣州,江西,1959-01-01 00:00:00
"57991",上犹,114.575555,25.803721,上犹县,赣州,江西,1959-01-01 00:00:00
"57992",南康,114.743187,25.576681,南康区,赣州,江西,1957-01-01 00:00:00
"57993",赣县,114.926992,25.932397,赣县区,赣州,江西,1951-01-01 00:00:00
"57994",大余,114.30688,25.50034,大余县,赣州,江西,1955-01-01 00:00:00
"57995",信丰,114.952747,25.303359,信丰县,赣州,江西,1957-01-01 00:00:00
"57996",南雄,114.267338,25.056291,南雄市,韶关,广东,1955-01-01 00:00:00
"58502",浔阳,115.954683,29.572144,浔阳区,九江,江西,1951-01-01 00:00:00
"58503",瑞昌,115.594604,29.680336,瑞昌市,九江,江西,1959-01-01 00:00:00
"58505",柴桑,115.9518,29.607028,柴桑区,九江,江西,2012-01-01 00:00:00
"58506",庐山,115.978041,29.486506,庐山市,九江,江西,1955-01-01 00:00:00
"58507",武宁,115.145017,29.200805,武宁县,九江,江西,1957-01-01 00:00:00
"58508",德安,115.772212,29.376537,德安县,九江,江西,1959-01-01 00:00:00
"58509",永修,115.797326,29.050366,永修县,九江,江西,1956-01-01 00:00:00
"58510",湖口,116.293853,29.785761,湖口县,九江,江西,1959-01-01 00:00:00
"58512",彭泽,116.522293,29.796985,彭泽县,九江,江西,1956-01-01 00:00:00
"58514",濂溪,115.939111,29.509929,濂溪区,九江,江西,1959-01-01 00:00:00
"58517",都昌,116.202508,29.152467,都昌县,九江,江西,1959-01-01 00:00:00
"58519",鄱阳,116.659494,28.947081,鄱阳县,上饶,江西,1955-01-01 00:00:00
"58524",浮梁,117.249807,29.282872,浮梁县,景德镇,江西,2012-01-01 00:00:00
"58527",昌江,117.184363,29.21769,昌江区,景德镇,江西,1953-01-01 00:00:00
"58529",婺源,117.872504,29.332906,婺源县,上饶,江西,1957-01-01 00:00:00
"58600",靖安,115.291329,28.894245,靖安县,宜春,江西,1957-01-01 00:00:00
"58601",奉新,115.283167,28.693569,奉新县,宜春,江西,1959-01-01 00:00:00
"58602",安义,115.463888,28.929089,安义县,南昌,江西,1959-01-01 00:00:00
"58604",共青城,115.738018,29.173145,共青城市,九江,江西,2018-01-01 00:00:00
"58605",高安,115.345248,28.455174,高安市,宜春,江西,1959-01-01 00:00:00
"58606",青云谱,115.823958,28.575629,青云谱区,南昌,江西,1951-01-01 00:00:00
"58607",南昌,115.987017,28.430052,南昌县,南昌,江西,1954-01-01 00:00:00
"58608",樟树,115.623534,27.983791,樟树市,宜春,江西,1957-01-01 00:00:00
"58609",丰城,115.773251,28.266007,丰城市,宜春,江西,1957-01-01 00:00:00
"58612",余干,116.681299,28.711496,余干县,上饶,江西,1959-01-01 00:00:00
"58614",进贤,116.305406,28.407377,进贤县,南昌,江西,1959-01-01 00:00:00
"58615",万年,117.170357,28.726359,万年县,上饶,江西,1959-01-01 00:00:00
"58616",余江,116.790542,28.214108,余江区,鹰潭,江西,1955-01-01 00:00:00
"58618",东乡,116.545286,28.219685,东乡区,抚州,江西,1959-01-01 00:00:00
"58619",临川,116.205681,27.860751,临川区,抚州,江西,2006-01-01 00:00:00
"58620",乐平,117.009766,29.027578,乐平市,景德镇,江西,1957-01-01 00:00:00
"58622",德兴,117.481577,29.038792,德兴市,上饶,江西,1958-01-01 00:00:00
"58623",广信,118.003273,28.509049,广信区,上饶,江西,1980-01-01 00:00:00
"58624",弋阳,117.526509,28.391342,弋阳县,上饶,江西,1956-01-01 00:00:00
"58625",横峰,117.651539,28.444046,横峰县,上饶,江西,1959-01-01 00:00:00
"58626",贵溪,117.287423,28.241668,贵溪市,鹰潭,江西,1953-01-01 00:00:00
"58627",贵溪,117.113038,28.230353,贵溪市,鹰潭,江西,1974-01-01 00:00:00
"58629",铅山,117.654519,28.380632,铅山县,上饶,江西,1959-01-01 00:00:00
"58634",玉山,118.279877,28.644177,玉山县,上饶,江西,1951-01-01 00:00:00
"58635",广丰,118.190233,28.410382,广丰区,上饶,江西,1959-01-01 00:00:00
"58637",信州,118.076169,28.403683,信州区,上饶,江西,1957-01-01 00:00:00
"58693",新建,115.516224,28.553171,新建区,南昌,江西,1957-01-01 00:00:00
"58701",新干,115.30845,27.676369,新干县,吉安,江西,1959-01-01 00:00:00
"58704",峡江,115.304134,27.633977,峡江县,吉安,江西,1958-01-01 00:00:00
"58705",永丰,115.411459,27.346761,永丰县,吉安,江西,1959-01-01 00:00:00
"58706",乐安,115.918087,27.451068,乐安县,抚州,江西,1957-01-01 00:00:00
"58707",吉水,115.19146,27.183638,吉水县,吉安,江西,1959-01-01 00:00:00
"58710",崇仁,116.058579,27.776887,崇仁县,抚州,江西,1959-01-01 00:00:00
"58712",金溪,116.705261,27.960202,金溪县,抚州,江西,1959-01-01 00:00:00
"58713",资溪,117.037033,27.682691,资溪县,抚州,江西,1957-01-01 00:00:00
"58714",宜黄,116.13958,27.491836,宜黄县,抚州,江西,1959-01-01 00:00:00
"58715",南城,116.687378,27.533669,南城县,抚州,江西,1953-01-01 00:00:00
"58718",南丰,116.651431,27.21221,南丰县,抚州,江西,1957-01-01 00:00:00
"58719",黎川,116.888758,27.348614,黎川县,抚州,江西,1957-01-01 00:00:00
"58724",光泽,117.310478,27.604009,光泽县,南平,福建,1959-01-01 00:00:00
"58725",邵武,117.55301,27.222201,邵武市,南平,福建,1957-01-01 00:00:00
"58730",武夷山,117.979089,27.780679,武夷山市,南平,福建,1957-01-01 00:00:00
"58731",浦城,118.559942,27.86462,浦城县,南平,福建,1951-01-01 00:00:00
"58734",建阳,118.154654,27.288528,建阳区,南平,福建,1951-01-01 00:00:00
"58735",松溪,118.743195,27.617653,松溪县,南平,福建,1957-01-01 00:00:00
"58736",政和,118.914107,27.327092,政和县,南平,福建,1960-01-01 00:00:00
"58737",建瓯,118.33441,27.123117,建瓯市,南平,福建,1956-01-01 00:00:00
"58744",寿宁,119.522707,27.543894,寿宁县,宁德,福建,1957-01-01 00:00:00
"58747",周宁,119.402597,27.134869,周宁县,宁德,福建,1960-01-01 00:00:00
"58748",福安,119.740455,27.042392,福安市,宁德,福建,1960-01-01 00:00:00
"58749",柘荣,119.823958,27.293666,柘荣县,宁德,福建,1960-01-01 00:00:00
"58754",福鼎,120.306725,27.413374,福鼎市,宁德,福建,1951-01-01 00:00:00
"58804",兴国,115.347891,26.217214,兴国县,赣州,江西,1957-01-01 00:00:00
"58806",宁都,115.92514,26.395832,宁都县,赣州,江西,1957-01-01 00:00:00
"58813",广昌,116.3087,26.925599,广昌县,抚州,江西,1954-01-01 00:00:00
"58814",石城,116.316591,26.38249,石城县,赣州,江西,1959-01-01 00:00:00
"58818",宁化,116.660506,26.24645,宁化县,三明,福建,1958-01-01 00:00:00
"58819",清流,116.824947,26.218119,清流县,三明,福建,1962-01-01 00:00:00
"58820",泰宁,117.229389,26.912127,泰宁县,三明,福建,1956-01-01 00:00:00
"58821",将乐,117.508217,26.686732,将乐县,三明,福建,1960-01-01 00:00:00
"58822",建宁,116.812743,26.832373,建宁县,三明,福建,1959-01-01 00:00:00
"58823",顺昌,117.743205,26.833894,顺昌县,南平,福建,1957-01-01 00:00:00
"58824",明溪,117.218811,26.27075,明溪县,三明,福建,1960-01-01 00:00:00
"58826",沙县,117.794709,26.358634,沙县区,三明,福建,1957-01-01 00:00:00
"58828",梅列,117.697974,26.186018,梅列区,三明,福建,1959-01-01 00:00:00
"58834",延平,118.235231,26.580098,延平区,南平,福建,1951-01-01 00:00:00
"58836",古田,118.793803,26.662928,古田县,宁德,福建,1960-01-01 00:00:00
"58837",尤溪,118.225309,26.17878,尤溪县,三明,福建,1957-01-01 00:00:00
"58839",闽清,118.8355,26.236189,闽清县,福州,福建,1957-01-01 00:00:00
"58843",霞浦,119.927765,26.872452,霞浦县,宁德,福建,1960-01-01 00:00:00
"58844",闽侯,119.103831,26.176059,闽侯县,福州,福建,1954-01-01 00:00:00
"58845",罗源,119.610884,26.432087,罗源县,福州,福建,1957-01-01 00:00:00
"58846",宁德,119.495936,26.588509,福鼎市,宁德,福建,1960-01-01 00:00:00
"58847",鼓楼,119.361429,26.093518,鼓楼区,福州,福建,1951-01-01 00:00:00
"58848",连江,119.464266,26.243944,连江县,福州,福建,1959-01-01 00:00:00
"58850",霞浦,120.322746,26.932872,霞浦县,宁德,福建,2008-01-01 00:00:00
"58903",瑞金,116.074141,25.88258,瑞金市,赣州,江西,1958-01-01 00:00:00
"58905",于都,115.451796,26.037888,于都县,赣州,江西,1959-01-01 00:00:00
"58906",会昌,115.809922,25.504081,会昌县,赣州,江西,1957-01-01 00:00:00
"58907",安远,115.25974,25.095417,安远县,赣州,江西,1959-01-01 00:00:00
"58911",长汀,116.437388,25.925706,长汀县,龙岩,福建,1951-01-01 00:00:00
"58912",连城,116.743992,25.750868,连城县,龙岩,福建,1951-01-01 00:00:00
"58917",武平,116.139044,25.093672,武平县,龙岩,福建,1960-01-01 00:00:00
"58918",上杭,116.497614,25.020065,上杭县,龙岩,福建,1957-01-01 00:00:00
"58921",永安,117.363269,25.899528,永安市,三明,福建,1951-01-01 00:00:00
"58923",大田,117.792152,25.760875,大田县,三明,福建,1960-01-01 00:00:00
"58926",漳平,117.499498,25.324492,漳平市,龙岩,福建,1958-01-01 00:00:00
"58927",新罗,117.029548,24.989461,新罗区,龙岩,福建,1951-01-01 00:00:00
"58928",华安,117.520334,24.980812,华安县,漳州,福建,1957-01-01 00:00:00
"58929",安溪,118.12719,25.076551,安溪县,泉州,福建,1960-01-01 00:00:00
"58931",德化,118.069144,25.699252,德化县,泉州,福建,1956-01-01 00:00:00
"58932",永泰,118.889764,25.918753,永泰县,福州,福建,1956-01-01 00:00:00
"58933",屏南,118.962783,26.828041,屏南县,宁德,福建,1959-01-01 00:00:00
"58934",永春,118.357896,25.239671,永春县,泉州,福建,1957-01-01 00:00:00
"58935",德化,118.220887,25.571266,德化县,泉州,福建,1960-01-01 00:00:00
"58936",仙游,118.836907,25.40791,仙游县,莆田,福建,1957-01-01 00:00:00
"58938",秀屿,119.033233,25.323774,秀屿区,莆田,福建,1992-01-01 00:00:00
"58940",晋安,119.345877,26.092574,晋安区,福州,福建,1993-01-01 00:00:00
"58941",长乐,119.562659,25.982219,长乐区,福州,福建,1952-01-01 00:00:00
"58942",福清,119.456398,25.769974,福清市,福州,福建,1960-01-01 00:00:00
"58944",平潭,119.69792,25.586266,平潭县,福州,福建,1953-01-01 00:00:00
"58946",城厢,118.946285,25.433868,城厢区,莆田,福建,1960-01-01 00:00:00
"59001",隆林,105.310438,24.818255,隆林各族自治县,百色,广西,1958-01-01 00:00:00
"59004",西林,105.134329,24.442083,西林县,百色,广西,1965-01-01 00:00:00
"59007",广南,105.121609,24.153577,广南县,文山,云南,1954-01-01 00:00:00
"59012",乐业,106.58038,24.830016,乐业县,百色,广西,1964-01-01 00:00:00
"59015",凌云,106.504544,24.436326,凌云县,百色,广西,1958-01-01 00:00:00
"59017",田林,106.203133,24.398626,田林县,百色,广西,1958-01-01 00:00:00
"59021",凤山,107.040539,24.62532,凤山县,河池,广西,1958-01-01 00:00:00
"59022",南丹,107.510156,24.97895,南丹县,河池,广西,1959-01-01 00:00:00
"59023",金城江,107.986121,24.777385,金城江区,河池,广西,1955-01-01 00:00:00
"59025",东兰,107.459049,24.573228,东兰县,河池,广西,1958-01-01 00:00:00
"59027",巴马,107.220282,24.17777,巴马瑶族自治县,河池,广西,1959-01-01 00:00:00
"59031",环江,108.263968,24.788135,环江毛南族自治县,河池,广西,1958-01-01 00:00:00
"59033",罗城,108.947879,24.699604,罗城仫佬族自治县,河池,广西,1958-01-01 00:00:00
"59034",宜州,108.56037,24.41994,宜州区,河池,广西,1956-01-01 00:00:00
"59037",都安,108.099363,23.94728,都安瑶族自治县,河池,广西,1953-01-01 00:00:00
"59038",忻城,108.64056,23.955526,忻城县,来宾,广西,1957-01-01 00:00:00
"59041",柳城,109.249746,24.691648,柳城县,柳州,广西,1959-01-01 00:00:00
"59044",柳北,109.474945,24.374179,柳北区,柳州,广西,1955-01-01 00:00:00
"59045",鹿寨,109.805966,24.436669,鹿寨县,柳州,广西,1957-01-01 00:00:00
"59046",柳州,109.404392,24.341049,柳北区,柳州,广西,1951-01-01 00:00:00
"59047",柳江,109.364942,24.180884,柳江区,柳州,广西,1958-01-01 00:00:00
"59051",阳朔,110.59298,24.678063,阳朔县,桂林,广西,1957-01-01 00:00:00
"59052",恭城,110.903431,24.794033,恭城瑶族自治县,桂林,广西,1957-01-01 00:00:00
"59053",平乐,110.663929,24.561332,平乐县,桂林,广西,1957-01-01 00:00:00
"59055",荔浦,110.37161,24.593885,荔浦市,桂林,广西,1956-01-01 00:00:00
"59057",金秀,110.283659,24.171782,金秀瑶族自治县,来宾,广西,1959-01-01 00:00:00
"59058",蒙山,110.540995,24.168569,蒙山县,梧州,广西,1954-01-01 00:00:00
"59059",昭平,110.740018,24.084494,昭平县,贺州,广西,1957-01-01 00:00:00
"59061",富川,111.30091,24.953511,富川瑶族自治县,贺州,广西,1965-01-01 00:00:00
"59063",江华,111.53144,25.242645,江华瑶族自治县,永州,湖南,1957-01-01 00:00:00
"59065",八步,111.491969,24.50498,八步区,贺州,广西,1957-01-01 00:00:00
"59071",连南,112.357877,24.661928,连南瑶族自治县,清远,广东,1962-01-01 00:00:00
"59072",连州,112.356113,24.86065,连州市,清远,广东,1953-01-01 00:00:00
"59074",连山,112.006262,24.495952,连山壮族瑶族自治县,清远,广东,1962-01-01 00:00:00
"59075",阳山,112.50578,24.39062,阳山县,清远,广东,1957-01-01 00:00:00
"59081",乳源,113.237884,24.750154,乳源瑶族自治县,韶关,广东,1965-01-01 00:00:00
"59082",韶关,113.626449,24.644117,曲江区,韶关,广东,1951-01-01 00:00:00
"59087",佛冈,113.605079,23.788599,佛冈县,清远,广东,1957-01-01 00:00:00
"59088",英德,113.427371,24.198906,英德市,清远,广东,1960-01-01 00:00:00
"59090",始兴,114.108404,24.928766,始兴县,韶关,广东,1965-01-01 00:00:00
"59091",全南,114.581321,24.675582,全南县,赣州,江西,1959-01-01 00:00:00
"59092",龙南,114.808193,24.803815,龙南市,赣州,江西,1957-01-01 00:00:00
"59093",定南,115.068277,24.823077,定南县,赣州,江西,1959-01-01 00:00:00
"59094",翁源,114.030157,24.265507,翁源县,韶关,广东,1959-01-01 00:00:00
"59096",连平,114.556048,24.313955,连平县,河源,广东,1953-01-01 00:00:00
"59097",新丰,114.253758,23.971329,新丰县,韶关,广东,1959-01-01 00:00:00
"59099",和平,115.036669,24.429597,和平县,河源,广东,1957-01-01 00:00:00
"59102",寻乌,115.597996,24.982772,寻乌县,赣州,江西,1956-01-01 00:00:00
"59106",平远,115.791795,24.641666,平远县,梅州,广东,1960-01-01 00:00:00
"59107",龙川,115.308525,24.188389,龙川县,河源,广东,1960-01-01 00:00:00
"59109",兴宁,115.709851,24.10793,兴宁市,梅州,广东,1959-01-01 00:00:00
"59113",永定,116.754123,24.681093,永定区,龙岩,福建,1958-01-01 00:00:00
"59114",蕉岭,116.113154,24.623855,蕉岭县,梅州,广东,1965-01-01 00:00:00
"59116",大埔,116.774482,24.439049,大埔县,梅州,广东,1958-01-01 00:00:00
"59117",梅县,116.093123,24.364861,梅县区,梅州,广东,1953-01-01 00:00:00
"59122",长泰,117.788515,24.586475,长泰区,漳州,福建,1960-01-01 00:00:00
"59124",南靖,117.29452,24.551384,南靖县,漳州,福建,1956-01-01 00:00:00
"59125",平和,117.391746,24.381928,平和县,漳州,福建,1960-01-01 00:00:00
"59126",芗城,117.539562,24.647069,芗城区,漳州,福建,1954-01-01 00:00:00
"59127",龙海,117.8389,24.460104,龙海区,漳州,福建,1960-01-01 00:00:00
"59129",漳浦,117.561501,24.110253,漳浦县,漳州,福建,1961-01-01 00:00:00
"59130",同安,118.192417,24.856888,同安区,厦门,福建,1956-01-01 00:00:00
"59131",南安,118.323558,24.987767,南安市,泉州,福建,1960-01-01 00:00:00
"59133",惠安,118.877206,24.852408,惠安县,泉州,福建,1954-01-01 00:00:00
"59134",思明,118.084598,24.573643,思明区,厦门,福建,1953-01-01 00:00:00
"59137",晋江,118.60398,24.823723,晋江市,泉州,福建,1960-01-01 00:00:00
"59140",翔安,118.278125,37.473628,翔安区,厦门,福建,2016-01-01 00:00:00
"59205",富宁,105.64659,23.611096,富宁县,文山,云南,1957-01-01 00:00:00
"59209",那坡,105.803695,23.47596,那坡县,百色,广西,1958-01-01 00:00:00
"59211",右江,106.701371,23.828456,右江区,百色,广西,1951-01-01 00:00:00
"59213",田阳,107.001163,23.851001,田阳区,百色,广西,1959-01-01 00:00:00
"59215",德保,106.626724,23.378201,德保县,百色,广西,1958-01-01 00:00:00
"59218",靖西,106.454567,23.008565,靖西市,百色,广西,1957-01-01 00:00:00
"59224",田东,107.07696,23.77416,田东县,百色,广西,1954-01-01 00:00:00
"59227",天等,107.131438,23.164296,天等县,崇左,广西,1957-01-01 00:00:00
"59228",平果,107.585371,23.318711,平果市,百色,广西,1958-01-01 00:00:00
"59229",隆安,107.768938,23.196502,隆安县,南宁,广西,1959-01-01 00:00:00
"59230",马山,108.126506,23.739936,马山县,南宁,广西,1957-01-01 00:00:00
"59235",上林,108.546048,23.298486,上林县,南宁,广西,1957-01-01 00:00:00
"59237",武鸣,108.247883,23.276185,武鸣区,南宁,广西,1957-01-01 00:00:00
"59238",宾阳,108.837438,23.266266,宾阳县,南宁,广西,1957-01-01 00:00:00
"59241",象州,109.750305,23.958512,象州县,来宾,广西,1958-01-01 00:00:00
"59242",来宾,109.110728,23.733725,兴宾区,来宾,广西,1957-01-01 00:00:00
"59246",武宣,109.618227,23.546095,武宣县,来宾,广西,1965-01-01 00:00:00
"59249",覃塘,109.600666,23.008538,覃塘区,贵港,广西,1955-01-01 00:00:00
"59254",桂平,110.116463,23.381241,桂平市,贵港,广西,1953-01-01 00:00:00
"59255",平南,110.34693,23.542425,平南县,贵港,广西,1958-01-01 00:00:00
"59256",藤县,110.986845,23.327737,藤县,梧州,广西,1957-01-01 00:00:00
"59264",封开,111.447755,23.463284,封开县,肇庆,广东,1962-01-01 00:00:00
"59265",万秀,111.354108,23.553916,万秀区,梧州,广西,1951-01-01 00:00:00
"59266",龙圩,111.280417,23.295482,龙圩区,梧州,广西,1959-01-01 00:00:00
"59268",郁南,111.624125,23.282127,郁南县,云浮,广东,1962-01-01 00:00:00
"59269",德庆,111.831374,23.186932,德庆县,肇庆,广东,1957-01-01 00:00:00
"59270",怀集,112.27661,23.875271,怀集县,肇庆,广东,1957-01-01 00:00:00
"59271",广宁,112.372312,23.731334,广宁县,肇庆,广东,1957-01-01 00:00:00
"59276",四会,112.639732,23.406555,四会市,肇庆,广东,1959-01-01 00:00:00
"59278",高要,112.436017,22.891162,高要区,肇庆,广东,1954-01-01 00:00:00
"59279",三水,112.951126,23.129795,三水区,佛山,广东,1957-01-01 00:00:00
"59280",清远,113.075741,23.798049,清城区,清远,广东,1957-01-01 00:00:00
"59284",花都,113.248807,23.447243,花都区,广州,广东,1959-01-01 00:00:00
"59285",从化,113.565475,23.673453,从化区,广州,广东,1959-01-01 00:00:00
"59287",广州,113.452434,23.222414,黄埔区,广州,广东,1951-01-01 00:00:00
"59288",南海,113.047927,23.118099,南海区,佛山,广东,1957-01-01 00:00:00
"59289",东莞,113.81139,22.877094,东莞市,东莞,广东,1957-01-01 00:00:00
"59290",龙门,114.273106,23.767586,龙门县,惠州,广东,1959-01-01 00:00:00
"59293",河源,114.719118,23.719283,东源县,河源,广东,1953-01-01 00:00:00
"59294",增城,113.780566,23.393887,增城区,广州,广东,1958-01-01 00:00:00
"59297",博罗,114.21766,23.137489,博罗县,惠州,广东,1957-01-01 00:00:00
"59298",惠阳,114.339241,23.140762,惠城区,惠州,广东,1953-01-01 00:00:00
"59303",五华,115.735856,23.893422,五华县,梅州,广东,1957-01-01 00:00:00
"59304",紫金,115.246307,23.694602,紫金县,河源,广东,1957-01-01 00:00:00
"59306",揭西,115.88415,23.444439,揭西县,揭阳,广东,1967-01-01 00:00:00
"59310",丰顺,116.232028,23.761492,丰顺县,梅州,广东,1958-01-01 00:00:00
"59312",潮州,116.678979,23.628184,湘桥区,潮州,广东,1957-01-01 00:00:00
"59313",饶平,117.073626,23.693446,饶平县,潮州,广东,1956-01-01 00:00:00
"59314",普宁,116.148584,23.478137,普宁市,揭阳,广东,1959-01-01 00:00:00
"59315",揭阳,116.429117,23.5572,揭东区,揭阳,广东,1955-01-01 00:00:00
"59316",汕头,116.680733,23.39003,金平区,汕头,广东,1951-01-01 00:00:00
"59317",惠来,116.228091,23.035832,惠来县,揭阳,广东,1956-01-01 00:00:00
"59318",潮阳,116.666373,23.224827,潮阳区,汕头,广东,1959-01-01 00:00:00
"59319",澄海,116.772915,23.589974,澄海区,汕头,广东,1959-01-01 00:00:00
"59320",诏安,117.194722,23.655956,诏安县,漳州,福建,1958-01-01 00:00:00
"59321",东山,117.5107,23.688371,东山县,漳州,福建,1954-01-01 00:00:00
"59322",云霄,117.394689,23.925378,云霄县,漳州,福建,1958-01-01 00:00:00
"59324",南澳,116.936843,23.426321,南澳县,汕头,广东,1957-01-01 00:00:00
"59417",龙州,106.862466,22.255237,龙州县,崇左,广西,1953-01-01 00:00:00
"59419",凭祥,106.695232,21.975932,凭祥市,崇左,广西,1965-01-01 00:00:00
"59421",大新,107.212884,22.822431,大新县,崇左,广西,1957-01-01 00:00:00
"59425",江州,107.297566,22.435396,江州区,崇左,广西,1957-01-01 00:00:00
"59426",扶绥,108.005786,22.551545,扶绥县,崇左,广西,1958-01-01 00:00:00
"59427",宁明,106.996024,22.054665,宁明县,崇左,广西,1956-01-01 00:00:00
"59429",上思,108.02255,22.229266,上思县,防城港,广西,1957-01-01 00:00:00
"59431",邕宁,108.525348,22.757412,邕宁区,南宁,广西,1951-01-01 00:00:00
"59435",邕宁,108.511151,22.682569,邕宁区,南宁,广西,1960-01-01 00:00:00
"59441",横州,109.321601,22.797195,横州市,南宁,广西,1957-01-01 00:00:00
"59446",灵山,109.349704,22.492839,灵山县,钦州,广西,1957-01-01 00:00:00
"59448",浦北,109.57576,22.256584,浦北县,钦州,广西,1957-01-01 00:00:00
"59449",博白,109.973125,22.263763,博白县,玉林,广西,1957-01-01 00:00:00
"59451",北流,110.306171,22.643807,北流市,玉林,广西,1959-01-01 00:00:00
"59452",容县,110.513916,22.903083,容县,玉林,广西,1957-01-01 00:00:00
"59453",玉林,110.138098,22.614346,玉州区,玉林,广西,1954-01-01 00:00:00
"59454",岑溪,111.009283,22.923886,岑溪市,梧州,广西,1959-01-01 00:00:00
"59456",信宜,110.913425,22.345202,信宜市,茂名,广东,1954-01-01 00:00:00
"59457",陆川,110.199314,22.332204,陆川县,玉林,广西,1955-01-01 00:00:00
"59462",罗定,111.600662,22.691256,罗定市,云浮,广东,1958-01-01 00:00:00
"59469",阳春,111.729532,22.129858,阳春市,阳江,广东,1957-01-01 00:00:00
"59470",新兴,112.251495,22.698315,新兴县,云浮,广东,1958-01-01 00:00:00
"59471",云浮,112.062953,22.942791,云城区,云浮,广东,1965-01-01 00:00:00
"59473",鹤山,113.041759,22.706521,鹤山市,江门,广东,1959-01-01 00:00:00
"59475",开平,112.635593,22.412395,开平市,江门,广东,1959-01-01 00:00:00
"59476",新会,113.120707,22.450284,新会区,江门,广东,1957-01-01 00:00:00
"59477",恩平,112.178917,22.297249,恩平市,江门,广东,1962-01-01 00:00:00
"59478",台山,112.723855,22.172258,台山市,江门,广东,1953-01-01 00:00:00
"59480",顺德,113.241253,22.812899,顺德区,佛山,广东,1959-01-01 00:00:00
"59481",番禺,113.382579,22.863131,番禺区,广州,广东,1960-01-01 00:00:00
"59485",中山,113.329501,22.393735,中山市,中山,广东,1955-01-01 00:00:00
"59486",深圳观象台,113.908889,22.691072,宝安区,深圳,广东,2019-01-01 00:00:00
"59487",斗门,113.349452,22.149556,斗门区,珠海,广东,1967-01-01 00:00:00
"59488",珠海,113.499269,22.348234,香洲区,珠海,广东,1962-01-01 00:00:00
"59492",惠东,114.669401,23.025943,惠东县,惠州,广东,1962-01-01 00:00:00
"59493",深圳,114.102243,22.512996,福田区,深圳,广东,1953-01-01 00:00:00
"59500",海丰,115.398074,22.986755,海丰县,汕尾,广东,1960-01-01 00:00:00
"59501",汕尾,115.270163,22.692838,城区,汕尾,广东,1953-01-01 00:00:00
"59502",陆丰,115.693899,22.916002,陆丰市,汕尾,广东,1959-01-01 00:00:00
"59626",东兴,108.020711,21.647611,东兴市,防城港,广西,1953-01-01 00:00:00
"59631",防城,108.358623,21.841777,防城区,防城港,广西,1982-01-01 00:00:00
"59632",钦南,108.586249,22.006323,钦南区,钦州,广西,1953-01-01 00:00:00
"59635",港口,108.367863,21.597454,港口区,防城港,广西,1992-01-01 00:00:00
"59640",合浦,109.124517,21.855131,合浦县,北海,广西,1956-01-01 00:00:00
"59644",海城,109.178834,21.437229,海城区,北海,广西,1953-01-01 00:00:00
"59647",涠洲岛,109.187459,21.072575,海城区,北海,广西,1956-01-01 00:00:00
"59650",遂溪,110.304156,21.456797,遂溪县,湛江,广东,1961-01-01 00:00:00
"59653",高州,110.840812,21.853291,高州市,茂名,广东,1958-01-01 00:00:00
"59654",廉江,110.340005,21.720617,廉江市,湛江,广东,1957-01-01 00:00:00
"59655",化州,110.514472,21.65151,化州市,茂名,广东,1956-01-01 00:00:00
"59656",吴川,110.729554,21.451523,吴川市,湛江,广东,1962-01-01 00:00:00
"59658",湛江,110.23179,21.070678,麻章区,湛江,广东,1951-01-01 00:00:00
"59659",茂名,110.902669,21.801339,茂南区,茂名,广东,1973-01-01 00:00:00
"59663",阳江,111.901522,21.914997,江城区,阳江,广东,1953-01-01 00:00:00
"59664",电白,111.042696,21.520845,电白区,茂名,广东,1957-01-01 00:00:00
"59673",上川岛,112.853538,21.733759,台山市,江门,广东,1958-01-01 00:00:00
"59750",雷州,110.121196,20.872249,雷州市,湛江,广东,1960-01-01 00:00:00
"59754",徐闻,110.152185,20.322685,徐闻县,湛江,广东,1957-01-01 00:00:00
"59757",琼山,110.340405,20.089897,琼山区,海口,海南,1977-01-01 00:00:00
"59758",海口,110.17587,20.055972,海口,海口,海南,2016-01-01 00:00:00
"59792",东沙岛,116.789975,20.570117,东沙,东沙,海南,2020-01-01 00:00:00
"59838",东方,108.577918,19.174223,东方市,东方,海南,1953-01-01 00:00:00
"59842",临高,109.693691,19.97819,临高县,临高,海南,1962-01-01 00:00:00
"59843",澄迈,109.988734,19.64357,澄迈县,澄迈,海南,1959-01-01 00:00:00
"59845",儋州,109.648284,19.449467,儋州市,儋州,海南,1953-01-01 00:00:00
"59847",昌江,108.998241,19.200955,昌江黎族自治县,昌江,海南,1966-01-01 00:00:00
"59848",白沙,109.526495,19.21768,白沙黎族自治县,白沙,海南,1959-01-01 00:00:00
"59849",琼中,109.775469,19.059186,琼中黎族苗族自治县,琼中,海南,1956-01-01 00:00:00
"59851",定安,110.407851,19.761245,定安县,定安,海南,1962-01-01 00:00:00
"59854",屯昌,110.106059,19.281427,屯昌县,屯昌,海南,1959-01-01 00:00:00
"59855",琼海,110.448597,19.197658,琼海市,琼海,海南,1953-01-01 00:00:00
"59856",文昌,110.783366,19.687153,文昌市,文昌,海南,1959-01-01 00:00:00
"59940",乐东,109.184213,18.715589,乐东黎族自治县,乐东,海南,1962-01-01 00:00:00
"59941",五指山,109.421433,18.696126,五指山市,五指山,海南,1959-01-01 00:00:00
"59945",保亭,109.681577,18.647811,保亭黎族苗族自治县,保亭,海南,1966-01-01 00:00:00
"59948",三亚,109.491723,18.25467,市辖区,三亚,海南,1959-01-01 00:00:00
"59951",万宁,110.361542,18.871592,万宁市,万宁,海南,1959-01-01 00:00:00
"59954",陵水,110.024757,18.508952,陵水黎族自治县,陵水,海南,1956-01-01 00:00:00
"59981",西沙,112.274942,16.827863,西沙区,三沙,海南,1958-01-01 00:00:00
"59985",珊瑚,111.64299,16.481878,西沙区,三沙,海南,1975-01-01 00:00:00
