"V_PRCODE","V_CITY"
江西,赣州
云南,玉溪
云南,德宏
贵州,遵义
海南,万宁
海南,东方
广东,惠州
广东,汕头
广东,深圳
广东,湛江
江西,上饶
江西,鹰潭
湖南,益阳
云南,迪庆
云南,怒江
贵州,贵阳
贵州,毕节
广西,钦州
福建,泉州
福建,厦门
广东,云浮
广东,揭阳
广东,汕尾
广东,茂名
广东,阳江
香港,香港
云南,丽江
湖南,郴州
贵州,安顺
海南,保亭
海南,琼海
广东,清远
广东,潮州
江西,九江
江西,抚州
江西,南昌
云南,普洱
云南,大理
广西,贺州
海南,三沙
海南,五指山
广东,佛山
广东,珠海
湖南,岳阳
湖南,湘潭
云南,曲靖
云南,文山
云南,红河
云南,西双版纳
湖南,长沙
贵州,铜仁
广西,来宾
广西,梧州
广西,玉林
海南,乐东
海南,儋州
海南,海口
海南,琼中
海南,白沙
海南,陵水
福建,漳州
福建,莆田
广东,梅州
广东,江门
广东,河源
广东,韶关
江西,吉安
江西,萍乡
湖南,娄底
湖南,常德
湖南,张家界
湖南,株洲
云南,楚雄
澳门,澳门
湖南,邵阳
贵州,黔南
贵州,六盘水
贵州,黔西南
广西,百色
海南,三亚
海南,临高
海南,屯昌
海南,文昌
海南,澄迈
福建,三明
福建,宁德
福建,龙岩
江西,新余
湖南,湘西
湖南,衡阳
云南,临沧
云南,昭通
云南,保山
贵州,黔东南
广西,南宁
广西,桂林
广西,贵港
海南,东沙
海南,昌江
福建,南平
广东,广州
广东,东莞
广东,中山
江西,宜春
江西,景德镇
湖南,怀化
湖南,永州
云南,昆明
广西,北海
广西,河池
广西,崇左
广西,柳州
广西,防城港
海南,定安
福建,福州
广东,肇庆
