"V_PRCODE","V_CITY","V_COUNTY"
江西,吉安,井冈山市
江西,吉安,吉安县
江西,吉安,吉水县
江西,赣州,定南县
江西,九江,庐山市
湖南,娄底,涟源市
湖南,岳阳,临湘市
湖南,张家界,慈利县
湖南,怀化,辰溪县
湖南,株洲,醴陵市
湖南,永州,双牌县
湖南,永州,蓝山县
湖南,永州,道县
湖南,湘西,古丈县
云南,临沧,双江拉祜族佤族布朗族傣族自治县
云南,普洱,墨江哈尼族自治县
云南,昆明,宜良县
云南,昭通,彝良县
云南,文山,文山市
云南,保山,施甸县
云南,普洱,景谷傣族彝族自治县
云南,昭通,永善县
云南,红河,河口瑶族自治县
云南,昭通,绥江县
云南,红河,泸西县
云南,昭通,盐津县
云南,大理,祥云县
湖南,邵阳,新邵县
湖南,邵阳,绥宁县
湖南,郴州,宜章县
湖南,郴州,永兴县
湖南,长沙,长沙县
贵州,贵阳,乌当区
贵州,黔西南,兴仁市
贵州,黔东南,施秉县
贵州,铜仁,松桃苗族自治县
贵州,黔东南,榕江县
贵州,黔南,罗甸县
贵州,黔西南,贞丰县
贵州,遵义,播州区
贵州,铜仁,碧江区
贵州,黔东南,黄平县
云南,红河,个旧市
广西,南宁,横州市
广西,崇左,大新县
广西,崇左,天等县
广西,桂林,全州县
广西,桂林,灌阳县
广西,河池,南丹县
广西,河池,环江毛南族自治县
广西,河池,巴马瑶族自治县
广西,玉林,北流市
广西,贺州,富川瑶族自治县
广西,钦州,灵山县
海南,万宁,万宁市
海南,东方,东方市
海南,儋州,儋州市
海南,海口,琼山区
福建,泉州,德化县
福建,南平,光泽县
福建,宁德,周宁县
福建,宁德,福鼎市
江西,抚州,东乡区
福建,宁德,屏南县
福建,龙岩,武平县
福建,宁德,福安市
江西,九江,浔阳区
福建,福州,连江县
福建,南平,邵武市
福建,福州,长乐区
福建,福州,闽清县
广东,梅州,五华县
广东,梅州,兴宁市
广东,汕头,潮阳区
广东,汕头,澄海区
广东,汕尾,海丰县
广东,江门,鹤山市
广东,河源,和平县
广东,河源,紫金县
广东,肇庆,怀集县
云南,曲靖,马龙区
云南,大理,鹤庆县
云南,保山,龙陵县
江西,宜春,奉新县
江西,抚州,宜黄县
江西,上饶,弋阳县
江西,上饶,横峰县
江西,九江,武宁县
江西,九江,湖口县
湖南,常德,临澧县
湖南,怀化,沅陵县
湖南,怀化,溆浦县
湖南,永州,祁阳市
湖南,永州,零陵区
湖南,湘西,泸溪县
湖南,益阳,安化县
湖南,衡阳,祁东县
云南,昆明,西山区
云南,楚雄,姚安县
云南,昭通,威信县
云南,文山,广南县
云南,玉溪,江川区
云南,临沧,沧源佤族自治县
云南,迪庆,维西傈僳族自治县
云南,曲靖,罗平县
云南,德宏,芒市
云南,普洱,西盟佤族自治县
云南,玉溪,通海县
云南,玉溪,澄江市
云南,普洱,澜沧拉祜族自治县
云南,德宏,瑞丽市
湖南,邵阳,邵东市
湖南,邵阳,隆回县
湖南,郴州,桂阳县
贵州,铜仁,万山区
贵州,遵义,仁怀市
贵州,黔东南,凯里市
贵州,安顺,普定县
贵州,遵义,赤水市
贵州,遵义,道真仡佬族苗族自治县
贵州,黔南,都匀市
云南,文山,丘北县
云南,临沧,云县
云南,曲靖,会泽县
云南,大理,剑川县
云南,玉溪,华宁县
贵州,铜仁,石阡县
广西,北海,海城区
广西,桂林,恭城瑶族自治县
广西,桂林,荔浦市
广西,梧州,岑溪市
广西,梧州,龙圩区
广西,梧州,蒙山县
广西,河池,凤山县
广西,河池,金城江区
广西,玉林,博白县
广西,百色,德保县
广西,百色,隆林各族自治县
广西,贵港,覃塘区
广西,贺州,昭平县
广西,防城港,东兴市
广西,防城港,港口区
海南,三沙,西沙区
福建,宁德,霞浦县
福建,漳州,东山县
福建,三明,大田县
江西,上饶,万年县
江西,萍乡,上栗县
江西,上饶,广信区
江西,抚州,临川区
福建,三明,将乐县
福建,漳州,平和县
福建,泉州,晋江市
福建,南平,武夷山市
福建,三明,永安市
福建,漳州,芗城区
福建,漳州,漳浦县
江西,九江,柴桑区
福建,龙岩,长汀县
广东,惠州,龙门县
广东,梅州,平远县
广东,汕尾,陆丰市
广东,云浮,罗定市
广东,深圳,宝安区
广东,深圳,福田区
广东,韶关,南雄市
广东,韶关,曲江区
江西,上饶,余干县
江西,赣州,全南县
江西,宜春,袁州区
江西,抚州,崇仁县
江西,上饶,鄱阳县
江西,萍乡,芦溪县
江西,宜春,靖安县
湖南,娄底,娄星区
湖南,娄底,新化县
湖南,常德,安乡县
湖南,常德,澧县
湖南,株洲,茶陵县
湖南,永州,宁远县
湖南,永州,新田县
湖南,湘潭,韶山市
湖南,湘西,保靖县
湖南,湘西,凤凰县
香港,香港,
云南,昆明,安宁市
云南,文山,富宁县
云南,曲靖,富源县
云南,红河,屏边苗族自治县
云南,昭通,巧家县
云南,曲靖,师宗县
云南,普洱,思茅区
云南,玉溪,新平彝族傣族自治县
云南,楚雄,永仁县
云南,保山,腾冲市
云南,德宏,陇川县
云南,玉溪,红塔区
云南,昆明,禄劝彝族苗族自治县
湖南,邵阳,新宁县
湖南,邵阳,洞口县
湖南,郴州,桂东县
湖南,长沙,宁乡市
贵州,黔东南,三穗县
贵州,遵义,余庆县
贵州,黔东南,剑河县
贵州,毕节,大方县
贵州,贵阳,息烽县
贵州,黔南,惠水县
贵州,贵阳,白云区
贵州,黔南,福泉市
贵州,遵义,绥阳县
贵州,安顺,镇宁布依族苗族自治县
贵州,黔东南,雷山县
贵州,黔东南,麻江县
贵州,毕节,黔西市
云南,临沧,临翔区
云南,丽江,玉龙纳西族自治县
广西,南宁,武鸣区
广西,来宾,武宣县
广西,来宾,象州县
广西,柳州,三江侗族自治县
广西,柳州,柳北区
广西,桂林,临桂区
广西,桂林,平乐县
广西,梧州,万秀区
广西,百色,右江区
广西,贵港,桂平市
广西,钦州,钦南区
广西,防城港,防城区
海南,临高,临高县
海南,白沙,白沙黎族自治县
福建,龙岩,上杭县
福建,莆田,仙游县
福建,三明,宁化县
福建,泉州,安溪县
福建,宁德,寿宁县
江西,九江,共青城市
福建,三明,尤溪县
福建,南平,建瓯市
福建,南平,政和县
福建,泉州,永春县
福建,三明,清流县
福建,福州,鼓楼区
福建,福州,罗源县
福建,厦门,翔安区
广东,惠州,博罗县
广东,梅州,蕉岭县
广东,汕头,南澳县
广东,清远,清城区
广东,湛江,徐闻县
广东,湛江,麻章区
广东,肇庆,封开县
广东,茂名,信宜市
广东,茂名,茂南区
广东,茂名,高州市
广东,阳江,阳春市
江西,赣州,南康区
江西,南昌,青云谱区
江西,赣州,宁都县
江西,宜春,宜丰县
江西,上饶,德兴市
江西,南昌,新建区
江西,吉安,永新县
江西,景德镇,浮梁县
江西,赣州,瑞金市
江西,赣州,赣县区
江西,吉安,遂川县
江西,宜春,高安市
湖南,娄底,双峰县
湖南,岳阳,华容县
湖南,岳阳,岳阳楼区
湖南,怀化,新晃侗族自治县
湖南,怀化,通道侗族自治县
湖南,株洲,攸县
湖南,株洲,炎陵县
湖南,永州,江永县
湖南,湘潭,湘乡市
湖南,益阳,南县
澳门,澳门,
云南,普洱,孟连傣族拉祜族佤族自治县
云南,丽江,宁蒗彝族自治县
云南,大理,宾川县
湖南,衡阳,耒阳市
云南,昆明,晋宁区
云南,西双版纳,景洪市
云南,楚雄,武定县
云南,大理,永平县
云南,临沧,永德县
云南,普洱,镇沅彝族哈尼族拉祜族自治县
云南,曲靖,陆良县
云南,红河,石屏县
贵州,遵义,习水县
贵州,贵阳,修文县
贵州,黔西南,册亨县
贵州,黔东南,台江县
贵州,安顺,西秀区
贵州,安顺,平坝区
贵州,铜仁,思南县
贵州,黔西南,普安县
贵州,黔西南,望谟县
贵州,遵义,桐梓县
贵州,贵阳,清镇市
贵州,铜仁,玉屏侗族自治县
贵州,毕节,织金县
贵州,毕节,赫章县
贵州,黔东南,黎平县
广西,崇左,凭祥市
广西,崇左,宁明县
广西,桂林,灵川县
广西,河池,都安瑶族自治县
广西,贵港,平南县
广西,钦州,浦北县
海南,澄迈,澄迈县
江西,赣州,上犹县
江西,宜春,上高县
福建,三明,明溪县
福建,宁德,柘荣县
福建,南平,顺昌县
广东,佛山,三水区
广东,广州,从化区
广东,广州,花都区
广东,揭阳,揭东区
广东,梅州,丰顺县
广东,中山,中山市
广东,江门,恩平市
广东,清远,连南瑶族自治县
广东,清远,阳山县
广东,肇庆,广宁县
广东,茂名,化州市
广东,茂名,电白区
广东,韶关,始兴县
云南,文山,马关县
云南,文山,麻栗坡县
江西,九江,修水县
江西,新余,分宜县
江西,吉安,峡江县
江西,抚州,广昌县
江西,九江,濂溪区
江西,景德镇,昌江区
江西,九江,瑞昌市
江西,赣州,石城县
江西,萍乡,安源区
江西,九江,都昌县
湖南,常德,武陵区
湖南,常德,石门县
湖南,张家界,永定区
湖南,怀化,会同县
湖南,怀化,靖州苗族侗族自治县
湖南,永州,东安县
湖南,湘西,花垣县
云南,曲靖,宣威市
云南,保山,昌宁县
云南,楚雄,楚雄市
云南,普洱,江城哈尼族彝族自治县
云南,曲靖,沾益区
云南,大理,漾濞彝族自治县
湖南,衡阳,衡东县
湖南,衡阳,衡阳县
湖南,长沙,浏阳市
贵州,黔南,三都水族自治县
贵州,六盘水,六枝特区
贵州,安顺,关岭布依族苗族自治县
贵州,遵义,务川仡佬族苗族自治县
贵州,黔东南,天柱县
贵州,黔西南,安龙县
贵州,贵阳,开阳县
贵州,铜仁,德江县
贵州,铜仁,江口县
贵州,遵义,湄潭县
贵州,黔南,瓮安县
贵州,毕节,纳雍县
贵州,黔南,荔波县
贵州,黔南,贵定县
贵州,贵阳,云岩区
贵州,黔南,龙里县
云南,昆明,东川区
云南,玉溪,元江哈尼族彝族傣族自治县
云南,楚雄,元谋县
云南,红河,元阳县
云南,怒江,兰坪白族普米族自治县
云南,楚雄,南华县
广西,南宁,宾阳县
广西,崇左,江州区
广西,崇左,扶绥县
广西,来宾,忻城县
广西,柳州,柳江区
广西,桂林,资源县
广西,桂林,雁山区
广西,桂林,龙胜各族自治县
海南,三亚,市辖区
海南,五指山,五指山市
海南,定安,定安县
海南,海口,海口
海南,琼中,琼中黎族苗族自治县
海南,陵水,陵水黎族自治县
福建,漳州,云霄县
福建,泉州,南安市
福建,漳州,南靖县
福建,南平,建阳区
福建,三明,沙县区
福建,龙岩,连城县
广东,广州,番禺区
广东,惠州,惠城区
广东,揭阳,普宁市
广东,汕尾,城区
广东,云浮,云城区
广东,江门,新会区
广东,河源,东源县
广东,河源,连平县
广东,清远,佛冈县
广东,清远,英德市
广东,湛江,遂溪县
广东,湛江,雷州市
广东,潮州,湘桥区
江西,赣州,会昌县
江西,抚州,南丰县
江西,南昌,南昌县
江西,赣州,崇义县
江西,上饶,广丰区
江西,吉安,新干县
江西,吉安,永丰县
江西,吉安,泰和县
江西,上饶,玉山县
江西,萍乡,莲花县
江西,抚州,金溪县
江西,宜春,铜鼓县
湖南,怀化,芷江侗族自治县
湖南,永州,江华瑶族自治县
湖南,衡阳,南岳区
云南,昆明,富民县
云南,大理,巍山彝族回族自治县
云南,红河,开远市
云南,大理,弥渡县
云南,玉溪,易门县
云南,丽江,永胜县
云南,临沧,镇康县
云南,大理,洱源县
云南,昆明,石林彝族自治县
云南,文山,砚山县
云南,怒江,福贡县
云南,德宏,梁河县
湖南,邵阳,邵阳县
湖南,郴州,北湖区
湖南,郴州,嘉禾县
湖南,湘西,龙山县
贵州,遵义,凤冈县
贵州,毕节,威宁彝族回族苗族自治县
贵州,黔东南,岑巩县
贵州,黔西南,晴隆县
贵州,贵阳,花溪区
贵州,毕节,金沙县
云南,丽江,华坪县
广西,北海,合浦县
广西,来宾,兴宾区
广西,柳州,融水苗族自治县
广西,桂林,阳朔县
广西,梧州,藤县
广西,百色,田东县
海南,乐东,乐东黎族自治县
海南,保亭,保亭黎族苗族自治县
海南,屯昌,屯昌县
海南,昌江,昌江黎族自治县
海南,琼海,琼海市
福建,三明,梅列区
福建,南平,延平区
福建,厦门,思明区
福建,宁德,古田县
福建,泉州,惠安县
福建,南平,松溪县
福建,福州,福清市
福建,莆田,城厢区
福建,漳州,长泰区
福建,福州,闽侯县
广东,云浮,郁南县
广东,佛山,南海区
广东,惠州,惠东县
广东,揭阳,惠来县
广东,汕头,金平区
广东,江门,台山市
广东,东莞,东莞市
广东,江门,开平市
广东,河源,龙川县
广东,韶关,新丰县
云南,昭通,鲁甸县
江西,赣州,于都县
江西,鹰潭,余江区
江西,赣州,信丰县
江西,抚州,南城县
江西,吉安,安福县
江西,赣州,寻乌县
江西,九江,彭泽县
江西,九江,德安县
江西,新余,渝水区
江西,宜春,樟树市
江西,九江,永修县
江西,鹰潭,贵溪市
江西,南昌,进贤县
湖南,娄底,冷水江市
湖南,岳阳,平江县
湖南,岳阳,湘阴县
湖南,常德,桃源县
湖南,怀化,洪江市
湖南,怀化,麻阳苗族自治县
湖南,株洲,荷塘区
湖南,湘潭,湘潭县
湖南,湘西,永顺县
湖南,益阳,沅江市
湖南,益阳,赫山区
云南,普洱,宁洱哈尼族彝族自治县
云南,玉溪,峨山彝族自治县
云南,昆明,嵩明县
云南,红河,建水县
云南,迪庆,德钦县
云南,昭通,昭阳区
云南,曲靖,麒麟区
云南,临沧,耿马傣族佤族自治县
云南,文山,西畴县
云南,红河,金平苗族瑶族傣族自治县
云南,昭通,镇雄县
云南,德宏,盈江县
湖南,衡阳,衡南县
湖南,衡阳,石鼓区
湖南,邵阳,城步苗族自治县
湖南,郴州,临武县
湖南,郴州,安仁县
湖南,郴州,汝城县
贵州,黔东南,丹寨县
贵州,毕节,七星关区
贵州,铜仁,沿河土家族自治县
贵州,黔东南,镇远县
贵州,黔南,长顺县
云南,保山,隆阳区
云南,西双版纳,勐腊县
广西,南宁,上林县
广西,南宁,隆安县
广西,南宁,马山县
广西,河池,宜州区
广西,崇左,龙州县
广西,桂林,兴安县
广西,河池,东兰县
广西,河池,天峨县
广西,河池,罗城仫佬族自治县
广西,玉林,容县
广西,玉林,陆川县
广西,百色,乐业县
广西,百色,西林县
广西,百色,那坡县
广西,百色,靖西市
广西,贺州,八步区
广西,防城港,上思县
海南,东沙,东沙
福建,厦门,同安区
江西,吉安,万安县
江西,上饶,信州区
福建,福州,平潭县
福建,三明,泰宁县
福建,南平,浦城县
江西,抚州,乐安县
江西,景德镇,乐平市
福建,莆田,秀屿区
福建,漳州,龙海区
广东,佛山,顺德区
广东,梅州,大埔县
广东,云浮,新兴县
广东,清远,连山壮族瑶族自治县
广东,清远,连州市
广东,湛江,吴川市
广东,湛江,廉江市
广东,珠海,斗门区
广东,肇庆,德庆县
广东,肇庆,高要区
广东,阳江,江城区
广东,韶关,乐昌市
广东,韶关,乳源瑶族自治县
广东,韶关,仁化县
江西,赣州,兴国县
江西,赣州,大余县
江西,上饶,婺源县
江西,南昌,安义县
江西,赣州,安远县
江西,抚州,资溪县
江西,上饶,铅山县
江西,抚州,黎川县
江西,赣州,龙南市
湖南,岳阳,汨罗市
湖南,常德,汉寿县
湖南,张家界,桑植县
湖南,怀化,鹤城区
湖南,永州,冷水滩区
湖南,湘西,吉首市
湖南,益阳,桃江县
湖南,衡阳,常宁市
云南,楚雄,双柏县
云南,昆明,呈贡区
云南,昭通,大关县
云南,楚雄,大姚县
云南,大理,大理市
云南,昆明,寻甸回族彝族自治县
云南,红河,弥勒市
云南,普洱,景东彝族自治县
云南,红河,绿春县
云南,红河,蒙自市
云南,怒江,贡山独龙族怒族自治县
云南,楚雄,牟定县
云南,楚雄,禄丰市
云南,红河,红河县
湖南,衡阳,衡山县
湖南,邵阳,大祥区
湖南,邵阳,武冈市
湖南,郴州,资兴市
湖南,长沙,岳麓区
贵州,黔东南,从江县
贵州,黔西南,兴义市
贵州,铜仁,印江土家族苗族自治县
贵州,黔南,平塘县
贵州,遵义,正安县
贵州,六盘水,钟山区
贵州,遵义,汇川区
贵州,黔南,独山县
贵州,六盘水,盘州市
贵州,安顺,紫云苗族布依族自治县
贵州,黔东南,锦屏县
云南,大理,云龙县
云南,怒江,泸水市
云南,临沧,凤庆县
云南,西双版纳,勐海县
云南,大理,南涧彝族自治县
广西,南宁,邕宁区
广西,来宾,金秀瑶族自治县
广西,柳州,柳城县
广西,柳州,融安县
广西,柳州,鹿寨县
广西,桂林,叠彩区
广西,桂林,永福县
广西,玉林,玉州区
广西,百色,凌云县
广西,百色,平果市
广西,百色,田林县
广西,百色,田阳区
海南,文昌,文昌市
福建,漳州,华安县
江西,宜春,万载县
江西,宜春,丰城市
福建,三明,建宁县
福建,龙岩,永定区
福建,福州,永泰县
福建,龙岩,漳平市
福建,福州,晋安区
福建,漳州,诏安县
福建,龙岩,新罗区
广东,广州,增城区
广东,广州,黄埔区
广东,揭阳,揭西县
广东,梅州,梅县区
广东,潮州,饶平县
广东,珠海,香洲区
广东,肇庆,四会市
广东,韶关,翁源县
云南,迪庆,香格里拉市
