No.,Account,Username,User's Work Unit,Level,Administrative Region,Data Range,Data-Download IP,Login Count,Last Login Time,Last Login IP,Online Sessions,Version
1,liuw,NotShown,NotShown,1,????,??????,NotShown,1701,2026/9/15 15:59,NotShown,4,2.14
2,lchang101,NotShown,NotShown,3,????,????,NotShown,593,2026/9/15 15:54,NotShown,2,2.14
3,sw001,NotShown,NotShown,2,????,????,NotShown,480,2026/9/15 15:48,NotShown,3,2.1
4,hji101,NotShown,NotShown,3,????,????,NotShown,645,2026/9/15 15:47,NotShown,4,2.13
5,xyi101,NotShown,NotShown,3,????,????,NotShown,820,2026/9/15 15:45,NotShown,4,2.13
6,nxiong101,NotShown,NotShown,3,????,????,NotShown,1199,2026/9/15 15:44,NotShown,4,2.14
7,lping101,NotShown,NotShown,3,????,????,NotShown,64,2026/9/15 15:41,NotShown,3,2.14
8,lzhou101,NotShown,NotShown,3,????,????,NotShown,245,2026/9/15 15:41,NotShown,2,2.1
9,lnan101,NotShown,NotShown,3,????,????,NotShown,457,2026/9/15 15:40,NotShown,4,2.03
10,yde101,NotShown,NotShown,3,????,????,NotShown,143,2026/9/15 15:36,NotShown,,2.13
11,xning101,NotShown,NotShown,3,????,????,NotShown,361,2026/9/15 15:31,NotShown,2,2.14
12,bluo101,NotShown,NotShown,3,????,????,NotShown,1747,2026/9/15 15:27,NotShown,1,2.14
13,cz001,NotShown,NotShown,2,????,????,NotShown,399,2026/9/15 15:22,NotShown,4,2.13
14,fs001,NotShown,NotShown,2,????,????,NotShown,2874,2026/9/15 15:17,NotShown,11,2.13
15,dyuan101,NotShown,NotShown,3,????,????,NotShown,699,2026/9/15 15:15,NotShown,9,2.14
16,sg001,NotShown,NotShown,2,????,????,NotShown,2941,2026/9/15 14:56,NotShown,5,2
17,gming101,NotShown,NotShown,3,????,????,NotShown,671,2026/9/15 14:54,NotShown,3,2.13
18,wangms,NotShown,NotShown,1,????,????,NotShown,536,2026/9/15 14:53,NotShown,5,2.14
19,xwen101,NotShown,NotShown,3,????,????,NotShown,431,2026/9/15 14:52,NotShown,2,2.14
20,qy001,NotShown,NotShown,2,????,????,NotShown,1862,2026/9/15 14:44,NotShown,9,2.14
21,yszx,NotShown,NotShown,1,????,????,NotShown,493,2026/9/15 14:44,NotShown,2,2.14
22,lifz,NotShown,NotShown,1,????,????,NotShown,87,2026/9/15 14:30,NotShown,4,2.14
23,zq001,NotShown,NotShown,2,????,????,NotShown,1643,2026/9/15 14:24,NotShown,3,2.13
24,sde101,NotShown,NotShown,3,????,????,NotShown,528,2026/9/15 14:12,NotShown,,2.03
25,dmen101,NotShown,NotShown,3,????,????,NotShown,557,2026/9/15 14:11,NotShown,8,2.14
26,dongsr,NotShown,NotShown,1,????,????,NotShown,259,2026/9/15 12:47,NotShown,,2.01
27,hz001,NotShown,NotShown,2,????,????,NotShown,2014,2026/9/15 11:48,NotShown,5,2.03
28,wchuan101,NotShown,NotShown,3,????,????,NotShown,126,2026/9/15 11:36,NotShown,3,2.14
29,hdong101,NotShown,NotShown,3,????,????,NotShown,815,2026/9/15 11:31,NotShown,,2.13
30,stzx,NotShown,NotShown,1,????,????,NotShown,1617,2026/9/15 11:27,NotShown,4,2.14
31,mz001,NotShown,NotShown,2,????,????,NotShown,1001,2026/9/15 11:17,NotShown,7,2.13
32,eping101,NotShown,NotShown,3,????,????,NotShown,773,2026/9/15 11:17,NotShown,1,2.1
33,cyang101,NotShown,NotShown,3,????,????,NotShown,354,2026/9/15 11:09,NotShown,4,2.14
34,dg001,NotShown,NotShown,2,????,????,NotShown,1736,2026/9/15 11:04,NotShown,6,2.13
35,duyf,NotShown,NotShown,1,????,????,NotShown,203,2026/9/15 10:57,NotShown,,2.14
36,ryuan101,NotShown,NotShown,3,????,????,NotShown,485,2026/9/15 10:42,NotShown,1,2.14
37,xhui101,NotShown,NotShown,3,????,????,NotShown,63,2026/9/15 10:40,NotShown,1,2.13
38,fangqx,NotShown,NotShown,1,????,????,NotShown,233,2026/9/15 10:26,NotShown,2,2.14
39,rhua101,NotShown,NotShown,3,????,????,NotShown,798,2026/9/15 10:14,NotShown,3,2.14
40,hurj,NotShown,NotShown,1,????,????,NotShown,370,2026/9/15 10:09,NotShown,4,2.14
41,pyuan101,NotShown,NotShown,3,????,????,NotShown,540,2026/9/15 10:08,NotShown,1,2.13
42,zs001,NotShown,NotShown,2,????,????,NotShown,1006,2026/9/15 9:49,NotShown,1,2.13
43,hlai101,NotShown,NotShown,3,????,????,NotShown,65,2026/9/15 9:33,NotShown,2,2.13
44,duh,NotShown,NotShown,1,????,????,NotShown,351,2026/9/15 9:29,NotShown,4,2.14
45,jy001,NotShown,NotShown,2,????,????,NotShown,612,2026/9/15 9:22,NotShown,,2.1
46,lhe101,NotShown,NotShown,3,????,????,NotShown,271,2026/9/15 9:18,NotShown,2,2.1
47,jianyt,NotShown,NotShown,1,????,????,NotShown,340,2026/9/15 9:16,NotShown,4,2.14
48,qxin101,NotShown,NotShown,3,????,????,NotShown,91,2026/9/15 9:13,NotShown,1,2.14
49,chenhw,NotShown,NotShown,1,????,????,NotShown,3,2026/9/15 9:13,NotShown,1,2.14
50,lfeng101,NotShown,NotShown,3,????,????,NotShown,391,2026/9/15 8:56,NotShown,1,2.14
51,mm001,NotShown,NotShown,2,????,????,NotShown,1739,2026/9/15 8:55,NotShown,7,2.13
52,hping101,NotShown,NotShown,3,????,????,NotShown,382,2026/9/15 8:52,NotShown,7,2.13
53,wyuan101,NotShown,NotShown,3,????,????,NotShown,347,2026/9/15 8:42,NotShown,2,2.14
54,chai101,NotShown,NotShown,3,????,????,NotShown,23,2026/9/15 8:36,NotShown,,2.14
55,hfeng101,NotShown,NotShown,3,????,????,NotShown,513,2026/9/15 8:13,NotShown,,2.1
56,ljiang101,NotShown,NotShown,3,????,????,NotShown,653,2026/9/15 8:12,NotShown,,2.14
57,whua101,NotShown,NotShown,3,????,????,NotShown,1161,2026/9/15 7:57,NotShown,2,2.14
58,hyang101,NotShown,NotShown,3,????,????,NotShown,1003,2026/9/15 0:19,NotShown,2,2.1
59,gyao101,NotShown,NotShown,3,????,????,NotShown,416,2026/9/14 21:14,NotShown,1,2.14
60,zhangh,NotShown,NotShown,1,????,????,NotShown,24,2026/9/14 18:19,NotShown,3,2.14
61,yf001,NotShown,NotShown,2,????,????,NotShown,21,2026/9/14 17:40,NotShown,,2.13
62,fkai101,NotShown,NotShown,3,????,????,NotShown,219,2026/9/14 17:27,NotShown,,2.1
63,xuyh,NotShown,NotShown,1,????,????,NotShown,325,2026/9/14 17:07,NotShown,1,2.14
64,sshui101,NotShown,NotShown,3,????,????,NotShown,471,2026/9/14 17:04,NotShown,3,2.13
65,chua101,NotShown,NotShown,3,????,????,NotShown,1235,2026/9/14 16:57,NotShown,3,2.14
66,hy001,NotShown,NotShown,2,????,????,NotShown,1458,2026/9/14 16:09,NotShown,2,2.13
67,wangt,NotShown,NotShown,1,????,????,NotShown,257,2026/9/14 15:23,NotShown,3,2.14
68,wangjh,NotShown,NotShown,1,????,????,NotShown,236,2026/9/14 14:37,NotShown,,2.13
69,dbai101,NotShown,NotShown,3,????,????,NotShown,407,2026/9/14 14:31,NotShown,,2.14
70,dqing101,NotShown,NotShown,3,????,????,NotShown,159,2026/9/14 14:27,NotShown,2,2.14
71,rping101,NotShown,NotShown,3,????,????,NotShown,115,2026/9/14 11:44,NotShown,3,2.13
72,pyu101,NotShown,NotShown,3,????,????,NotShown,1668,2026/9/14 11:36,NotShown,2,2.14
73,lmen101,NotShown,NotShown,3,????,????,NotShown,144,2026/9/14 10:56,NotShown,2,2.13
74,byun101,NotShown,NotShown,3,????,????,NotShown,1046,2026/9/14 10:50,NotShown,1,2.14
75,jxi101,NotShown,NotShown,3,????,????,NotShown,210,2026/9/14 10:44,NotShown,1,2.1
76,pning101,NotShown,NotShown,3,????,????,NotShown,303,2026/9/14 10:41,NotShown,,2.03
77,sxing101,NotShown,NotShown,3,????,????,NotShown,519,2026/9/14 10:06,NotShown,4,2.14
78,zhouhy,NotShown,NotShown,1,????,????,NotShown,31,2026/9/14 9:54,NotShown,2,2.14
79,hshan101,NotShown,NotShown,3,????,????,NotShown,403,2026/9/14 9:42,NotShown,,2.02
80,nao101,NotShown,NotShown,3,????,????,NotShown,330,2026/9/14 9:20,NotShown,3,2.1
81,tshan101,NotShown,NotShown,3,????,????,NotShown,525,2026/9/14 9:16,NotShown,,2.13
82,zcheng101,NotShown,NotShown,3,????,????,NotShown,921,2026/9/14 9:14,NotShown,2,2.14
83,lshan101,NotShown,NotShown,3,????,????,NotShown,254,2026/9/14 9:06,NotShown,1,2.1
84,zengxr,NotShown,NotShown,1,????,??????,NotShown,443,2026/9/14 8:59,NotShown,2,2.14
85,yj001,NotShown,NotShown,2,????,????,NotShown,1152,2026/9/14 8:43,NotShown,2,2.13
86,gzhou101,NotShown,NotShown,3,????,????,NotShown,139,2026/9/14 8:37,NotShown,1,2.1
87,dbu101,NotShown,NotShown,3,????,????,NotShown,649,2026/9/13 21:11,NotShown,,2.03
88,jm001,NotShown,NotShown,2,????,????,NotShown,2405,2026/9/13 20:03,NotShown,,2.14
89,zj001,NotShown,NotShown,2,????,????,NotShown,886,2026/9/13 10:12,NotShown,2,2.14
90,yshan101,NotShown,NotShown,3,????,????,NotShown,33,2026/9/12 10:17,NotShown,,2.14
91,huangxx,NotShown,NotShown,1,????,????,NotShown,44,2026/9/11 17:11,NotShown,7,2.14
92,liuy,NotShown,NotShown,1,????,????,NotShown,675,2026/9/11 17:08,NotShown,,2.14
93,lilf,NotShown,NotShown,1,????,????,NotShown,44,2026/9/11 16:52,NotShown,,2.14
94,hdu101,NotShown,NotShown,3,????,????,NotShown,151,2026/9/11 16:32,NotShown,,2.13
95,kping101,NotShown,NotShown,3,????,????,NotShown,196,2026/9/11 15:44,NotShown,,2.13
96,wangb,NotShown,NotShown,1,????,????,NotShown,124,2026/9/11 12:44,NotShown,,2.14
97,qinp,NotShown,NotShown,1,????,????,NotShown,66,2026/9/11 11:38,NotShown,,2.14
98,shui101,NotShown,NotShown,3,????,????,NotShown,269,2026/9/11 8:58,NotShown,1,2.13
99,zjin101,NotShown,NotShown,3,????,????,NotShown,396,2026/9/11 8:13,NotShown,1,2.13
100,nhai101,NotShown,NotShown,3,????,????,NotShown,738,2026/9/10 18:23,NotShown,,2.03
101,gning101,NotShown,NotShown,3,????,????,NotShown,356,2026/9/10 17:39,NotShown,,2.03
102,st001,NotShown,NotShown,2,????,????,NotShown,1088,2026/9/10 17:20,NotShown,1,2.1
103,ychun101,NotShown,NotShown,3,????,????,NotShown,926,2026/9/10 17:00,NotShown,,2.14
104,lizh,NotShown,NotShown,1,????,????,NotShown,769,2026/9/10 16:56,NotShown,,2.14
105,qxt,NotShown,NotShown,1,????,????,NotShown,14,2026/9/10 15:38,NotShown,1,2.14
106,xfeng101,NotShown,NotShown,3,????,????,NotShown,489,2026/9/10 14:37,NotShown,,2.13
107,liuc,NotShown,NotShown,1,????,????,NotShown,511,2026/9/10 11:03,NotShown,,2.14
108,caoxf,NotShown,NotShown,1,????,????,NotShown,68,2026/9/10 10:24,NotShown,2,2.1
109,mxian101,NotShown,NotShown,3,????,????,NotShown,397,2026/9/10 10:23,NotShown,1,2.13
110,zhengj,NotShown,NotShown,1,????,????,NotShown,164,2026/9/9 17:04,NotShown,1,2.14
111,fgang101,NotShown,NotShown,3,????,????,NotShown,297,2026/9/9 15:41,NotShown,,2.13
112,zh001,NotShown,NotShown,2,????,????,NotShown,169,2026/9/9 14:52,NotShown,1,2.14
113,hzhou101,NotShown,NotShown,3,????,????,NotShown,307,2026/9/9 11:00,NotShown,,2.1
114,lchuan101,NotShown,NotShown,3,????,????,NotShown,280,2026/9/8 16:54,NotShown,7,2.03
115,zhanglh,NotShown,NotShown,1,????,????,NotShown,538,2026/9/8 15:51,NotShown,,2.13
116,gz001,NotShown,NotShown,2,????,????,NotShown,75,2026/9/8 10:25,NotShown,,2.03
117,jling101,NotShown,NotShown,3,????,????,NotShown,699,2026/9/8 10:11,NotShown,,2.13
118,fshun101,NotShown,NotShown,3,????,????,NotShown,100,2026/9/7 16:28,NotShown,,2.13
119,qjiang101,NotShown,NotShown,3,????,????,NotShown,619,2026/9/7 15:34,NotShown,1,2.14
120,mjiang101,NotShown,NotShown,3,????,????,NotShown,45,2026/9/7 10:15,NotShown,,2.13
121,zengyb,NotShown,NotShown,1,????,??????,NotShown,124,2026/9/4 16:02,NotShown,,2.14
122,wangzc,NotShown,NotShown,1,????,????,NotShown,27,2026/9/4 9:06,NotShown,,2.14
123,chenzh,NotShown,NotShown,1,????,????,NotShown,42,2026/9/3 22:05,NotShown,,2.14
124,sxi101,NotShown,NotShown,3,????,????,NotShown,46,2026/9/3 10:36,NotShown,,2.13
125,liwy,NotShown,NotShown,1,????,????,NotShown,273,2026/9/3 8:59,NotShown,,2.13
126,liuaj,NotShown,NotShown,1,????,????,NotShown,100,2026/9/3 8:42,NotShown,,2.04
127,leizhou101,NotShown,NotShown,3,????,????,NotShown,142,2026/9/2 16:05,NotShown,,2.14
128,yxi101,NotShown,NotShown,3,????,????,NotShown,96,2026/9/2 15:01,NotShown,,2.13
129,wangh,NotShown,NotShown,1,????,????,NotShown,139,2026/8/31 17:03,NotShown,,2.13
130,chenzj,NotShown,NotShown,1,????,????,NotShown,12,2026/8/26 9:56,NotShown,,2.13
131,hongyy,NotShown,NotShown,1,????,????,NotShown,37,2026/8/23 15:46,NotShown,,2.13
132,huym,NotShown,NotShown,1,????,????,NotShown,59,2026/8/23 11:13,NotShown,,2.03
133,xxing101,NotShown,NotShown,3,????,????,NotShown,17,2026/8/21 17:19,NotShown,,2.1
134,wuhy,NotShown,NotShown,1,????,??????,NotShown,409,2026/8/19 9:44,NotShown,,2.13
135,zhuyy,NotShown,NotShown,1,????,????,NotShown,161,2026/8/18 16:19,NotShown,,2.13
136,liuwq,NotShown,NotShown,1,????,????,NotShown,209,2026/8/11 9:08,NotShown,,2.1
137,xielj,NotShown,NotShown,1,????,????,NotShown,186,2026/8/10 19:04,NotShown,,2.02
138,zhangy,NotShown,NotShown,1,????,????,NotShown,11,2026/8/10 14:26,NotShown,,2.1
139,xum,NotShown,NotShown,1,????,????,NotShown,26,2026/8/8 0:10,NotShown,,2
140,chenhh,NotShown,NotShown,1,????,????,NotShown,172,2026/8/7 8:50,NotShown,,2.1
141,liusm,NotShown,NotShown,1,????,????,NotShown,127,2026/8/6 11:25,NotShown,,2.01
142,zhuangyx,NotShown,NotShown,1,????,????,NotShown,7,2026/7/30 12:31,NotShown,,2.03
143,panggq,NotShown,NotShown,1,????,????,NotShown,35,2026/7/29 21:57,NotShown,,1.21
144,chenxl,NotShown,NotShown,1,????,????,NotShown,7,2026/7/24 10:55,NotShown,,2.02
145,caips,NotShown,NotShown,1,????,????,NotShown,87,2026/7/23 9:30,NotShown,,2
146,yinn,NotShown,NotShown,1,????,????,NotShown,79,2026/7/23 9:28,NotShown,,2
147,zhaoy,NotShown,NotShown,1,????,????,NotShown,67,2026/7/23 9:10,NotShown,,2
148,wangjm,NotShown,NotShown,1,????,????,NotShown,28,2026/7/14 10:26,NotShown,,1.35
149,wenj,NotShown,NotShown,1,????,????,NotShown,11,2026/6/22 10:55,NotShown,,1.4
150,duanhl,NotShown,NotShown,1,????,????,NotShown,30,2026/6/20 7:44,NotShown,,1.41
151,ryzx,NotShown,NotShown,1,????,????,NotShown,7,2026/6/2 17:14,NotShown,,1.41
152,xiaoyk,NotShown,NotShown,1,????,????,NotShown,81,2026/5/12 10:07,NotShown,,1.38
153,liudl,NotShown,NotShown,1,????,????,NotShown,17,2026/5/7 14:08,NotShown,,1.35
154,lwan101,NotShown,NotShown,3,????,????,NotShown,87,2026/4/22 16:45,NotShown,,1.38
155,wxz,NotShown,NotShown,1,????,????,NotShown,45,2026/4/16 0:05,NotShown,,1.35
156,hpu101,NotShown,NotShown,3,????,????,NotShown,6,2025/11/22 14:46,NotShown,,1.34
157,haoqc,NotShown,NotShown,1,????,????,NotShown,130,2025/9/29 14:06,NotShown,,1.16
158,jiangcl,NotShown,NotShown,1,????,????,NotShown,34,2025/9/28 15:32,NotShown,,1.35
159,sz001,NotShown,NotShown,2,????,????,NotShown,8,2025/9/9 14:28,NotShown,,1.38
160,fzzx,NotShown,NotShown,1,????,????,NotShown,33,2024/10/9 10:14,NotShown,,1.24
161,lding101,NotShown,NotShown,3,????,????,NotShown,15,2024/10/9 9:39,NotShown,,1.24
162,hzhu101,NotShown,NotShown,3,????,????,NotShown,13,2024/10/8 11:46,NotShown,,1.31
163,tangls,NotShown,NotShown,1,????,????,NotShown,20,2024/9/10 9:37,NotShown,,1.23
164,chenwc,NotShown,NotShown,1,????,????,NotShown,6,2024/8/20 11:32,NotShown,,1.41
165,ynan101,NotShown,NotShown,3,????,????,NotShown,4,2024/7/22 16:06,NotShown,,1.24
166,nsha101,NotShown,NotShown,3,????,????,NotShown,,,,,2.13
167,rds,NotShown,NotShown,1,????,????,NotShown,,,,,1.35
